datetime,count
2011-01-20 00:00:00,85.83887
2011-01-20 01:00:00,78.33283
2011-01-20 02:00:00,78.33283
2011-01-20 03:00:00,82.66349
2011-01-20 04:00:00,82.66349
2011-01-20 05:00:00,63.57596
2011-01-20 06:00:00,57.82615
2011-01-20 07:00:00,73.08935
2011-01-20 08:00:00,76.20736
2011-01-20 09:00:00,93.93672
2011-01-20 10:00:00,105.58035
2011-01-20 11:00:00,127.90386
2011-01-20 12:00:00,146.99939
2011-01-20 13:00:00,129.05914
2011-01-20 14:00:00,136.33722
2011-01-20 15:00:00,145.20503
2011-01-20 16:00:00,124.12666
2011-01-20 17:00:00,126.84355
2011-01-20 18:00:00,90.15954
2011-01-20 19:00:00,82.72086
2011-01-20 20:00:00,78.355316
2011-01-20 21:00:00,71.072014
2011-01-20 22:00:00,53.097145
2011-01-20 23:00:00,55.43696
2011-01-21 00:00:00,40.545624
2011-01-21 01:00:00,40.545624
2011-01-21 02:00:00,30.79285
2011-01-21 03:00:00,12.548889
2011-01-21 04:00:00,-12.877924
2011-01-21 05:00:00,65.189735
2011-01-21 06:00:00,74.64574
2011-01-21 07:00:00,78.42294
2011-01-21 08:00:00,92.973305
2011-01-21 09:00:00,82.31914
2011-01-21 10:00:00,95.74234
2011-01-21 11:00:00,119.77988
2011-01-21 12:00:00,168.75284
2011-01-21 13:00:00,177.0737
2011-01-21 14:00:00,161.74512
2011-01-21 15:00:00,143.32478
2011-01-21 16:00:00,142.91844
2011-01-21 17:00:00,131.06335
2011-01-21 18:00:00,118.02373
2011-01-21 19:00:00,117.67999
2011-01-21 20:00:00,103.2015
2011-01-21 21:00:00,79.44756
2011-01-21 22:00:00,61.479218
2011-01-21 23:00:00,71.792404
2011-01-22 00:00:00,41.188538
2011-01-22 01:00:00,57.839737
2011-01-22 02:00:00,59.338753
2011-01-22 03:00:00,60.900368
2011-01-22 04:00:00,34.588394
2011-01-22 06:00:00,47.14792
2011-01-22 07:00:00,40.0811
2011-01-22 08:00:00,38.147636
2011-01-22 09:00:00,53.399094
2011-01-22 10:00:00,63.1828
2011-01-22 11:00:00,76.528915
2011-01-22 12:00:00,83.49097
2011-01-22 13:00:00,99.76485
2011-01-22 14:00:00,104.28601
2011-01-22 15:00:00,119.81308
2011-01-22 16:00:00,125.700134
2011-01-22 17:00:00,132.60481
2011-01-22 18:00:00,88.586876
2011-01-22 19:00:00,89.74215
2011-01-22 20:00:00,50.782402
2011-01-22 21:00:00,67.615204
2011-01-22 22:00:00,51.27809
2011-01-22 23:00:00,9.5562
2011-01-23 00:00:00,9.5562
2011-01-23 01:00:00,9.5562
2011-01-23 02:00:00,-9.900412
2011-01-23 03:00:00,-9.900412
2011-01-23 05:00:00,15.495853
2011-01-23 06:00:00,15.495853
2011-01-23 07:00:00,21.093075
2011-01-23 08:00:00,-1.1124582
2011-01-23 09:00:00,36.39392
2011-01-23 10:00:00,73.84815
2011-01-23 11:00:00,82.94869
2011-01-23 12:00:00,110.9398
2011-01-23 13:00:00,113.53245
2011-01-23 14:00:00,137.229
2011-01-23 15:00:00,137.229
2011-01-23 16:00:00,141.7779
2011-01-23 17:00:00,134.90092
2011-01-23 18:00:00,118.43959
2011-01-23 19:00:00,120.001205
2011-01-23 20:00:00,94.40205
2011-01-23 21:00:00,91.284035
2011-01-23 22:00:00,79.428955
2011-01-23 23:00:00,61.837685
2011-01-24 00:00:00,59.860214
2011-01-24 01:00:00,41.92797
2011-01-24 03:00:00,40.772697
2011-01-24 04:00:00,32.42069
2011-01-24 05:00:00,32.42069
2011-01-24 06:00:00,34.359383
2011-01-24 07:00:00,42.443375
2011-01-24 08:00:00,45.14055
2011-01-24 09:00:00,75.28335
2011-01-24 10:00:00,70.9386
2011-01-24 11:00:00,61.46897
2011-01-24 12:00:00,88.48699
2011-01-24 13:00:00,88.472496
2011-01-24 14:00:00,79.31458
2011-01-24 15:00:00,98.56773
2011-01-24 16:00:00,77.60037
2011-01-24 17:00:00,58.44748
2011-01-24 18:00:00,32.129005
2011-01-24 19:00:00,50.08097
2011-01-24 20:00:00,32.129005
2011-01-24 21:00:00,22.607225
2011-01-24 22:00:00,27.419716
2011-01-24 23:00:00,31.645166
2011-01-25 00:00:00,13.698425
2011-01-25 01:00:00,15.980856
2011-01-25 02:00:00,8.885924
2011-01-25 04:00:00,-9.816526
2011-01-25 05:00:00,-12.098965
2011-01-25 06:00:00,-4.0948277
2011-01-25 07:00:00,-6.377268
2011-01-25 08:00:00,3.4012141
2011-01-25 09:00:00,47.3378
2011-01-25 10:00:00,66.04825
2011-01-25 11:00:00,69.08116
2011-01-25 12:00:00,93.22539
2011-01-25 13:00:00,91.2867
2011-01-25 14:00:00,137.84148
2011-01-25 15:00:00,152.74918
2011-01-25 16:00:00,152.74918
2011-01-25 17:00:00,131.90182
2011-01-25 18:00:00,126.06536
2011-01-25 19:00:00,61.129395
2011-01-25 20:00:00,46.751152
2011-01-25 21:00:00,46.751152
2011-01-25 22:00:00,46.77088
2011-01-25 23:00:00,52.710533
2011-01-26 00:00:00,35.88572
2011-01-26 01:00:00,53.81797
2011-01-26 02:00:00,44.943382
2011-01-26 05:00:00,-16.540113
2011-01-26 06:00:00,-16.540113
2011-01-26 07:00:00,-8.819582
2011-01-26 08:00:00,-8.819582
2011-01-26 09:00:00,-8.819582
2011-01-26 10:00:00,-27.913607
2011-01-26 11:00:00,-29.818956
2011-01-26 12:00:00,-29.818956
2011-01-26 13:00:00,-29.818956
2011-01-26 14:00:00,-28.262579
2011-01-26 15:00:00,-27.078035
2011-01-26 16:00:00,-23.879313
2011-01-26 17:00:00,-34.012383
2011-01-27 16:00:00,75.80102
2011-01-27 17:00:00,75.37179
2011-01-27 18:00:00,26.134943
2011-01-27 19:00:00,26.134943
2011-01-27 20:00:00,5.121947
2011-01-27 21:00:00,5.121947
2011-01-27 22:00:00,5.121947
2011-01-27 23:00:00,-13.542845
2011-01-28 00:00:00,11.820074
2011-01-28 01:00:00,11.820074
2011-01-28 02:00:00,13.381688
2011-01-28 03:00:00,14.53697
2011-01-28 05:00:00,-6.476036
2011-01-28 06:00:00,-9.164805
2011-01-28 07:00:00,-31.291754
2011-01-28 08:00:00,-31.291754
2011-01-28 09:00:00,-19.630407
2011-01-28 10:00:00,-18.852215
2011-01-28 11:00:00,-40.220688
2011-01-28 12:00:00,-40.220688
2011-01-28 13:00:00,-40.220688
2011-01-28 14:00:00,13.995752
2011-01-28 15:00:00,-15.981426
2011-01-28 16:00:00,2.1164508
2011-01-28 17:00:00,17.351925
2011-01-28 18:00:00,16.224766
2011-01-28 19:00:00,23.29158
2011-01-28 20:00:00,37.427612
2011-01-28 21:00:00,17.56989
2011-01-28 22:00:00,51.053696
2011-01-28 23:00:00,63.57596
2011-01-29 00:00:00,48.8005
2011-01-29 01:00:00,48.74312
2011-01-29 02:00:00,47.18672
2011-01-29 03:00:00,39.875298
2011-01-29 04:00:00,11.58421
2011-01-29 06:00:00,28.4038
2011-01-29 07:00:00,42.110603
2011-01-29 08:00:00,63.188972
2011-01-29 09:00:00,51.327377
2011-01-29 10:00:00,42.782036
2011-01-29 11:00:00,40.09326
2011-01-29 12:00:00,59.95099
2011-01-29 13:00:00,80.60013
2011-01-29 14:00:00,63.775314
2011-01-29 15:00:00,32.324646
2011-01-29 16:00:00,65.11897
2011-01-29 17:00:00,69.33488
2011-01-29 18:00:00,30.36191
2011-01-29 19:00:00,38.264297
2011-01-29 20:00:00,5.5377927
2011-01-29 21:00:00,5.5377927
2011-01-29 22:00:00,-18.49973
2011-01-29 23:00:00,-18.49973
2011-01-30 00:00:00,-21.994814
2011-01-30 01:00:00,-20.410711
2011-01-30 02:00:00,-14.6609
2011-01-30 03:00:00,-60.095016
2011-01-30 04:00:00,-60.095016
2011-01-30 05:00:00,-38.72654
2011-01-30 07:00:00,-38.72654
2011-01-30 08:00:00,-32.786896
2011-01-30 09:00:00,-8.721249
2011-01-30 10:00:00,-2.9995556
2011-01-30 11:00:00,17.795494
2011-01-30 12:00:00,112.16183
2011-01-30 13:00:00,74.693115
2011-01-30 14:00:00,78.16009
2011-01-30 15:00:00,98.73863
2011-01-30 16:00:00,98.73863
2011-01-30 17:00:00,96.10723
2011-01-30 18:00:00,55.60559
2011-01-30 19:00:00,57.16198
2011-01-30 20:00:00,62.6724
2011-01-30 21:00:00,40.53224
2011-01-30 22:00:00,37.84346
2011-01-30 23:00:00,53.512993
2011-01-31 00:00:00,54.252426
2011-01-31 01:00:00,47.171997
2011-01-31 02:00:00,48.32727
2011-01-31 03:00:00,48.32727
2011-01-31 04:00:00,55.157097
2011-01-31 05:00:00,33.016937
2011-01-31 06:00:00,10.098584
2011-01-31 07:00:00,28.961617
2011-01-31 08:00:00,44.224808
2011-01-31 09:00:00,45.003006
2011-01-31 10:00:00,43.79035
2011-01-31 11:00:00,43.79035
2011-01-31 12:00:00,69.839935
2011-01-31 13:00:00,54.968323
2011-01-31 14:00:00,67.15116
2011-01-31 15:00:00,49.190796
2011-01-31 16:00:00,61.46673
2011-01-31 17:00:00,43.79035
2011-01-31 18:00:00,57.562523
2011-01-31 19:00:00,84.27223
2011-01-31 20:00:00,52.44689
2011-01-31 21:00:00,57.069153
2011-01-31 22:00:00,47.634415
2011-01-31 23:00:00,35.866295
2011-02-20 00:00:00,149.20485
2011-02-20 01:00:00,125.94553
2011-02-20 02:00:00,130.61992
2011-02-20 03:00:00,115.712204
2011-02-20 04:00:00,115.712204
2011-02-20 06:00:00,91.82754
2011-02-20 07:00:00,71.55548
2011-02-20 08:00:00,82.27649
2011-02-20 09:00:00,101.04433
2011-02-20 10:00:00,136.36496
2011-02-20 11:00:00,174.94635
2011-02-20 12:00:00,170.16196
2011-02-20 13:00:00,184.11293
2011-02-20 14:00:00,204.54384
2011-02-20 15:00:00,204.89279
2011-02-20 16:00:00,198.78754
2011-02-20 17:00:00,184.75146
2011-02-20 18:00:00,175.69833
2011-02-20 19:00:00,175.69833
2011-02-20 20:00:00,158.88672
2011-02-20 21:00:00,119.58601
2011-02-20 22:00:00,106.27755
2011-02-20 23:00:00,89.47247
2011-02-21 00:00:00,150.79832
2011-02-21 01:00:00,150.79832
2011-02-21 02:00:00,150.79832
2011-02-21 03:00:00,149.23672
2011-02-21 04:00:00,129.92169
2011-02-21 05:00:00,168.9994
2011-02-21 06:00:00,238.05884
2011-02-21 07:00:00,237.28064
2011-02-21 08:00:00,101.970604
2011-02-21 09:00:00,101.192406
2011-02-21 10:00:00,99.63079
2011-02-21 11:00:00,100.356834
2011-02-21 12:00:00,73.31232
2011-02-21 13:00:00,26.213568
2011-02-21 14:00:00,41.630653
2011-02-21 15:00:00,60.08896
2011-02-21 16:00:00,39.208824
2011-02-21 17:00:00,35.986057
2011-02-21 18:00:00,-17.952013
2011-02-21 19:00:00,-17.952013
2011-02-21 20:00:00,7.8650846
2011-02-21 21:00:00,23.577242
2011-02-21 22:00:00,12.020647
2011-02-21 23:00:00,12.020647
2011-02-22 06:00:00,-27.10694
2011-02-22 07:00:00,-27.10694
2011-02-22 08:00:00,-28.66855
2011-02-22 09:00:00,-8.876198
2011-02-22 10:00:00,5.7105436
2011-02-22 11:00:00,33.765472
2011-02-22 12:00:00,57.43953
2011-02-22 13:00:00,74.24463
2011-02-22 14:00:00,75.80102
2011-02-22 15:00:00,98.64601
2011-02-22 16:00:00,86.455185
2011-02-22 17:00:00,85.299904
2011-02-22 18:00:00,97.104126
2011-02-22 19:00:00,90.63349
2011-02-22 20:00:00,91.788765
2011-02-22 21:00:00,93.34516
2011-02-22 22:00:00,89.81093
2011-02-22 23:00:00,89.81093
2011-02-23 00:00:00,59.602753
2011-02-23 01:00:00,74.50209
2011-02-23 02:00:00,59.253387
2011-02-23 03:00:00,56.56984
2011-02-23 05:00:00,57.69699
2011-02-23 06:00:00,57.69699
2011-02-23 07:00:00,47.04283
2011-02-23 08:00:00,50.08097
2011-02-23 09:00:00,75.33264
2011-02-23 10:00:00,118.50031
2011-02-23 11:00:00,123.858536
2011-02-23 12:00:00,151.39114
2011-02-23 13:00:00,184.23112
2011-02-23 14:00:00,187.67836
2011-02-23 15:00:00,204.86053
2011-02-23 16:00:00,204.42609
2011-02-23 17:00:00,204.86053
2011-02-23 18:00:00,196.0581
2011-02-23 19:00:00,168.53348
2011-02-23 20:00:00,64.703125
2011-02-23 21:00:00,105.550705
2011-02-23 22:00:00,105.550705
2011-02-23 23:00:00,78.866875
2011-02-24 00:00:00,78.866875
2011-02-24 01:00:00,63.603676
2011-02-24 02:00:00,41.398148
2011-02-24 03:00:00,39.45945
2011-02-24 05:00:00,24.196253
2011-02-24 06:00:00,23.069096
2011-02-24 07:00:00,13.911184
2011-02-24 08:00:00,33.04957
2011-02-24 09:00:00,23.348957
2011-02-24 10:00:00,47.828934
2011-02-24 11:00:00,110.19237
2011-02-24 12:00:00,136.55798
2011-02-24 13:00:00,148.90076
2011-02-24 14:00:00,166.86113
2011-02-24 15:00:00,165.26985
2011-02-24 16:00:00,129.6411
2011-02-24 17:00:00,98.51078
2011-02-24 18:00:00,21.216892
2011-02-24 19:00:00,7.279094
2011-02-24 20:00:00,4.457451
2011-02-24 21:00:00,21.216892
2011-02-24 22:00:00,29.09001
2011-02-24 23:00:00,-4.033287
2011-02-25 00:00:00,3.004259
2011-02-25 01:00:00,-24.303865
2011-02-25 02:00:00,-24.303865
2011-02-25 03:00:00,-1.7508469
2011-02-25 05:00:00,-1.7508469
2011-02-25 06:00:00,9.16041
2011-02-25 07:00:00,-14.1467495
2011-02-25 08:00:00,12.971521
2011-02-25 09:00:00,10.397099
2011-02-25 10:00:00,45.767975
2011-02-25 11:00:00,120.71236
2011-02-25 12:00:00,191.01453
2011-02-25 13:00:00,191.01453
2011-02-25 14:00:00,216.73918
2011-02-25 15:00:00,232.0941
2011-02-25 16:00:00,132.57002
2011-02-25 17:00:00,143.1086
2011-02-25 18:00:00,134.12643
2011-02-25 19:00:00,116.8841
2011-02-25 20:00:00,130.36745
2011-02-25 21:00:00,120.25495
2011-02-25 22:00:00,109.104706
2011-02-25 23:00:00,107.141975
2011-02-26 00:00:00,86.8513
2011-02-26 01:00:00,88.03584
2011-02-26 02:00:00,61.011047
2011-02-26 03:00:00,73.09886
2011-02-26 04:00:00,69.95918
2011-02-26 05:00:00,54.253532
2011-02-26 06:00:00,63.585068
2011-02-26 07:00:00,64.01952
2011-02-26 08:00:00,75.27453
2011-02-26 09:00:00,89.019
2011-02-26 10:00:00,124.54251
2011-02-26 11:00:00,132.31766
2011-02-26 12:00:00,144.06448
2011-02-26 13:00:00,159.37334
2011-02-26 14:00:00,177.3173
2011-02-26 15:00:00,172.76193
2011-02-26 16:00:00,148.50644
2011-02-26 17:00:00,158.81963
2011-02-26 18:00:00,142.3503
2011-02-26 19:00:00,126.31541
2011-02-26 20:00:00,98.79601
2011-02-26 21:00:00,66.00168
2011-02-26 22:00:00,33.9189
2011-02-26 23:00:00,32.791733
2011-02-27 00:00:00,-9.589733
2011-02-27 01:00:00,-9.996076
2011-02-27 02:00:00,-8.868916
2011-02-27 03:00:00,-6.930216
2011-02-27 04:00:00,-18.863894
2011-02-27 06:00:00,-13.086365
2011-02-27 07:00:00,-18.863894
2011-02-27 08:00:00,-7.3646803
2011-02-27 09:00:00,-1.2085271
2011-02-27 10:00:00,22.480032
2011-02-27 11:00:00,96.13986
2011-02-27 12:00:00,138.21634
2011-02-27 13:00:00,160.62688
2011-02-27 14:00:00,171.05634
2011-02-27 15:00:00,188.27051
2011-02-27 16:00:00,195.58194
2011-02-27 17:00:00,149.39062
2011-02-27 18:00:00,143.66893
2011-02-27 19:00:00,140.55093
2011-02-27 20:00:00,138.21634
2011-02-27 21:00:00,111.94163
2011-02-27 22:00:00,114.763275
2011-02-27 23:00:00,103.64114
2011-02-28 00:00:00,92.14191
2011-02-28 01:00:00,28.71293
2011-02-28 03:00:00,3.061636
2011-02-28 05:00:00,2.7863042
2011-02-28 06:00:00,-5.158963
2011-02-28 07:00:00,9.720654
2011-02-28 08:00:00,1.3394427
2011-02-28 09:00:00,68.18052
2011-02-28 10:00:00,144.24979
2011-02-28 11:00:00,170.01018
2011-02-28 12:00:00,170.01018
2011-02-28 13:00:00,51.781654
2011-02-28 14:00:00,25.890524
2011-02-28 15:00:00,25.890524
2011-02-28 16:00:00,17.31469
2011-02-28 17:00:00,20.168835
2011-02-28 18:00:00,50.22004
2011-02-28 19:00:00,84.64024
2011-02-28 20:00:00,84.64024
2011-02-28 21:00:00,52.8433
2011-02-28 22:00:00,13.51511
2011-02-28 23:00:00,36.92904
2011-03-20 00:00:00,136.36775
2011-03-20 01:00:00,115.3175
2011-03-20 02:00:00,112.997406
2011-03-20 03:00:00,93.47543
2011-03-20 04:00:00,86.19734
2011-03-20 05:00:00,72.42517
2011-03-20 06:00:00,73.986786
2011-03-20 07:00:00,63.991814
2011-03-20 08:00:00,88.801025
2011-03-20 09:00:00,109.44495
2011-03-20 10:00:00,144.00713
2011-03-20 11:00:00,163.31764
2011-03-20 12:00:00,165.9867
2011-03-20 13:00:00,188.83969
2011-03-20 14:00:00,206.80005
2011-03-20 15:00:00,205.3744
2011-03-20 16:00:00,206.41646
2011-03-20 17:00:00,206.3487
2011-03-20 18:00:00,189.2319
2011-03-20 19:00:00,157.66435
2011-03-20 20:00:00,148.50644
2011-03-20 21:00:00,127.35592
2011-03-20 22:00:00,125.42245
2011-03-20 23:00:00,110.059006
2011-03-21 00:00:00,116.73306
2011-03-21 01:00:00,95.53022
2011-03-21 02:00:00,92.41221
2011-03-21 03:00:00,92.41221
2011-03-21 05:00:00,52.90802
2011-03-21 06:00:00,77.71072
2011-03-21 07:00:00,42.712547
2011-03-21 08:00:00,36.77289
2011-03-21 09:00:00,61.88582
2011-03-21 10:00:00,108.77543
2011-03-21 11:00:00,130.83049
2011-03-21 12:00:00,115.92465
2011-03-21 13:00:00,174.2984
2011-03-21 14:00:00,182.74539
2011-03-21 15:00:00,200.67761
2011-03-21 16:00:00,185.8634
2011-03-21 17:00:00,184.30177
2011-03-21 18:00:00,152.57446
2011-03-21 19:00:00,210.62
2011-03-21 20:00:00,180.9658
2011-03-21 21:00:00,60.693832
2011-03-21 22:00:00,80.57129
2011-03-21 23:00:00,73.55708
2011-03-22 00:00:00,79.009674
2011-03-22 01:00:00,27.78849
2011-03-22 02:00:00,49.51954
2011-03-22 03:00:00,93.16542
2011-03-22 04:00:00,90.23724
2011-03-22 05:00:00,67.69076
2011-03-22 06:00:00,67.987114
2011-03-22 07:00:00,99.713394
2011-03-22 08:00:00,164.79312
2011-03-22 09:00:00,173.36894
2011-03-22 10:00:00,188.47516
2011-03-22 11:00:00,193.25504
2011-03-22 12:00:00,207.28586
2011-03-22 13:00:00,223.30626
2011-03-22 14:00:00,237.92198
2011-03-22 15:00:00,232.46417
2011-03-22 16:00:00,226.22816
2011-03-22 17:00:00,226.22816
2011-03-22 18:00:00,213.623
2011-03-22 19:00:00,186.13535
2011-03-22 20:00:00,191.59317
2011-03-22 21:00:00,181.94716
2011-03-22 22:00:00,162.4533
2011-03-22 23:00:00,162.4533
2011-03-23 00:00:00,107.16229
2011-03-23 01:00:00,81.90412
2011-03-23 02:00:00,81.90412
2011-03-23 03:00:00,77.52087
2011-03-23 05:00:00,45.286957
2011-03-23 06:00:00,43.94184
2011-03-23 07:00:00,18.31981
2011-03-23 08:00:00,39.347305
2011-03-23 09:00:00,56.507866
2011-03-23 10:00:00,63.819283
2011-03-23 11:00:00,45.069008
2011-03-23 12:00:00,42.385437
2011-03-23 13:00:00,47.89064
2011-03-23 14:00:00,50.38958
2011-03-23 15:00:00,81.883766
2011-03-23 16:00:00,105.94941
2011-03-23 17:00:00,105.94941
2011-03-23 18:00:00,89.37981
2011-03-23 19:00:00,89.37981
2011-03-23 20:00:00,67.35441
2011-03-23 21:00:00,8.778045
2011-03-23 22:00:00,19.475079
2011-03-23 23:00:00,30.241997
2011-03-24 00:00:00,18.31981
2011-03-24 01:00:00,-8.770356
2011-03-24 02:00:00,-7.213969
2011-03-24 03:00:00,-16.081778
2011-03-24 04:00:00,-16.081778
2011-03-24 05:00:00,6.848309
2011-03-24 06:00:00,6.848309
2011-03-24 07:00:00,-14.302198
2011-03-24 08:00:00,-18.924446
2011-03-24 09:00:00,1.126616
2011-03-24 10:00:00,-1.9340167
2011-03-24 11:00:00,48.852707
2011-03-24 12:00:00,83.99335
2011-03-24 13:00:00,88.5305
2011-03-24 14:00:00,82.37435
2011-03-24 15:00:00,84.365204
2011-03-24 16:00:00,98.07201
2011-03-24 17:00:00,82.80881
2011-03-24 18:00:00,109.90547
2011-03-24 19:00:00,123.908646
2011-03-24 20:00:00,97.46593
2011-03-24 21:00:00,80.66085
2011-03-24 22:00:00,77.54285
2011-03-24 23:00:00,69.10425
2011-03-25 00:00:00,84.36745
2011-03-25 01:00:00,48.11097
2011-03-25 02:00:00,46.98381
2011-03-25 03:00:00,49.266243
2011-03-25 04:00:00,28.253244
2011-03-25 05:00:00,27.126083
2011-03-25 06:00:00,25.970808
2011-03-25 07:00:00,80.25113
2011-03-25 08:00:00,110.77101
2011-03-25 09:00:00,122.183655
2011-03-25 10:00:00,120.86186
2011-03-25 11:00:00,156.30315
2011-03-25 12:00:00,169.62112
2011-03-25 13:00:00,179.9343
2011-03-25 14:00:00,215.52045
2011-03-25 15:00:00,199.6264
2011-03-25 16:00:00,203.79822
2011-03-25 17:00:00,195.08926
2011-03-25 18:00:00,173.05734
2011-03-25 19:00:00,189.71654
2011-03-25 20:00:00,177.00615
2011-03-25 21:00:00,178.56778
2011-03-25 22:00:00,175.9561
2011-03-25 23:00:00,167.86647
2011-03-26 00:00:00,168.28232
2011-03-26 01:00:00,158.8757
2011-03-26 02:00:00,129.43732
2011-03-26 03:00:00,112.99609
2011-03-26 04:00:00,129.43732
2011-03-26 05:00:00,100.78554
2011-03-26 06:00:00,82.82517
2011-03-26 07:00:00,100.78555
2011-03-26 08:00:00,129.03098
2011-03-26 09:00:00,143.91058
2011-03-26 10:00:00,151.22202
2011-03-26 11:00:00,166.10162
2011-03-26 12:00:00,179.51309
2011-03-26 13:00:00,195.95433
2011-03-26 14:00:00,213.91469
2011-03-26 15:00:00,216.59824
2011-03-26 16:00:00,234.91406
2011-03-26 17:00:00,223.42809
2011-03-26 18:00:00,239.68092
2011-03-26 19:00:00,155.3472
2011-03-26 20:00:00,155.3472
2011-03-26 21:00:00,149.56015
2011-03-26 22:00:00,166.00137
2011-03-26 23:00:00,149.96649
2011-03-27 00:00:00,157.16167
2011-03-27 01:00:00,115.14406
2011-03-27 02:00:00,110.449265
2011-03-27 03:00:00,59.27897
2011-03-27 04:00:00,39.42124
2011-03-27 06:00:00,-4.5218515
2011-03-27 07:00:00,-7.205408
2011-03-27 08:00:00,47.39966
2011-03-27 09:00:00,95.45196
2011-03-27 10:00:00,101.79794
2011-03-27 11:00:00,130.04338
2011-03-27 12:00:00,151.12177
2011-03-27 13:00:00,171.91681
2011-03-27 14:00:00,187.95169
2011-03-27 15:00:00,189.91441
2011-03-27 16:00:00,191.20284
2011-03-27 17:00:00,203.616
2011-03-27 18:00:00,188.67102
2011-03-27 19:00:00,196.33792
2011-03-27 20:00:00,172.20691
2011-03-27 21:00:00,151.22202
2011-03-27 22:00:00,151.22202
2011-03-27 23:00:00,143.6205
2011-03-28 00:00:00,98.15411
2011-03-28 01:00:00,131.73314
2011-03-28 02:00:00,130.17674
2011-03-28 03:00:00,130.17674
2011-03-28 05:00:00,119.041
2011-03-28 06:00:00,146.9492
2011-03-28 07:00:00,161.11598
2011-03-28 08:00:00,153.82617
2011-03-28 09:00:00,171.59277
2011-03-28 10:00:00,175.94661
2011-03-28 11:00:00,192.2876
2011-03-28 12:00:00,201.25739
2011-03-28 13:00:00,223.23018
2011-03-28 14:00:00,229.11751
2011-03-28 15:00:00,226.13025
2011-03-28 16:00:00,231.81467
2011-03-28 17:00:00,231.43759
2011-03-28 18:00:00,235.28815
2011-03-28 19:00:00,222.96136
2011-03-28 20:00:00,231.39995
2011-03-28 21:00:00,236.00897
2011-03-28 22:00:00,223.39581
2011-03-28 23:00:00,211.19177
2011-03-29 00:00:00,190.54785
2011-03-29 01:00:00,171.02586
2011-03-29 02:00:00,171.02586
2011-03-29 03:00:00,171.02586
2011-03-29 04:00:00,124.42693
2011-03-29 05:00:00,151.94633
2011-03-29 06:00:00,142.07559
2011-03-29 07:00:00,140.94844
2011-03-29 08:00:00,164.98596
2011-03-29 09:00:00,203.66083
2011-03-29 10:00:00,216.91345
2011-03-29 11:00:00,235.9516
2011-03-29 12:00:00,226.83656
2011-03-29 13:00:00,225.33234
2011-03-29 14:00:00,232.98749
2011-03-29 15:00:00,249.94452
2011-03-29 16:00:00,255.98444
2011-03-29 17:00:00,266.2779
2011-03-29 18:00:00,245.14589
2011-03-29 19:00:00,234.49825
2011-03-29 20:00:00,245.14589
2011-03-29 21:00:00,174.88434
2011-03-29 22:00:00,153.51585
2011-03-29 23:00:00,130.49724
2011-03-30 00:00:00,129.31268
2011-03-30 01:00:00,178.32056
2011-03-30 02:00:00,129.31268
2011-03-30 03:00:00,153.73381
2011-03-30 04:00:00,129.31268
2011-03-30 05:00:00,123.98414
2011-03-30 06:00:00,146.47977
2011-03-30 07:00:00,167.1289
2011-03-30 08:00:00,153.79118
2011-03-30 09:00:00,164.84647
2011-03-30 10:00:00,167.54362
2011-03-30 11:00:00,169.10002
2011-03-30 12:00:00,168.6708
2011-03-30 13:00:00,177.5386
2011-03-30 14:00:00,177.16153
2011-03-30 15:00:00,49.070656
2011-03-30 16:00:00,32.660187
2011-03-30 17:00:00,5.0754237
2011-03-30 18:00:00,1.126616
2011-03-30 19:00:00,1.126616
2011-03-30 20:00:00,-3.305791
2011-03-30 21:00:00,-7.3119707
2011-03-30 22:00:00,-2.9287148
2011-03-30 23:00:00,-4.0839863
2011-03-31 00:00:00,-2.9287148
2011-03-31 01:00:00,-4.490326
2011-03-31 02:00:00,-4.490326
2011-03-31 03:00:00,-2.9287148
2011-03-31 04:00:00,-1.3723192
2011-03-31 05:00:00,-2.9287148
2011-03-31 06:00:00,-3.305791
2011-03-31 07:00:00,-1.3723192
2011-03-31 08:00:00,-28.68044
2011-03-31 09:00:00,4.3493657
2011-03-31 10:00:00,4.3493657
2011-03-31 11:00:00,11.226343
2011-03-31 12:00:00,11.226343
2011-03-31 13:00:00,36.41914
2011-03-31 14:00:00,36.419136
2011-03-31 15:00:00,36.476517
2011-03-31 16:00:00,32.470337
2011-03-31 17:00:00,32.470337
2011-03-31 18:00:00,30.479486
2011-03-31 19:00:00,30.479486
2011-03-31 20:00:00,11.660797
2011-03-31 21:00:00,3.7303004
2011-03-31 22:00:00,14.344354
2011-03-31 23:00:00,-17.42021
2011-04-20 00:00:00,70.16996
2011-04-20 01:00:00,47.66593
2011-04-20 02:00:00,47.66593
2011-04-20 03:00:00,39.09011
2011-04-20 04:00:00,20.510395
2011-04-20 05:00:00,43.500633
2011-04-20 06:00:00,47.66593
2011-04-20 07:00:00,44.839912
2011-04-20 08:00:00,205.47603
2011-04-20 09:00:00,227.74132
2011-04-20 10:00:00,185.98978
2011-04-20 11:00:00,185.98978
2011-04-20 12:00:00,284.35498
2011-04-20 13:00:00,284.35498
2011-04-20 14:00:00,315.62534
2011-04-20 15:00:00,337.12015
2011-04-20 16:00:00,337.12015
2011-04-20 17:00:00,328.3831
2011-04-20 18:00:00,340.69388
2011-04-20 19:00:00,321.93256
2011-04-20 20:00:00,308.39035
2011-04-20 21:00:00,304.05728
2011-04-20 22:00:00,284.27945
2011-04-20 23:00:00,289.757
2011-04-21 00:00:00,253.64705
2011-04-21 01:00:00,229.05606
2011-04-21 02:00:00,241.03998
2011-04-21 03:00:00,211.93062
2011-04-21 04:00:00,196.27278
2011-04-21 05:00:00,195.97557
2011-04-21 06:00:00,179.60495
2011-04-21 07:00:00,212.66965
2011-04-21 08:00:00,199.34644
2011-04-21 09:00:00,203.31563
2011-04-21 10:00:00,210.43008
2011-04-21 11:00:00,221.44162
2011-04-21 12:00:00,230.0852
2011-04-21 13:00:00,259.67404
2011-04-21 14:00:00,265.46112
2011-04-21 15:00:00,288.0305
2011-04-21 16:00:00,291.01776
2011-04-21 17:00:00,269.03046
2011-04-21 18:00:00,287.47702
2011-04-21 19:00:00,266.84766
2011-04-21 20:00:00,247.223
2011-04-21 21:00:00,192.69635
2011-04-21 22:00:00,214.7175
2011-04-21 23:00:00,194.51082
2011-04-22 00:00:00,121.19512
2011-04-22 01:00:00,147.51361
2011-04-22 02:00:00,149.85341
2011-04-22 03:00:00,149.85341
2011-04-22 04:00:00,143.35352
2011-04-22 05:00:00,140.23552
2011-04-22 06:00:00,143.35352
2011-04-22 07:00:00,149.29317
2011-04-22 08:00:00,147.73157
2011-04-22 09:00:00,127.316635
2011-04-22 10:00:00,127.134766
2011-04-22 11:00:00,115.114075
2011-04-22 12:00:00,81.46968
2011-04-22 13:00:00,51.00866
2011-04-22 14:00:00,49.881493
2011-04-22 15:00:00,51.00866
2011-04-22 16:00:00,47.890648
2011-04-22 17:00:00,24.259466
2011-04-22 18:00:00,24.259466
2011-04-22 19:00:00,24.259466
2011-04-22 20:00:00,42.575294
2011-04-22 21:00:00,19.664928
2011-04-22 22:00:00,-3.2651634
2011-04-22 23:00:00,26.541903
2011-04-23 00:00:00,0.07884836
2011-04-23 01:00:00,0.07884836
2011-04-23 02:00:00,7.145668
2011-04-23 03:00:00,4.811083
2011-04-23 04:00:00,10.12643
2011-04-23 05:00:00,10.12643
2011-04-23 06:00:00,4.2441587
2011-04-23 07:00:00,10.183812
2011-04-23 08:00:00,10.395083
2011-04-23 09:00:00,49.564148
2011-04-23 10:00:00,75.45528
2011-04-23 11:00:00,86.92679
2011-04-23 12:00:00,123.60386
2011-04-23 13:00:00,122.04747
2011-04-23 14:00:00,152.97034
2011-04-23 15:00:00,184.03531
2011-04-23 16:00:00,178.57748
2011-04-23 17:00:00,180.91728
2011-04-23 18:00:00,144.39452
2011-04-23 19:00:00,128.06114
2011-04-23 20:00:00,111.45429
2011-04-23 21:00:00,134.0008
2011-04-23 22:00:00,153.45218
2011-04-23 23:00:00,106.779884
2011-04-24 00:00:00,113.47165
2011-04-24 01:00:00,90.89702
2011-04-24 02:00:00,90.89702
2011-04-24 03:00:00,67.128586
2011-04-24 04:00:00,67.128586
2011-04-24 05:00:00,67.128586
2011-04-24 06:00:00,50.072784
2011-04-24 07:00:00,50.072784
2011-04-24 08:00:00,79.89261
2011-04-24 09:00:00,111.23633
2011-04-24 10:00:00,152.83311
2011-04-24 11:00:00,208.14899
2011-04-24 12:00:00,220.13481
2011-04-24 13:00:00,248.78664
2011-04-24 14:00:00,263.33698
2011-04-24 15:00:00,226.59557
2011-04-24 16:00:00,291.99713
2011-04-24 17:00:00,216.7248
2011-04-24 18:00:00,191.77837
2011-04-24 19:00:00,151.41194
2011-04-24 20:00:00,151.41194
2011-04-24 21:00:00,94.40372
2011-04-24 22:00:00,76.087875
2011-04-24 23:00:00,72.19168
2011-04-25 00:00:00,61.346405
2011-04-25 01:00:00,59.89653
2011-04-25 02:00:00,59.89653
2011-04-25 03:00:00,55.11476
2011-04-25 04:00:00,55.40674
2011-04-25 05:00:00,38.18544
2011-04-25 06:00:00,49.656937
2011-04-25 07:00:00,60.086372
2011-04-25 08:00:00,103.02806
2011-04-25 09:00:00,131.31917
2011-04-25 10:00:00,182.26996
2011-04-25 11:00:00,182.26996
2011-04-25 12:00:00,186.4954
2011-04-25 13:00:00,223.88428
2011-04-25 14:00:00,263.2131
2011-04-25 15:00:00,273.84753
2011-04-25 16:00:00,264.4775
2011-04-25 17:00:00,261.3595
2011-04-25 18:00:00,249.5979
2011-04-25 19:00:00,242.29169
2011-04-25 20:00:00,227.74132
2011-04-25 21:00:00,194.5604
2011-04-25 22:00:00,178.93983
2011-04-25 23:00:00,148.6583
2011-04-26 00:00:00,196.12201
2011-04-26 01:00:00,179.63817
2011-04-26 02:00:00,129.9851
2011-04-26 03:00:00,106.660416
2011-04-26 04:00:00,126.08367
2011-04-26 05:00:00,105.09879
2011-04-26 06:00:00,109.26408
2011-04-26 07:00:00,134.1733
2011-04-26 08:00:00,134.1733
2011-04-26 09:00:00,189.28418
2011-04-26 10:00:00,207.21643
2011-04-26 11:00:00,226.7384
2011-04-26 12:00:00,246.22704
2011-04-26 13:00:00,285.54138
2011-04-26 14:00:00,256.4604
2011-04-26 15:00:00,243.10904
2011-04-26 16:00:00,253.82858
2011-04-26 17:00:00,237.38734
2011-04-26 18:00:00,229.8564
2011-04-26 19:00:00,192.40218
2011-04-26 20:00:00,189.28418
2011-04-26 21:00:00,164.37497
2011-04-26 22:00:00,140.37683
2011-04-26 23:00:00,141.93845
2011-04-27 00:00:00,135.9988
2011-04-27 01:00:00,137.55519
2011-04-27 02:00:00,116.57029
2011-04-27 03:00:00,124.07158
2011-04-27 04:00:00,90.94826
2011-04-27 05:00:00,98.444305
2011-04-27 06:00:00,92.50465
2011-04-27 07:00:00,124.07158
2011-04-27 08:00:00,126.411385
2011-04-27 09:00:00,132.5623
2011-04-27 10:00:00,150.80626
2011-04-27 11:00:00,171.79114
2011-04-27 12:00:00,173.9411
2011-04-27 13:00:00,166.6297
2011-04-27 14:00:00,193.80682
2011-04-27 15:00:00,237.9127
2011-04-27 16:00:00,217.19693
2011-04-27 17:00:00,173.67523
2011-04-27 18:00:00,173.67523
2011-04-27 19:00:00,164.37497
2011-04-27 20:00:00,148.68294
2011-04-27 21:00:00,125.33014
2011-04-27 22:00:00,133.6096
2011-04-27 23:00:00,135.16599
2011-04-28 00:00:00,169.7477
2011-04-28 01:00:00,156.26407
2011-04-28 02:00:00,159.38211
2011-04-28 03:00:00,177.24898
2011-04-28 04:00:00,157.82048
2011-04-28 05:00:00,156.26407
2011-04-28 06:00:00,181.14517
2011-04-28 07:00:00,180.36697
2011-04-28 08:00:00,186.11678
2011-04-28 09:00:00,139.54926
2011-04-28 10:00:00,131.26978
2011-04-28 11:00:00,150.80626
2011-04-28 12:00:00,168.75302
2011-04-28 13:00:00,151.58446
2011-04-28 14:00:00,145.6448
2011-04-28 15:00:00,205.66003
2011-04-28 16:00:00,162.81335
2011-04-28 17:00:00,272.89795
2011-04-28 18:00:00,272.89795
2011-04-28 19:00:00,280.51395
2011-04-28 20:00:00,252.38263
2011-04-28 21:00:00,232.7953
2011-04-28 22:00:00,231.68787
2011-04-28 23:00:00,246.10748
2011-04-29 00:00:00,250.4899
2011-04-29 01:00:00,216.29204
2011-04-29 02:00:00,150.65125
2011-04-29 03:00:00,162.0836
2011-04-29 04:00:00,188.8393
2011-04-29 05:00:00,201.04987
2011-04-29 06:00:00,226.42424
2011-04-29 07:00:00,236.65237
2011-04-29 08:00:00,257.01788
2011-04-29 09:00:00,258.57953
2011-04-29 10:00:00,258.90875
2011-04-29 11:00:00,290.40442
2011-04-29 12:00:00,268.06668
2011-04-29 13:00:00,268.84488
2011-04-29 14:00:00,305.0202
2011-04-29 15:00:00,265.62662
2011-04-29 16:00:00,256.91763
2011-04-29 17:00:00,243.57153
2011-04-29 18:00:00,226.91235
2011-04-29 19:00:00,186.76617
2011-04-29 20:00:00,208.42664
2011-04-29 21:00:00,191.9573
2011-04-29 22:00:00,157.56093
2011-04-29 23:00:00,177.56473
2011-04-30 00:00:00,186.5512
2011-04-30 01:00:00,181.87679
2011-04-30 02:00:00,184.9948
2011-04-30 03:00:00,177.68338
2011-04-30 04:00:00,179.245
2011-04-30 05:00:00,181.88116
2011-04-30 06:00:00,158.4911
2011-04-30 07:00:00,176.15948
2011-04-30 08:00:00,171.47986
2011-04-30 09:00:00,195.22728
2011-04-30 10:00:00,229.62888
2011-04-30 11:00:00,239.89423
2011-04-30 12:00:00,247.20566
2011-04-30 13:00:00,257.43375
2011-04-30 14:00:00,253.53755
2011-04-30 15:00:00,260.68488
2011-04-30 16:00:00,269.5527
2011-04-30 17:00:00,242.36906
2011-04-30 18:00:00,236.64737
2011-04-30 19:00:00,236.64737
2011-04-30 20:00:00,149.95442
2011-04-30 21:00:00,149.95442
2011-04-30 22:00:00,133.13483
2011-04-30 23:00:00,133.13483
2011-05-20 00:00:00,55.24124
2011-05-20 01:00:00,32.245785
2011-05-20 02:00:00,31.203703
2011-05-20 03:00:00,26.524078
2011-05-20 04:00:00,49.51954
2011-05-20 05:00:00,50.297737
2011-05-20 06:00:00,74.335266
2011-05-20 07:00:00,122.50381
2011-05-20 08:00:00,152.90134
2011-05-20 09:00:00,164.59518
2011-05-20 10:00:00,180.9658
2011-05-20 11:00:00,204.86584
2011-05-20 12:00:00,242.953
2011-05-20 13:00:00,250.45427
2011-05-20 14:00:00,246.09137
2011-05-20 15:00:00,239.83496
2011-05-20 16:00:00,247.43652
2011-05-20 17:00:00,234.39754
2011-05-20 18:00:00,232.33893
2011-05-20 19:00:00,181.263
2011-05-20 20:00:00,182.0412
2011-05-20 21:00:00,176.29141
2011-05-20 22:00:00,137.63815
2011-05-20 23:00:00,143.5168
2011-05-21 00:00:00,125.55145
2011-05-21 01:00:00,135.35683
2011-05-21 02:00:00,140.81464
2011-05-21 03:00:00,98.81676
2011-05-21 04:00:00,76.307526
2011-05-21 05:00:00,74.75113
2011-05-21 06:00:00,106.09484
2011-05-21 07:00:00,145.0682
2011-05-21 08:00:00,173.85071
2011-05-21 09:00:00,207.20651
2011-05-21 10:00:00,211.60493
2011-05-21 11:00:00,243.30414
2011-05-21 12:00:00,246.92436
2011-05-21 13:00:00,269.41388
2011-05-21 14:00:00,284.29352
2011-05-21 15:00:00,288.38583
2011-05-21 16:00:00,312.6413
2011-05-21 17:00:00,298.809
2011-05-21 18:00:00,283.92935
2011-05-21 19:00:00,270.40793
2011-05-21 20:00:00,206.14711
2011-05-21 21:00:00,211.60493
2011-05-21 22:00:00,182.99042
2011-05-21 23:00:00,138.94193
2011-05-22 00:00:00,100.84024
2011-05-22 01:00:00,75.21298
2011-05-22 02:00:00,73.6566
2011-05-22 03:00:00,49.59095
2011-05-22 04:00:00,44.133125
2011-05-22 05:00:00,49.59095
2011-05-22 06:00:00,73.6566
2011-05-22 07:00:00,97.72224
2011-05-22 08:00:00,168.44527
2011-05-22 09:00:00,187.18382
2011-05-22 10:00:00,202.4273
2011-05-22 11:00:00,256.31754
2011-05-22 12:00:00,277.16492
2011-05-22 13:00:00,252.34729
2011-05-22 14:00:00,203.73753
2011-05-22 15:00:00,227.86082
2011-05-22 16:00:00,226.10934
2011-05-22 17:00:00,247.225
2011-05-22 18:00:00,225.03915
2011-05-22 19:00:00,223.47757
2011-05-22 20:00:00,203.98894
2011-05-22 21:00:00,175.37439
2011-05-22 22:00:00,131.73502
2011-05-22 23:00:00,131.95297
2011-05-23 00:00:00,110.524124
2011-05-23 01:00:00,103.02806
2011-05-23 02:00:00,118.02539
2011-05-23 03:00:00,93.98787
2011-05-23 04:00:00,79.47238
2011-05-23 05:00:00,79.47238
2011-05-23 06:00:00,61.156548
2011-05-23 07:00:00,90.65189
2011-05-23 08:00:00,114.92882
2011-05-23 09:00:00,116.49043
2011-05-23 10:00:00,188.83522
2011-05-23 11:00:00,214.52785
2011-05-23 12:00:00,214.52785
2011-05-23 13:00:00,272.7961
2011-05-23 14:00:00,264.56686
2011-05-23 15:00:00,260.67062
2011-05-23 16:00:00,252.873
2011-05-23 17:00:00,239.07117
2011-05-23 18:00:00,203.8018
2011-05-23 19:00:00,200.68379
2011-05-23 20:00:00,143.22511
2011-05-23 21:00:00,124.90929
2011-05-23 22:00:00,99.65111
2011-05-23 23:00:00,126.590164
2011-05-24 00:00:00,94.03418
2011-05-24 01:00:00,92.4778
2011-05-24 02:00:00,94.03418
2011-05-24 03:00:00,96.40172
2011-05-24 04:00:00,110.254425
2011-05-24 05:00:00,104.19412
2011-05-24 06:00:00,101.07611
2011-05-24 07:00:00,173.05118
2011-05-24 08:00:00,153.62793
2011-05-24 09:00:00,186.64801
2011-05-24 10:00:00,241.55264
2011-05-24 11:00:00,273.84753
2011-05-24 12:00:00,306.46088
2011-05-24 13:00:00,302.13864
2011-05-24 14:00:00,303.70023
2011-05-24 15:00:00,287.89368
2011-05-24 16:00:00,198.6406
2011-05-24 17:00:00,229.85881
2011-05-24 18:00:00,207.05946
2011-05-24 19:00:00,183.3774
2011-05-24 20:00:00,177.9248
2011-05-24 21:00:00,155.71927
2011-05-24 22:00:00,134.09143
2011-05-24 23:00:00,193.70032
2011-05-25 00:00:00,147.87811
2011-05-25 01:00:00,140.59479
2011-05-25 02:00:00,85.19408
2011-05-25 03:00:00,62.231117
2011-05-25 04:00:00,60.67473
2011-05-25 05:00:00,102.24988
2011-05-25 06:00:00,83.93404
2011-05-25 07:00:00,171.84055
2011-05-25 08:00:00,194.48051
2011-05-25 09:00:00,211.14835
2011-05-25 10:00:00,229.08063
2011-05-25 11:00:00,266.8333
2011-05-25 12:00:00,261.20255
2011-05-25 13:00:00,261.20255
2011-05-25 14:00:00,262.76416
2011-05-25 15:00:00,282.34625
2011-05-25 16:00:00,276.96555
2011-05-25 17:00:00,273.84753
2011-05-25 18:00:00,251.00256
2011-05-25 19:00:00,231.41522
2011-05-25 20:00:00,232.97682
2011-05-25 21:00:00,195.5226
2011-05-25 22:00:00,201.75859
2011-05-25 23:00:00,177.59033
2011-05-26 00:00:00,177.59033
2011-05-26 01:00:00,177.59033
2011-05-26 02:00:00,135.51259
2011-05-26 03:00:00,109.47623
2011-05-26 04:00:00,104.7966
2011-05-26 05:00:00,115.41586
2011-05-26 06:00:00,65.99248
2011-05-26 07:00:00,107.14719
2011-05-26 08:00:00,156.04173
2011-05-26 09:00:00,215.49805
2011-05-26 10:00:00,203.8018
2011-05-26 11:00:00,236.57639
2011-05-26 12:00:00,279.11935
2011-05-26 13:00:00,309.61954
2011-05-26 14:00:00,309.61954
2011-05-26 15:00:00,329.62985
2011-05-26 16:00:00,318.61832
2011-05-26 17:00:00,313.69522
2011-05-26 18:00:00,316.03503
2011-05-26 19:00:00,306.04004
2011-05-26 20:00:00,247.88455
2011-05-26 21:00:00,236.02295
2011-05-26 22:00:00,219.20467
2011-05-26 23:00:00,222.32266
2011-05-27 00:00:00,207.50839
2011-05-27 01:00:00,249.14896
2011-05-27 02:00:00,230.37312
2011-05-27 03:00:00,205.39856
2011-05-27 04:00:00,189.8009
2011-05-27 05:00:00,209.80908
2011-05-27 06:00:00,187.46631
2011-05-27 07:00:00,179.15196
2011-05-27 08:00:00,188.05702
2011-05-27 09:00:00,227.00229
2011-05-27 10:00:00,271.7889
2011-05-27 11:00:00,277.27963
2011-05-27 12:00:00,281.46783
2011-05-27 13:00:00,255.16263
2011-05-27 14:00:00,273.18835
2011-05-27 15:00:00,298.7875
2011-05-27 16:00:00,286.14746
2011-05-27 17:00:00,265.30008
2011-05-27 18:00:00,252.873
2011-05-27 19:00:00,168.97098
2011-05-27 20:00:00,182.4598
2011-05-27 21:00:00,129.76277
2011-05-27 22:00:00,150.85564
2011-05-27 23:00:00,110.33428
2011-05-28 00:00:00,110.75013
2011-05-28 01:00:00,113.86813
2011-05-28 02:00:00,89.80249
2011-05-28 03:00:00,109.67994
2011-05-28 04:00:00,111.23633
2011-05-28 05:00:00,109.67994
2011-05-28 06:00:00,132.24933
2011-05-28 07:00:00,137.97104
2011-05-28 08:00:00,160.11118
2011-05-28 09:00:00,184.2422
2011-05-28 10:00:00,224.30014
2011-05-28 11:00:00,224.30014
2011-05-28 12:00:00,252.97476
2011-05-28 13:00:00,243.453
2011-05-28 14:00:00,257.14008
2011-05-28 15:00:00,266.298
2011-05-28 16:00:00,275.16583
2011-05-28 17:00:00,270.1942
2011-05-28 18:00:00,245.0094
2011-05-28 19:00:00,222.7385
2011-05-28 20:00:00,224.30014
2011-05-28 21:00:00,189.25107
2011-05-28 22:00:00,168.89914
2011-05-28 23:00:00,142.07938
2011-05-29 00:00:00,143.64098
2011-05-29 01:00:00,119.509964
2011-05-29 02:00:00,116.39197
2011-05-29 03:00:00,116.39197
2011-05-29 04:00:00,109.89206
2011-05-29 05:00:00,86.95399
2011-05-29 06:00:00,127.00602
2011-05-29 07:00:00,130.12402
2011-05-29 08:00:00,128.56763
2011-05-29 09:00:00,107.56302
2011-05-29 10:00:00,159.57559
2011-05-29 11:00:00,162.69362
2011-05-29 12:00:00,207.0393
2011-05-29 13:00:00,222.14992
2011-05-29 14:00:00,227.89972
2011-05-29 15:00:00,228.6779
2011-05-29 16:00:00,227.89972
2011-05-29 17:00:00,227.89972
2011-05-29 18:00:00,214.21262
2011-05-29 19:00:00,212.651
2011-05-29 20:00:00,184.27484
2011-05-29 21:00:00,160.51291
2011-05-29 22:00:00,126.36721
2011-05-29 23:00:00,127.92883
2011-05-30 00:00:00,96.023895
2011-05-30 01:00:00,92.90589
2011-05-30 02:00:00,96.023895
2011-05-30 03:00:00,96.023895
2011-05-30 04:00:00,88.745804
2011-05-30 05:00:00,91.567444
2011-05-30 06:00:00,96.510956
2011-05-30 07:00:00,91.83133
2011-05-30 08:00:00,122.547325
2011-05-30 09:00:00,195.87724
2011-05-30 10:00:00,285.39102
2011-05-30 11:00:00,287.0204
2011-05-30 12:00:00,319.2129
2011-05-30 13:00:00,323.34744
2011-05-30 14:00:00,339.6527
2011-05-30 15:00:00,352.90298
2011-05-30 16:00:00,356.32468
2011-05-30 17:00:00,339.51956
2011-05-30 18:00:00,336.40158
2011-05-30 19:00:00,211.81448
2011-05-30 20:00:00,247.23807
2011-05-30 21:00:00,211.8989
2011-05-30 22:00:00,199.77347
2011-05-30 23:00:00,156.1341
2011-05-31 00:00:00,178.40639
2011-05-31 01:00:00,137.88504
2011-05-31 02:00:00,116.62782
2011-05-31 03:00:00,99.61864
2011-05-31 04:00:00,146.20589
2011-05-31 05:00:00,146.20589
2011-05-31 06:00:00,168.4114
2011-05-31 07:00:00,230.3404
2011-05-31 08:00:00,268.98193
2011-05-31 09:00:00,286.9423
2011-05-31 10:00:00,293.88464
2011-05-31 11:00:00,321.5424
2011-05-31 12:00:00,328.5566
2011-05-31 13:00:00,366.01083
2011-05-31 14:00:00,359.2951
2011-05-31 15:00:00,367.87094
2011-05-31 16:00:00,364.44922
2011-05-31 17:00:00,313.44388
2011-05-31 18:00:00,311.88226
2011-05-31 19:00:00,258.2676
2011-05-31 20:00:00,258.2676
2011-05-31 21:00:00,240.33537
2011-05-31 22:00:00,221.24783
2011-05-31 23:00:00,188.40137
2011-06-20 00:00:00,150.1021
2011-06-20 01:00:00,117.89508
2011-06-20 02:00:00,117.89508
2011-06-20 03:00:00,125.09477
2011-06-20 04:00:00,130.97342
2011-06-20 05:00:00,148.94829
2011-06-20 06:00:00,162.73495
2011-06-20 07:00:00,119.58179
2011-06-20 08:00:00,134.84497
2011-06-20 09:00:00,163.03133
2011-06-20 10:00:00,163.03133
2011-06-20 11:00:00,155.23892
2011-06-20 12:00:00,192.70764
2011-06-20 13:00:00,200.45505
2011-06-20 14:00:00,218.3873
2011-06-20 15:00:00,219.94366
2011-06-20 16:00:00,242.13475
2011-06-20 17:00:00,245.76945
2011-06-20 18:00:00,237.65125
2011-06-20 19:00:00,212.41277
2011-06-20 20:00:00,200.20221
2011-06-20 21:00:00,179.15195
2011-06-20 22:00:00,188.20963
2011-06-20 23:00:00,162.81335
2011-06-21 00:00:00,180.49205
2011-06-21 01:00:00,192.37135
2011-06-21 02:00:00,172.86299
2011-06-21 03:00:00,172.86299
2011-06-21 04:00:00,138.54716
2011-06-21 05:00:00,140.10358
2011-06-21 06:00:00,140.10358
2011-06-21 07:00:00,106.25507
2011-06-21 08:00:00,144.26886
2011-06-21 09:00:00,152.06128
2011-06-21 10:00:00,169.95628
2011-06-21 11:00:00,172.4552
2011-06-21 12:00:00,219.9189
2011-06-21 13:00:00,255.81151
2011-06-21 14:00:00,276.86176
2011-06-21 15:00:00,297.571
2011-06-21 16:00:00,306.0096
2011-06-21 17:00:00,278.91946
2011-06-21 18:00:00,264.21002
2011-06-21 19:00:00,244.6932
2011-06-21 20:00:00,258.59824
2011-06-21 21:00:00,231.47028
2011-06-21 22:00:00,201.53769
2011-06-21 23:00:00,216.80087
2011-06-22 00:00:00,189.27477
2011-06-22 01:00:00,186.15677
2011-06-22 02:00:00,179.14255
2011-06-22 03:00:00,186.15677
2011-06-22 04:00:00,153.88438
2011-06-22 05:00:00,135.56857
2011-06-22 06:00:00,163.87935
2011-06-22 07:00:00,196.07988
2011-06-22 08:00:00,226.79587
2011-06-22 09:00:00,214.65067
2011-06-22 10:00:00,248.27536
2011-06-22 11:00:00,243.60095
2011-06-22 12:00:00,311.94928
2011-06-22 13:00:00,328.41342
2011-06-22 14:00:00,337.91226
2011-06-22 15:00:00,329.975
2011-06-22 16:00:00,327.4021
2011-06-22 17:00:00,328.4905
2011-06-22 18:00:00,313.50568
2011-06-22 19:00:00,326.35565
2011-06-22 20:00:00,234.07394
2011-06-22 21:00:00,220.37236
2011-06-22 22:00:00,222.14671
2011-06-22 23:00:00,223.70834
2011-06-23 00:00:00,217.76868
2011-06-23 01:00:00,233.03188
2011-06-23 02:00:00,233.03188
2011-06-23 03:00:00,235.85353
2011-06-23 04:00:00,209.03374
2011-06-23 05:00:00,229.91385
2011-06-23 06:00:00,229.91386
2011-06-23 07:00:00,234.2919
2011-06-23 08:00:00,251.09698
2011-06-23 09:00:00,247.97897
2011-06-23 10:00:00,270.18454
2011-06-23 11:00:00,282.3602
2011-06-23 12:00:00,277.98218
2011-06-23 13:00:00,285.9194
2011-06-23 14:00:00,278.76038
2011-06-23 15:00:00,316.09686
2011-06-23 16:00:00,276.70264
2011-06-23 17:00:00,253.923
2011-06-23 18:00:00,251.10138
2011-06-23 19:00:00,247.98337
2011-06-23 20:00:00,223.0369
2011-06-23 21:00:00,221.47528
2011-06-23 22:00:00,228.97656
2011-06-23 23:00:00,226.1549
2011-06-24 00:00:00,196.2171
2011-06-24 01:00:00,181.031
2011-06-24 02:00:00,181.031
2011-06-24 03:00:00,172.4552
2011-06-24 04:00:00,168.55899
2011-06-24 05:00:00,140.24817
2011-06-24 06:00:00,170.89359
2011-06-24 07:00:00,181.51285
2011-06-24 08:00:00,223.0369
2011-06-24 09:00:00,262.18716
2011-06-24 10:00:00,345.20624
2011-06-24 11:00:00,358.53592
2011-06-24 12:00:00,347.03824
2011-06-24 13:00:00,359.1834
2011-06-24 14:00:00,335.21124
2011-06-24 15:00:00,379.61435
2011-06-24 16:00:00,374.22836
2011-06-24 17:00:00,341.97052
2011-06-24 18:00:00,344.31033
2011-06-24 19:00:00,325.5064
2011-06-24 20:00:00,305.64865
2011-06-24 21:00:00,293.4526
2011-06-24 22:00:00,286.43842
2011-06-24 23:00:00,278.573
2011-06-25 00:00:00,292.76102
2011-06-25 01:00:00,277.8533
2011-06-25 02:00:00,285.34933
2011-06-25 03:00:00,256.5647
2011-06-25 04:00:00,256.5647
2011-06-25 05:00:00,235.51443
2011-06-25 06:00:00,258.12628
2011-06-25 07:00:00,261.2443
2011-06-25 08:00:00,300.10446
2011-06-25 09:00:00,310.73892
2011-06-25 10:00:00,307.6209
2011-06-25 11:00:00,312.3964
2011-06-25 12:00:00,329.04025
2011-06-25 13:00:00,329.04025
2011-06-25 14:00:00,318.82852
2011-06-25 15:00:00,303.2385
2011-06-25 16:00:00,330.6555
2011-06-25 17:00:00,324.09024
2011-06-25 18:00:00,310.73892
2011-06-25 19:00:00,307.41586
2011-06-25 20:00:00,296.98645
2011-06-25 21:00:00,280.55045
2011-06-25 22:00:00,294.3174
2011-06-25 23:00:00,290.80716
2011-06-26 00:00:00,258.643
2011-06-26 01:00:00,264.10086
2011-06-26 02:00:00,250.41376
2011-06-26 03:00:00,223.3236
2011-06-26 04:00:00,222.5454
2011-06-26 05:00:00,217.86578
2011-06-26 06:00:00,217.86578
2011-06-26 07:00:00,228.50021
2011-06-26 08:00:00,244.35413
2011-06-26 09:00:00,261.74652
2011-06-26 10:00:00,298.06186
2011-06-26 11:00:00,304.5029
2011-06-26 12:00:00,322.80423
2011-06-26 13:00:00,314.22842
2011-06-26 14:00:00,321.2426
2011-06-26 15:00:00,314.22842
2011-06-26 16:00:00,322.52863
2011-06-26 17:00:00,321.16208
2011-06-26 18:00:00,316.67856
2011-06-26 19:00:00,305.55792
2011-06-26 20:00:00,298.2517
2011-06-26 21:00:00,279.93588
2011-06-26 22:00:00,277.69632
2011-06-26 23:00:00,273.21802
2011-06-27 00:00:00,219.62038
2011-06-27 01:00:00,184.87009
2011-06-27 02:00:00,190.80974
2011-06-27 03:00:00,190.80974
2011-06-27 04:00:00,161.17354
2011-06-27 05:00:00,166.92336
2011-06-27 06:00:00,186.4317
2011-06-27 07:00:00,210.56271
2011-06-27 08:00:00,205.7305
2011-06-27 09:00:00,279.812
2011-06-27 10:00:00,286.8262
2011-06-27 11:00:00,261.85165
2011-06-27 12:00:00,279.812
2011-06-27 13:00:00,279.29532
2011-06-27 14:00:00,272.2811
2011-06-27 15:00:00,282.48108
2011-06-27 16:00:00,281.99924
2011-06-27 17:00:00,283.55563
2011-06-27 18:00:00,284.5068
2011-06-27 19:00:00,263.82864
2011-06-27 20:00:00,240.00134
2011-06-27 21:00:00,234.54353
2011-06-27 22:00:00,216.61128
2011-06-27 23:00:00,216.61128
2011-06-28 00:00:00,192.09642
2011-06-28 01:00:00,195.59828
2011-06-28 02:00:00,201.53793
2011-06-28 03:00:00,201.53793
2011-06-28 04:00:00,195.59828
2011-06-28 05:00:00,179.14255
2011-06-28 06:00:00,172.4552
2011-06-28 07:00:00,184.00655
2011-06-28 08:00:00,204.6557
2011-06-28 09:00:00,235.02512
2011-06-28 10:00:00,324.89954
2011-06-28 11:00:00,331.23148
2011-06-28 12:00:00,345.59433
2011-06-28 13:00:00,338.81326
2011-06-28 14:00:00,360.50204
2011-06-28 15:00:00,357.96613
2011-06-28 16:00:00,358.7073
2011-06-28 17:00:00,335.91464
2011-06-28 18:00:00,329.75055
2011-06-28 19:00:00,297.48904
2011-06-28 20:00:00,255.17296
2011-06-28 21:00:00,262.04752
2011-06-28 22:00:00,234.87038
2011-06-28 23:00:00,234.0922
2011-06-29 00:00:00,206.83638
2011-06-29 01:00:00,201.67494
2011-06-29 02:00:00,175.57318
2011-06-29 03:00:00,175.27686
2011-06-29 04:00:00,169.33719
2011-06-29 05:00:00,164.0166
2011-06-29 06:00:00,226.45152
2011-06-29 07:00:00,279.8164
2011-06-29 08:00:00,301.25024
2011-06-29 09:00:00,317.34253
2011-06-29 10:00:00,326.7924
2011-06-29 11:00:00,346.51938
2011-06-29 12:00:00,348.0758
2011-06-29 13:00:00,375.65927
2011-06-29 14:00:00,368.63983
2011-06-29 15:00:00,375.85773
2011-06-29 16:00:00,389.10794
2011-06-29 17:00:00,401.31854
2011-06-29 18:00:00,380.2029
2011-06-29 19:00:00,355.09525
2011-06-29 20:00:00,338.5605
2011-06-29 21:00:00,327.08252
2011-06-29 22:00:00,310.64127
2011-06-29 23:00:00,293.90155
2011-06-30 00:00:00,277.43744
2011-06-30 01:00:00,265.24136
2011-06-30 02:00:00,251.5543
2011-06-30 03:00:00,238.23633
2011-06-30 04:00:00,205.95071
2011-06-30 05:00:00,212.18674
2011-06-30 06:00:00,230.70016
2011-06-30 07:00:00,239.77821
2011-06-30 08:00:00,295.46317
2011-06-30 09:00:00,312.20285
2011-06-30 10:00:00,316.36298
2011-06-30 11:00:00,329.98468
2011-06-30 12:00:00,343.4014
2011-06-30 13:00:00,351.06305
2011-06-30 14:00:00,362.89
2011-06-30 15:00:00,380.07867
2011-06-30 16:00:00,380.785
2011-06-30 17:00:00,383.67642
2011-06-30 18:00:00,366.3916
2011-06-30 19:00:00,345.31326
2011-06-30 20:00:00,345.31326
2011-06-30 21:00:00,326.95178
2011-06-30 22:00:00,309.08487
2011-06-30 23:00:00,268.8616
2011-07-20 00:00:00,186.2745
2011-07-20 01:00:00,180.81668
2011-07-20 02:00:00,180.81668
2011-07-20 03:00:00,186.2745
2011-07-20 04:00:00,173.87433
2011-07-20 05:00:00,179.33215
2011-07-20 06:00:00,166.95598
2011-07-20 07:00:00,192.21414
2011-07-20 08:00:00,227.05972
2011-07-20 09:00:00,239.70474
2011-07-20 10:00:00,245.02013
2011-07-20 11:00:00,291.05817
2011-07-20 12:00:00,304.31076
2011-07-20 13:00:00,329.35068
2011-07-20 14:00:00,345.79193
2011-07-20 15:00:00,347.58667
2011-07-20 16:00:00,319.21848
2011-07-20 17:00:00,324.43796
2011-07-20 18:00:00,325.9996
2011-07-20 19:00:00,301.25723
2011-07-20 20:00:00,274.2043
2011-07-20 21:00:00,290.04163
2011-07-20 22:00:00,270.95407
2011-07-20 23:00:00,247.25229
2011-07-21 00:00:00,250.07394
2011-07-21 01:00:00,218.44012
2011-07-21 02:00:00,218.44012
2011-07-21 03:00:00,224.7504
2011-07-21 04:00:00,206.4543
2011-07-21 05:00:00,206.4543
2011-07-21 06:00:00,206.4543
2011-07-21 07:00:00,213.7605
2011-07-21 08:00:00,240.58029
2011-07-21 09:00:00,277.45517
2011-07-21 10:00:00,302.34952
2011-07-21 11:00:00,342.13834
2011-07-21 12:00:00,360.60526
2011-07-21 13:00:00,359.04364
2011-07-21 14:00:00,381.954
2011-07-21 15:00:00,375.85672
2011-07-21 16:00:00,394.15808
2011-07-21 17:00:00,399.84903
2011-07-21 18:00:00,378.0578
2011-07-21 19:00:00,331.72836
2011-07-21 20:00:00,306.40482
2011-07-21 21:00:00,292.71774
2011-07-21 22:00:00,293.29184
2011-07-21 23:00:00,279.0517
2011-07-22 00:00:00,307.6329
2011-07-22 01:00:00,286.37854
2011-07-22 02:00:00,247.31915
2011-07-22 03:00:00,253.72815
2011-07-22 04:00:00,239.45988
2011-07-22 05:00:00,217.25433
2011-07-22 06:00:00,238.68169
2011-07-22 07:00:00,292.86322
2011-07-22 08:00:00,320.88397
2011-07-22 09:00:00,325.2883
2011-07-22 10:00:00,367.28613
2011-07-22 11:00:00,368.70383
2011-07-22 12:00:00,397.91705
2011-07-22 13:00:00,397.27756
2011-07-22 14:00:00,419.1995
2011-07-22 15:00:00,404.29178
2011-07-22 16:00:00,407.25745
2011-07-22 17:00:00,363.62155
2011-07-22 18:00:00,390.224
2011-07-22 19:00:00,369.36362
2011-07-22 20:00:00,319.21848
2011-07-22 21:00:00,308.99042
2011-07-22 22:00:00,342.68777
2011-07-22 23:00:00,296.51074
2011-07-23 00:00:00,309.63937
2011-07-23 01:00:00,323.03445
2011-07-23 02:00:00,317.57666
2011-07-23 03:00:00,272.3211
2011-07-23 04:00:00,263.10434
2011-07-23 05:00:00,272.598
2011-07-23 06:00:00,314.5959
2011-07-23 07:00:00,313.03946
2011-07-23 08:00:00,345.7346
2011-07-23 09:00:00,341.0602
2011-07-23 10:00:00,370.07584
2011-07-23 11:00:00,392.19626
2011-07-23 12:00:00,401.76202
2011-07-23 13:00:00,407.57718
2011-07-23 14:00:00,389.5595
2011-07-23 15:00:00,399.00134
2011-07-23 16:00:00,406.01556
2011-07-23 17:00:00,406.01556
2011-07-23 18:00:00,403.1134
2011-07-23 19:00:00,317.68048
2011-07-23 20:00:00,316.42044
2011-07-23 21:00:00,316.42044
2011-07-23 22:00:00,304.86386
2011-07-23 23:00:00,300.18945
2011-07-24 00:00:00,300.18945
2011-07-24 01:00:00,273.0993
2011-07-24 02:00:00,291.474
2011-07-24 03:00:00,291.474
2011-07-24 04:00:00,273.0993
2011-07-24 05:00:00,272.3211
2011-07-24 06:00:00,297.41364
2011-07-24 07:00:00,301.74585
2011-07-24 08:00:00,324.4512
2011-07-24 09:00:00,329.909
2011-07-24 10:00:00,356.5783
2011-07-24 11:00:00,337.76923
2011-07-24 12:00:00,378.9824
2011-07-24 13:00:00,356.00516
2011-07-24 14:00:00,354.23856
2011-07-24 15:00:00,388.56955
2011-07-24 16:00:00,388.56955
2011-07-24 17:00:00,385.66177
2011-07-24 18:00:00,373.90018
2011-07-24 19:00:00,352.88715
2011-07-24 20:00:00,341.0602
2011-07-24 21:00:00,293.8086
2011-07-24 22:00:00,267.64148
2011-07-24 23:00:00,256.05524
2011-07-25 00:00:00,250.95976
2011-07-25 01:00:00,244.62134
2011-07-25 02:00:00,222.41579
2011-07-25 03:00:00,211.79654
2011-07-25 04:00:00,199.73645
2011-07-25 05:00:00,199.73645
2011-07-25 06:00:00,205.67609
2011-07-25 07:00:00,217.73618
2011-07-25 08:00:00,239.94171
2011-07-25 09:00:00,281.4658
2011-07-25 10:00:00,304.31076
2011-07-25 11:00:00,330.3776
2011-07-25 12:00:00,330.3776
2011-07-25 13:00:00,240.01361
2011-07-25 14:00:00,222.14671
2011-07-25 15:00:00,201.08635
2011-07-25 16:00:00,192.5105
2011-07-25 17:00:00,221.33804
2011-07-25 18:00:00,231.73935
2011-07-25 19:00:00,239.70474
2011-07-25 20:00:00,228.35226
2011-07-25 21:00:00,180.81668
2011-07-25 22:00:00,180.81668
2011-07-25 23:00:00,185.49629
2011-07-26 00:00:00,201.53767
2011-07-26 01:00:00,201.53767
2011-07-26 02:00:00,161.01633
2011-07-26 03:00:00,162.57271
2011-07-26 04:00:00,167.18698
2011-07-26 05:00:00,145.96988
2011-07-26 06:00:00,185.56816
2011-07-26 07:00:00,256.29773
2011-07-26 08:00:00,286.67365
2011-07-26 09:00:00,335.50137
2011-07-26 10:00:00,370.20145
2011-07-26 11:00:00,367.28195
2011-07-26 12:00:00,379.13705
2011-07-26 13:00:00,382.51654
2011-07-26 14:00:00,393.56528
2011-07-26 15:00:00,407.76022
2011-07-26 16:00:00,379.52277
2011-07-26 17:00:00,383.41895
2011-07-26 18:00:00,370.07285
2011-07-26 19:00:00,351.70612
2011-07-26 20:00:00,334.4867
2011-07-26 21:00:00,318.02258
2011-07-26 22:00:00,289.30542
2011-07-26 23:00:00,282.83627
2011-07-27 00:00:00,311.6863
2011-07-27 01:00:00,316.46097
2011-07-27 02:00:00,307.03918
2011-07-27 03:00:00,270.23764
2011-07-27 04:00:00,293.1625
2011-07-27 05:00:00,282.93442
2011-07-27 06:00:00,279.8164
2011-07-27 07:00:00,305.43845
2011-07-27 08:00:00,325.23077
2011-07-27 09:00:00,348.0758
2011-07-27 10:00:00,346.65256
2011-07-27 11:00:00,358.5076
2011-07-27 12:00:00,382.09378
2011-07-27 13:00:00,391.73984
2011-07-27 14:00:00,390.83084
2011-07-27 15:00:00,404.2142
2011-07-27 16:00:00,398.3473
2011-07-27 17:00:00,392.66284
2011-07-27 18:00:00,378.845
2011-07-27 19:00:00,369.29248
2011-07-27 20:00:00,320.23816
2011-07-27 21:00:00,299.12253
2011-07-27 22:00:00,292.1882
2011-07-27 23:00:00,307.50226
2011-07-28 00:00:00,284.29468
2011-07-28 01:00:00,283.0303
2011-07-28 02:00:00,279.33017
2011-07-28 03:00:00,273.87234
2011-07-28 04:00:00,252.21191
2011-07-28 05:00:00,240.00134
2011-07-28 06:00:00,223.95996
2011-07-28 07:00:00,237.85115
2011-07-28 08:00:00,255.81151
2011-07-28 09:00:00,294.453
2011-07-28 10:00:00,317.09305
2011-07-28 11:00:00,334.0303
2011-07-28 12:00:00,337.35336
2011-07-28 13:00:00,357.1457
2011-07-28 14:00:00,351.2584
2011-07-28 15:00:00,349.14307
2011-07-28 16:00:00,352.4713
2011-07-28 17:00:00,334.23535
2011-07-28 18:00:00,330.9123
2011-07-28 19:00:00,314.443
2011-07-28 20:00:00,296.51077
2011-07-28 21:00:00,282.03748
2011-07-28 22:00:00,258.27036
2011-07-28 23:00:00,244.13431
2011-07-29 00:00:00,220.37236
2011-07-29 01:00:00,218.81076
2011-07-29 02:00:00,211.79654
2011-07-29 03:00:00,211.79654
2011-07-29 04:00:00,202.07103
2011-07-29 05:00:00,195.05681
2011-07-29 06:00:00,200.99648
2011-07-29 07:00:00,222.41579
2011-07-29 08:00:00,242.3549
2011-07-29 09:00:00,357.1457
2011-07-29 10:00:00,389.71527
2011-07-29 11:00:00,406.59372
2011-07-29 12:00:00,431.9691
2011-07-29 13:00:00,407.16223
2011-07-29 14:00:00,431.90372
2011-07-29 15:00:00,433.4601
2011-07-29 16:00:00,440.47952
2011-07-29 17:00:00,435.7999
2011-07-29 18:00:00,413.04
2011-07-29 19:00:00,386.59726
2011-07-29 20:00:00,375.11783
2011-07-29 21:00:00,339.80725
2011-07-29 22:00:00,328.01758
2011-07-29 23:00:00,302.62863
2011-07-30 00:00:00,292.8393
2011-07-30 01:00:00,287.3867
2011-07-30 02:00:00,288.1649
2011-07-30 03:00:00,264.1646
2011-07-30 04:00:00,250.47754
2011-07-30 05:00:00,244.50302
2011-07-30 06:00:00,245.28122
2011-07-30 07:00:00,267.77875
2011-07-30 08:00:00,296.43048
2011-07-30 09:00:00,347.23734
2011-07-30 10:00:00,358.22723
2011-07-30 11:00:00,369.50916
2011-07-30 12:00:00,375.91812
2011-07-30 13:00:00,387.97177
2011-07-30 14:00:00,397.9667
2011-07-30 15:00:00,403.12082
2011-07-30 16:00:00,415.76584
2011-07-30 17:00:00,403.42456
2011-07-30 18:00:00,401.15665
2011-07-30 19:00:00,347.2907
2011-07-30 20:00:00,343.54614
2011-07-30 21:00:00,325.3154
2011-07-30 22:00:00,303.04453
2011-07-30 23:00:00,287.3867
2011-07-31 00:00:00,287.3867
2011-07-31 01:00:00,260.26843
2011-07-31 02:00:00,252.33115
2011-07-31 03:00:00,247.65152
2011-07-31 04:00:00,229.69116
2011-07-31 05:00:00,232.74382
2011-07-31 06:00:00,235.44095
2011-07-31 07:00:00,274.81357
2011-07-31 08:00:00,294.4009
2011-07-31 09:00:00,316.7396
2011-07-31 10:00:00,367.95276
2011-07-31 11:00:00,393.85037
2011-07-31 12:00:00,416.03616
2011-07-31 13:00:00,415.9708
2011-07-31 14:00:00,417.53244
2011-07-31 15:00:00,444.33902
2011-07-31 16:00:00,446.61343
2011-07-31 17:00:00,443.43005
2011-07-31 18:00:00,373.19385
2011-07-31 19:00:00,319.8487
2011-07-31 20:00:00,319.8487
2011-07-31 21:00:00,300.32672
2011-07-31 22:00:00,251.031
2011-07-31 23:00:00,259.34534
2011-08-20 00:00:00,127.56554
2011-08-20 01:00:00,152.8237
2011-08-20 02:00:00,172.33208
2011-08-20 03:00:00,172.33208
2011-08-20 04:00:00,133.50519
2011-08-20 05:00:00,147.07391
2011-08-20 06:00:00,160.02777
2011-08-20 07:00:00,152.8237
2011-08-20 08:00:00,211.27733
2011-08-20 09:00:00,234.95938
2011-08-20 10:00:00,259.5701
2011-08-20 11:00:00,262.07764
2011-08-20 12:00:00,274.81357
2011-08-20 13:00:00,289.72128
2011-08-20 14:00:00,326.87183
2011-08-20 15:00:00,340.94247
2011-08-20 16:00:00,331.78458
2011-08-20 17:00:00,326.87183
2011-08-20 18:00:00,291.04456
2011-08-20 19:00:00,265.721
2011-08-20 20:00:00,267.28265
2011-08-20 21:00:00,241.385
2011-08-20 22:00:00,227.83078
2011-08-20 23:00:00,218.77312
2011-08-21 00:00:00,221.89111
2011-08-21 01:00:00,198.19458
2011-08-21 02:00:00,196.63295
2011-08-21 03:00:00,175.98904
2011-08-21 04:00:00,185.98401
2011-08-21 05:00:00,157.29613
2011-08-21 06:00:00,156.51794
2011-08-21 07:00:00,189.88022
2011-08-21 08:00:00,208.18954
2011-08-21 09:00:00,233.44772
2011-08-21 10:00:00,240.7258
2011-08-21 11:00:00,301.60623
2011-08-21 12:00:00,319.53845
2011-08-21 13:00:00,316.55768
2011-08-21 14:00:00,228.64468
2011-08-21 15:00:00,196.04437
2011-08-21 16:00:00,215.06653
2011-08-21 17:00:00,213.50488
2011-08-21 18:00:00,219.7409
2011-08-21 19:00:00,242.9414
2011-08-21 20:00:00,209.74593
2011-08-21 21:00:00,209.74593
2011-08-21 22:00:00,212.5676
2011-08-21 23:00:00,220.33472
2011-08-22 00:00:00,194.66074
2011-08-22 01:00:00,190.7645
2011-08-22 02:00:00,245.94102
2011-08-22 03:00:00,253.43706
2011-08-22 04:00:00,238.95404
2011-08-22 05:00:00,241.78008
2011-08-22 06:00:00,250.87262
2011-08-22 07:00:00,252.43423
2011-08-22 08:00:00,252.43423
2011-08-22 09:00:00,275.6511
2011-08-22 10:00:00,301.25024
2011-08-22 11:00:00,347.80353
2011-08-22 12:00:00,349.3454
2011-08-22 13:00:00,368.5048
2011-08-22 14:00:00,364.60855
2011-08-22 15:00:00,359.929
2011-08-22 16:00:00,364.60855
2011-08-22 17:00:00,370.6485
2011-08-22 18:00:00,364.5577
2011-08-22 19:00:00,351.95255
2011-08-22 20:00:00,327.83606
2011-08-22 21:00:00,314.14896
2011-08-22 22:00:00,319.6068
2011-08-22 23:00:00,306.63254
2011-08-23 00:00:00,295.93274
2011-08-23 01:00:00,254.85829
2011-08-23 02:00:00,239.95059
2011-08-23 03:00:00,244.6302
2011-08-23 04:00:00,220.46193
2011-08-23 05:00:00,222.01831
2011-08-23 06:00:00,209.80777
2011-08-23 07:00:00,277.6169
2011-08-23 08:00:00,271.84824
2011-08-23 09:00:00,293.1171
2011-08-23 10:00:00,315.77225
2011-08-23 11:00:00,330.38797
2011-08-23 12:00:00,314.3466
2011-08-23 13:00:00,348.32025
2011-08-23 14:00:00,347.54202
2011-08-23 15:00:00,342.34567
2011-08-23 16:00:00,343.77133
2011-08-23 17:00:00,342.34567
2011-08-23 18:00:00,340.7841
2011-08-23 19:00:00,280.55545
2011-08-23 20:00:00,271.47742
2011-08-23 21:00:00,244.54008
2011-08-23 22:00:00,251.5543
2011-08-23 23:00:00,235.09856
2011-08-24 00:00:00,251.5543
2011-08-24 01:00:00,235.11832
2011-08-24 02:00:00,193.74016
2011-08-24 03:00:00,193.74016
2011-08-24 04:00:00,171.17078
2011-08-24 05:00:00,171.17078
2011-08-24 06:00:00,165.71294
2011-08-24 07:00:00,222.12955
2011-08-24 08:00:00,210.67747
2011-08-24 09:00:00,218.38998
2011-08-24 10:00:00,270.72385
2011-08-24 11:00:00,289.4624
2011-08-24 12:00:00,293.69308
2011-08-24 13:00:00,321.2125
2011-08-24 14:00:00,321.2125
2011-08-24 15:00:00,322.77408
2011-08-24 16:00:00,313.2752
2011-08-24 17:00:00,310.1572
2011-08-24 18:00:00,292.13144
2011-08-24 19:00:00,292.13144
2011-08-24 20:00:00,277.25183
2011-08-24 21:00:00,265.46213
2011-08-24 22:00:00,253.25159
2011-08-24 23:00:00,232.20132
2011-08-25 00:00:00,216.93813
2011-08-25 01:00:00,236.88095
2011-08-25 02:00:00,236.88095
2011-08-25 03:00:00,212.74994
2011-08-25 04:00:00,199.41223
2011-08-25 05:00:00,185.70543
2011-08-25 06:00:00,181.031
2011-08-25 07:00:00,209.1762
2011-08-25 08:00:00,232.87274
2011-08-25 09:00:00,250.805
2011-08-25 10:00:00,268.76535
2011-08-25 11:00:00,207.95917
2011-08-25 12:00:00,207.95917
2011-08-25 13:00:00,201.53767
2011-08-25 14:00:00,227.27768
2011-08-25 15:00:00,240.96477
2011-08-25 16:00:00,195.05681
2011-08-25 17:00:00,195.05681
2011-08-25 18:00:00,208.01067
2011-08-25 19:00:00,202.23386
2011-08-25 20:00:00,192.10081
2011-08-25 21:00:00,188.20459
2011-08-25 22:00:00,152.40787
2011-08-25 23:00:00,157.0875
2011-08-26 00:00:00,159.42209
2011-08-26 01:00:00,152.40787
2011-08-26 02:00:00,139.88562
2011-08-26 03:00:00,132.60751
2011-08-26 04:00:00,132.87138
2011-08-26 05:00:00,138.81105
2011-08-26 06:00:00,132.87138
2011-08-26 07:00:00,153.88438
2011-08-26 08:00:00,169.33719
2011-08-26 09:00:00,211.34308
2011-08-26 10:00:00,251.91531
2011-08-26 11:00:00,271.10757
2011-08-26 12:00:00,268.62814
2011-08-26 13:00:00,295.7183
2011-08-26 14:00:00,294.31577
2011-08-26 15:00:00,310.38766
2011-08-26 16:00:00,280.62073
2011-08-26 17:00:00,240.30997
2011-08-26 18:00:00,240.01361
2011-08-26 19:00:00,211.53267
2011-08-26 20:00:00,210.75446
2011-08-26 21:00:00,214.65067
2011-08-26 22:00:00,211.53264
2011-08-26 23:00:00,185.49629
2011-08-27 00:00:00,186.69034
2011-08-27 01:00:00,189.80835
2011-08-27 02:00:00,191.36473
2011-08-27 03:00:00,198.86601
2011-08-27 04:00:00,198.86601
2011-08-27 05:00:00,202.76222
2011-08-27 06:00:00,202.76222
2011-08-27 07:00:00,205.88023
2011-08-27 08:00:00,200.4224
2011-08-27 09:00:00,208.99823
2011-08-27 10:00:00,226.60124
2011-08-27 11:00:00,175.41145
2011-08-27 12:00:00,201.89679
2011-08-27 13:00:00,196.44418
2011-08-27 14:00:00,176.70396
2011-08-27 15:00:00,176.70396
2011-08-27 16:00:00,175.14758
2011-08-27 17:00:00,191.51582
2011-08-28 07:00:00,183.41107
2011-08-28 08:00:00,186.52907
2011-08-28 09:00:00,217.8402
2011-08-28 10:00:00,279.1282
2011-08-28 11:00:00,276.5975
2011-08-28 12:00:00,305.19232
2011-08-28 13:00:00,327.66824
2011-08-28 14:00:00,342.6413
2011-08-28 15:00:00,339.52332
2011-08-28 16:00:00,368.17508
2011-08-28 17:00:00,339.81342
2011-08-28 18:00:00,324.09024
2011-08-28 19:00:00,298.06186
2011-08-28 20:00:00,302.9465
2011-08-28 21:00:00,242.71265
2011-08-28 22:00:00,211.01346
2011-08-28 23:00:00,193.0531
2011-08-29 00:00:00,192.63725
2011-08-29 01:00:00,203.37128
2011-08-29 02:00:00,208.04565
2011-08-29 03:00:00,203.37128
2011-08-29 04:00:00,187.99036
2011-08-29 05:00:00,172.72714
2011-08-29 06:00:00,172.72714
2011-08-29 07:00:00,241.35432
2011-08-29 08:00:00,257.7903
2011-08-29 09:00:00,270.0009
2011-08-29 10:00:00,289.71335
2011-08-29 11:00:00,286.59537
2011-08-29 12:00:00,307.44275
2011-08-29 13:00:00,315.6066
2011-08-29 14:00:00,300.50906
2011-08-29 15:00:00,309.08487
2011-08-29 16:00:00,314.80658
2011-08-29 17:00:00,302.87936
2011-08-29 18:00:00,291.26974
2011-08-29 19:00:00,291.26974
2011-08-29 20:00:00,266.803
2011-08-29 21:00:00,268.3594
2011-08-29 22:00:00,251.5543
2011-08-29 23:00:00,234.3401
2011-08-30 00:00:00,172.72714
2011-08-30 01:00:00,186.43394
2011-08-30 02:00:00,165.44907
2011-08-30 03:00:00,170.12347
2011-08-30 04:00:00,150.60672
2011-08-30 05:00:00,146.71051
2011-08-30 06:00:00,165.44907
2011-08-30 07:00:00,187.99036
2011-08-30 08:00:00,251.5543
2011-08-30 09:00:00,280.55545
2011-08-30 10:00:00,321.3608
2011-08-30 11:00:00,331.6262
2011-08-30 12:00:00,321.49396
2011-08-30 13:00:00,334.53357
2011-08-30 14:00:00,343.75687
2011-08-30 15:00:00,340.7696
2011-08-30 16:00:00,331.5463
2011-08-30 17:00:00,316.36298
2011-08-30 18:00:00,299.92697
2011-08-30 19:00:00,273.54123
2011-08-30 20:00:00,268.8616
2011-08-30 21:00:00,222.02997
2011-08-30 22:00:00,228.08438
2011-08-30 23:00:00,228.08438
2011-08-31 00:00:00,197.91345
2011-08-31 01:00:00,197.91345
2011-08-31 02:00:00,165.71294
2011-08-31 03:00:00,150.44974
2011-08-31 04:00:00,165.71294
2011-08-31 05:00:00,134.14447
2011-08-31 06:00:00,147.78069
2011-08-31 07:00:00,166.19453
2011-08-31 08:00:00,203.66327
2011-08-31 09:00:00,209.81941
2011-08-31 10:00:00,296.80893
2011-08-31 11:00:00,313.24496
2011-08-31 12:00:00,315.9421
2011-08-31 13:00:00,328.42828
2011-08-31 14:00:00,320.82675
2011-08-31 15:00:00,320.82675
2011-08-31 16:00:00,318.99475
2011-08-31 17:00:00,304.08704
2011-08-31 18:00:00,288.9743
2011-08-31 19:00:00,347.15073
2011-08-31 20:00:00,254.50735
2011-08-31 21:00:00,239.9622
2011-08-31 22:00:00,205.13977
2011-08-31 23:00:00,171.65234
2011-09-20 00:00:00,180.22842
2011-09-20 01:00:00,128.71715
2011-09-20 02:00:00,128.71715
2011-09-20 03:00:00,147.09836
2011-09-20 04:00:00,124.33389
2011-09-20 05:00:00,130.27354
2011-09-20 06:00:00,130.27354
2011-09-20 07:00:00,128.71715
2011-09-20 08:00:00,121.01538
2011-09-20 09:00:00,119.45898
2011-09-20 10:00:00,140.3785
2011-09-20 11:00:00,140.3785
2011-09-20 12:00:00,116.12302
2011-09-20 13:00:00,114.561386
2011-09-20 14:00:00,141.74504
2011-09-20 15:00:00,183.31369
2011-09-20 16:00:00,161.17354
2011-09-20 17:00:00,152.11589
2011-09-20 18:00:00,152.11589
2011-09-20 19:00:00,125.67317
2011-09-20 20:00:00,101.60753
2011-09-20 21:00:00,101.60753
2011-09-20 22:00:00,101.60753
2011-09-20 23:00:00,101.60753
2011-09-21 00:00:00,77.56999
2011-09-21 01:00:00,95.88583
2011-09-21 02:00:00,95.88583
2011-09-21 03:00:00,106.50511
2011-09-21 04:00:00,90.52387
2011-09-21 05:00:00,92.08549
2011-09-21 06:00:00,93.64188
2011-09-21 07:00:00,93.64188
2011-09-21 08:00:00,88.96748
2011-09-21 09:00:00,93.91097
2011-09-21 10:00:00,133.08936
2011-09-21 11:00:00,166.92336
2011-09-21 12:00:00,184.01202
2011-09-21 13:00:00,210.11375
2011-09-21 14:00:00,211.67015
2011-09-21 15:00:00,206.99573
2011-09-21 16:00:00,206.99573
2011-09-21 17:00:00,216.0534
2011-09-21 18:00:00,174.33951
2011-09-21 19:00:00,122.18968
2011-09-21 20:00:00,122.18968
2011-09-21 21:00:00,88.34557
2011-09-21 22:00:00,116.25004
2011-09-21 23:00:00,105.773224
2011-09-22 00:00:00,105.773224
2011-09-22 01:00:00,110.93469
2011-09-22 02:00:00,111.7129
2011-09-22 03:00:00,110.93469
2011-09-22 04:00:00,110.93469
2011-09-22 05:00:00,111.7129
2011-09-22 06:00:00,90.68016
2011-09-22 07:00:00,89.123764
2011-09-22 08:00:00,92.241776
2011-09-22 09:00:00,126.38226
2011-09-22 10:00:00,153.20204
2011-09-22 11:00:00,151.64044
2011-09-22 12:00:00,178.39484
2011-09-22 13:00:00,179.95123
2011-09-22 14:00:00,181.51285
2011-09-22 15:00:00,200.60037
2011-09-22 16:00:00,214.30196
2011-09-22 17:00:00,189.76183
2011-09-22 18:00:00,165.28186
2011-09-22 19:00:00,146.18784
2011-09-22 20:00:00,123.26425
2011-09-22 21:00:00,146.18784
2011-09-22 22:00:00,94.09538
2011-09-22 23:00:00,116.25004
2011-09-23 00:00:00,143.28276
2011-09-23 01:00:00,106.01904
2011-09-23 02:00:00,111.47687
2011-09-23 03:00:00,106.01904
2011-09-23 04:00:00,111.95871
2011-09-23 05:00:00,138.60313
2011-09-23 06:00:00,143.28276
2011-09-23 07:00:00,151.557
2011-09-23 08:00:00,151.557
2011-09-23 09:00:00,124.722725
2011-09-23 10:00:00,123.16633
2011-09-23 11:00:00,123.16633
2011-09-23 12:00:00,150.00061
2011-09-23 13:00:00,116.638336
2011-09-23 14:00:00,116.638336
2011-09-23 15:00:00,150.00063
2011-09-23 16:00:00,144.54279
2011-09-23 17:00:00,106.01904
2011-09-23 18:00:00,100.07939
2011-09-23 19:00:00,139.67769
2011-09-23 20:00:00,122.668495
2011-09-23 21:00:00,108.65523
2011-09-23 22:00:00,131.24434
2011-09-23 23:00:00,124.348465
2011-09-24 00:00:00,116.49007
2011-09-24 01:00:00,140.74556
2011-09-24 02:00:00,140.74556
2011-09-24 03:00:00,130.12628
2011-09-24 04:00:00,129.83429
2011-09-24 05:00:00,135.77394
2011-09-24 06:00:00,135.77394
2011-09-24 07:00:00,154.08977
2011-09-24 08:00:00,152.95612
2011-09-24 09:00:00,160.53792
2011-09-24 10:00:00,160.53792
2011-09-24 11:00:00,185.79608
2011-09-24 12:00:00,185.79608
2011-09-24 13:00:00,196.16168
2011-09-24 14:00:00,231.32109
2011-09-24 15:00:00,231.32109
2011-09-24 16:00:00,206.78096
2011-09-24 17:00:00,223.82507
2011-09-24 18:00:00,201.61952
2011-09-24 19:00:00,155.64032
2011-09-24 20:00:00,175.1768
2011-09-24 21:00:00,179.85643
2011-09-24 22:00:00,161.57999
2011-09-24 23:00:00,160.53792
2011-09-25 00:00:00,155.85829
2011-09-25 01:00:00,161.3161
2011-09-25 02:00:00,134.96365
2011-09-25 03:00:00,134.96365
2011-09-25 04:00:00,141.97787
2011-09-25 05:00:00,154.59827
2011-09-25 06:00:00,161.3161
2011-09-25 07:00:00,136.03822
2011-09-25 08:00:00,161.57999
2011-09-25 09:00:00,182.59299
2011-09-25 10:00:00,182.59299
2011-09-25 11:00:00,214.86534
2011-09-25 12:00:00,207.85117
2011-09-25 13:00:00,230.05669
2011-09-25 14:00:00,207.85117
2011-09-25 15:00:00,207.85117
2011-09-25 16:00:00,242.04929
2011-09-25 17:00:00,224.11703
2011-09-25 18:00:00,224.11703
2011-09-25 19:00:00,183.66754
2011-09-25 20:00:00,181.33296
2011-09-25 21:00:00,137.75896
2011-09-25 22:00:00,160.31998
2011-09-25 23:00:00,144.47679
2011-09-26 00:00:00,138.60313
2011-09-26 01:00:00,166.62196
2011-09-26 02:00:00,166.62196
2011-09-26 03:00:00,138.60313
2011-09-26 04:00:00,143.28276
2011-09-26 05:00:00,161.16414
2011-09-26 06:00:00,143.28276
2011-09-26 07:00:00,138.60313
2011-09-26 08:00:00,138.60313
2011-09-26 09:00:00,173.99353
2011-09-26 10:00:00,173.99353
2011-09-26 11:00:00,220.1318
2011-09-26 12:00:00,222.95348
2011-09-26 13:00:00,248.21165
2011-09-26 14:00:00,250.20927
2011-09-26 15:00:00,283.06375
2011-09-26 16:00:00,265.47244
2011-09-26 17:00:00,248.64764
2011-09-26 18:00:00,191.69028
2011-09-26 19:00:00,193.96472
2011-09-26 20:00:00,164.93588
2011-09-26 21:00:00,164.93588
2011-09-26 22:00:00,139.67769
2011-09-26 23:00:00,139.67769
2011-09-27 00:00:00,139.67769
2011-09-27 01:00:00,141.2393
2011-09-27 02:00:00,138.1213
2011-09-27 03:00:00,138.60313
2011-09-27 04:00:00,149.22241
2011-09-27 05:00:00,149.22241
2011-09-27 06:00:00,144.06094
2011-09-27 07:00:00,144.06094
2011-09-27 08:00:00,169.31914
2011-09-27 09:00:00,179.93318
2011-09-27 10:00:00,158.84032
2011-09-27 11:00:00,175.04082
2011-09-27 12:00:00,176.5972
2011-09-27 13:00:00,251.32965
2011-09-27 14:00:00,219.83548
2011-09-27 15:00:00,206.84671
2011-09-27 16:00:00,202.30432
2011-09-27 17:00:00,179.71523
2011-09-27 18:00:00,175.55515
2011-09-27 19:00:00,170.87552
2011-09-27 20:00:00,194.2693
2011-09-27 21:00:00,169.01117
2011-09-27 22:00:00,154.1824
2011-09-27 23:00:00,154.1824
2011-09-28 00:00:00,149.50278
2011-09-28 01:00:00,149.50278
2011-09-28 02:00:00,162.753
2011-09-28 03:00:00,133.28778
2011-09-28 04:00:00,149.50278
2011-09-28 05:00:00,128.60815
2011-09-28 06:00:00,143.12366
2011-09-28 07:00:00,143.12366
2011-09-28 08:00:00,156.23663
2011-09-28 09:00:00,156.23663
2011-09-28 10:00:00,138.60313
2011-09-28 11:00:00,197.62993
2011-09-28 12:00:00,214.37766
2011-09-28 13:00:00,246.9464
2011-09-28 14:00:00,289.29974
2011-09-28 15:00:00,248.64764
2011-09-28 16:00:00,251.76566
2011-09-28 17:00:00,253.32727
2011-09-28 18:00:00,211.36201
2011-09-28 19:00:00,211.36198
2011-09-28 20:00:00,196.48048
2011-09-28 21:00:00,174.63232
2011-09-28 22:00:00,154.1824
2011-09-28 23:00:00,129.68272
2011-09-29 00:00:00,132.80072
2011-09-29 01:00:00,116.15127
2011-09-29 02:00:00,116.15127
2011-09-29 03:00:00,138.74039
2011-09-29 04:00:00,165.57468
2011-09-29 05:00:00,160.90027
2011-09-29 06:00:00,160.12207
2011-09-29 07:00:00,156.517
2011-09-29 08:00:00,169.01117
2011-09-29 09:00:00,207.51953
2011-09-29 10:00:00,249.83566
2011-09-29 11:00:00,260.56964
2011-09-29 12:00:00,266.21152
2011-09-29 13:00:00,266.29135
2011-09-29 14:00:00,309.50192
2011-09-29 15:00:00,332.49738
2011-09-29 16:00:00,343.1463
2011-09-29 17:00:00,315.96268
2011-09-29 18:00:00,328.9058
2011-09-29 19:00:00,292.94125
2011-09-29 20:00:00,282.30685
2011-09-29 21:00:00,245.7107
2011-09-29 22:00:00,203.32922
2011-09-29 23:00:00,169.84181
2011-09-30 00:00:00,151.52597
2011-09-30 01:00:00,169.0636
2011-09-30 02:00:00,151.52597
2011-09-30 03:00:00,151.52597
2011-09-30 04:00:00,156.20038
2011-09-30 05:00:00,156.20036
2011-09-30 06:00:00,157.762
2011-09-30 07:00:00,157.762
2011-09-30 08:00:00,177.148
2011-09-30 09:00:00,198.19824
2011-09-30 10:00:00,239.80301
2011-09-30 11:00:00,273.04935
2011-09-30 12:00:00,284.4416
2011-09-30 13:00:00,323.46396
2011-09-30 14:00:00,320.42578
2011-09-30 15:00:00,304.55002
2011-09-30 16:00:00,290.79758
2011-09-30 17:00:00,289.23596
2011-09-30 18:00:00,285.78723
2011-09-30 19:00:00,261.2616
2011-09-30 20:00:00,261.2616
2011-09-30 21:00:00,241.67426
2011-09-30 22:00:00,248.69368
2011-09-30 23:00:00,248.69368
2011-10-20 00:00:00,139.55066
2011-10-20 01:00:00,160.9845
2011-10-20 02:00:00,165.66411
2011-10-20 03:00:00,167.53685
2011-10-20 04:00:00,167.53685
2011-10-20 05:00:00,156.35733
2011-10-20 06:00:00,148.00383
2011-10-20 07:00:00,159.07883
2011-10-20 08:00:00,199.25122
2011-10-20 09:00:00,202.36925
2011-10-20 10:00:00,225.49783
2011-10-20 11:00:00,247.3544
2011-10-20 12:00:00,268.7229
2011-10-20 13:00:00,286.7205
2011-10-20 14:00:00,276.21893
2011-10-20 15:00:00,261.6084
2011-10-20 16:00:00,261.6084
2011-10-20 17:00:00,267.64835
2011-10-20 18:00:00,248.061
2011-10-20 19:00:00,245.23933
2011-10-20 20:00:00,249.62259
2011-10-20 21:00:00,236.39961
2011-10-20 22:00:00,237.96123
2011-10-20 23:00:00,206.94153
2011-10-21 00:00:00,189.00926
2011-10-21 01:00:00,187.45288
2011-10-21 02:00:00,166.37451
2011-10-21 03:00:00,135.30957
2011-10-21 04:00:00,136.87117
2011-10-21 05:00:00,117.414566
2011-10-21 06:00:00,136.87117
2011-10-21 07:00:00,136.87117
2011-10-21 08:00:00,185.89127
2011-10-21 09:00:00,206.64516
2011-10-21 10:00:00,235.10712
2011-10-21 11:00:00,268.01245
2011-10-21 12:00:00,271.90866
2011-10-21 13:00:00,258.59064
2011-10-21 14:00:00,286.81638
2011-10-21 15:00:00,271.13046
2011-10-21 16:00:00,269.56882
2011-10-21 17:00:00,245.72116
2011-10-21 18:00:00,230.84155
2011-10-21 19:00:00,237.86098
2011-10-21 20:00:00,229.28514
2011-10-21 21:00:00,202.26712
2011-10-21 22:00:00,214.47768
2011-10-21 23:00:00,187.45288
2011-10-22 00:00:00,186.30713
2011-10-22 01:00:00,186.30713
2011-10-22 02:00:00,189.42514
2011-10-22 03:00:00,183.18912
2011-10-22 04:00:00,162.89417
2011-10-22 05:00:00,158.21454
2011-10-22 06:00:00,137.22966
2011-10-22 07:00:00,123.151
2011-10-22 08:00:00,148.70114
2011-10-22 09:00:00,171.31302
2011-10-22 10:00:00,199.04388
2011-10-22 11:00:00,199.04388
2011-10-22 12:00:00,219.4162
2011-10-22 13:00:00,256.73447
2011-10-22 14:00:00,259.48834
2011-10-22 15:00:00,244.39078
2011-10-22 16:00:00,266.86667
2011-10-22 17:00:00,221.7508
2011-10-22 18:00:00,216.74715
2011-10-22 19:00:00,172.38321
2011-10-22 20:00:00,166.63339
2011-10-22 21:00:00,133.43796
2011-10-22 22:00:00,133.43796
2011-10-22 23:00:00,109.372314
2011-10-23 00:00:00,88.387436
2011-10-23 01:00:00,88.387436
2011-10-23 02:00:00,83.07208
2011-10-23 03:00:00,82.63762
2011-10-23 04:00:00,82.63762
2011-10-23 05:00:00,76.91594
2011-10-23 06:00:00,78.10048
2011-10-23 07:00:00,83.07208
2011-10-23 08:00:00,86.883194
2011-10-23 09:00:00,133.43796
2011-10-23 10:00:00,159.10248
2011-10-23 11:00:00,171.41756
2011-10-23 12:00:00,227.24774
2011-10-23 13:00:00,242.0901
2011-10-23 14:00:00,243.65172
2011-10-23 15:00:00,249.69162
2011-10-23 16:00:00,242.0901
2011-10-23 17:00:00,208.80116
2011-10-23 18:00:00,207.24478
2011-10-23 19:00:00,147.57854
2011-10-23 20:00:00,161.79965
2011-10-23 21:00:00,161.79965
2011-10-23 22:00:00,141.56485
2011-10-23 23:00:00,144.68285
2011-10-24 00:00:00,135.69116
2011-10-24 01:00:00,121.72049
2011-10-24 02:00:00,104.900894
2011-10-24 03:00:00,119.3859
2011-10-24 04:00:00,114.70628
2011-10-24 05:00:00,93.69327
2011-10-24 06:00:00,104.900894
2011-10-24 07:00:00,83.72229
2011-10-24 08:00:00,116.627625
2011-10-24 09:00:00,140.69327
2011-10-24 10:00:00,151.08937
2011-10-24 11:00:00,188.41286
2011-10-24 12:00:00,203.2552
2011-10-24 13:00:00,227.45158
2011-10-24 14:00:00,225.88997
2011-10-24 15:00:00,236.32617
2011-10-24 16:00:00,219.95029
2011-10-24 17:00:00,198.87195
2011-10-24 18:00:00,226.70827
2011-10-24 19:00:00,149.5286
2011-10-24 20:00:00,143.10712
2011-10-24 21:00:00,122.09411
2011-10-24 22:00:00,167.59358
2011-10-24 23:00:00,151.84229
2011-10-25 00:00:00,148.45518
2011-10-25 01:00:00,148.45518
2011-10-25 02:00:00,127.442184
2011-10-25 03:00:00,99.443085
2011-10-25 04:00:00,100.70748
2011-10-25 05:00:00,100.70748
2011-10-25 06:00:00,114.414276
2011-10-25 07:00:00,143.15431
2011-10-25 08:00:00,156.70416
2011-10-25 09:00:00,231.76437
2011-10-25 10:00:00,251.25299
2011-10-25 11:00:00,267.72235
2011-10-25 12:00:00,304.8421
2011-10-25 13:00:00,318.23068
2011-10-25 14:00:00,302.0533
2011-10-25 15:00:00,303.41885
2011-10-25 16:00:00,308.09323
2011-10-25 17:00:00,303.41885
2011-10-25 18:00:00,276.68414
2011-10-25 19:00:00,193.57108
2011-10-25 20:00:00,183.14688
2011-10-25 21:00:00,163.71838
2011-10-25 22:00:00,187.82129
2011-10-25 23:00:00,163.71838
2011-10-26 00:00:00,166.8364
2011-10-26 01:00:00,185.21759
2011-10-26 02:00:00,180.5432
2011-10-26 03:00:00,183.6612
2011-10-26 04:00:00,167.25723
2011-10-26 05:00:00,165.70084
2011-10-26 06:00:00,165.70084
2011-10-26 07:00:00,162.58282
2011-10-26 08:00:00,188.03923
2011-10-26 09:00:00,213.28291
2011-10-26 10:00:00,229.36346
2011-10-26 11:00:00,236.48314
2011-10-26 12:00:00,278.44177
2011-10-26 13:00:00,245.08746
2011-10-26 14:00:00,170.32364
2011-10-26 15:00:00,170.32364
2011-10-26 16:00:00,175.00327
2011-10-26 17:00:00,175.78146
2011-10-26 18:00:00,172.95981
2011-10-26 19:00:00,143.37097
2011-10-26 20:00:00,125.055145
2011-10-26 21:00:00,170.32364
2011-10-26 22:00:00,129.95273
2011-10-26 23:00:00,129.95273
2011-10-27 00:00:00,95.26782
2011-10-27 01:00:00,95.26782
2011-10-27 02:00:00,107.147125
2011-10-27 03:00:00,107.147125
2011-10-27 04:00:00,131.21275
2011-10-27 05:00:00,135.8924
2011-10-27 06:00:00,155.25029
2011-10-27 07:00:00,105.8871
2011-10-27 08:00:00,141.34499
2011-10-27 09:00:00,157.88647
2011-10-27 10:00:00,147.06668
2011-10-27 11:00:00,143.94867
2011-10-27 12:00:00,143.94867
2011-10-27 13:00:00,139.57062
2011-10-27 14:00:00,152.00781
2011-10-27 15:00:00,157.46564
2011-10-27 16:00:00,202.58151
2011-10-27 17:00:00,204.00288
2011-10-27 18:00:00,213.5444
2011-10-27 19:00:00,202.07288
2011-10-27 20:00:00,191.93982
2011-10-27 21:00:00,203.04291
2011-10-27 22:00:00,160.76236
2011-10-27 23:00:00,166.37955
2011-10-28 00:00:00,146.8138
2011-10-28 01:00:00,141.06398
2011-10-28 02:00:00,142.62561
2011-10-28 03:00:00,124.69336
2011-10-28 04:00:00,139.95656
2011-10-28 05:00:00,156.54515
2011-10-28 06:00:00,132.64513
2011-10-28 07:00:00,132.64513
2011-10-28 08:00:00,152.16711
2011-10-28 09:00:00,166.98135
2011-10-28 10:00:00,172.73114
2011-10-28 11:00:00,204.0946
2011-10-28 12:00:00,251.68279
2011-10-28 13:00:00,248.69551
2011-10-28 14:00:00,220.68321
2011-10-28 15:00:00,228.68585
2011-10-28 16:00:00,219.12682
2011-10-28 17:00:00,205.35464
2011-10-28 18:00:00,197.75833
2011-10-28 19:00:00,205.35464
2011-10-28 20:00:00,172.3999
2011-10-28 21:00:00,140.33162
2011-10-28 22:00:00,121.30948
2011-10-28 23:00:00,101.06017
2011-10-29 00:00:00,75.87688
2011-10-29 01:00:00,81.59857
2011-10-29 02:00:00,81.59857
2011-10-29 03:00:00,106.15042
2011-10-29 04:00:00,106.15042
2011-10-29 05:00:00,50.684067
2011-10-29 06:00:00,68.9999
2011-10-29 07:00:00,68.9999
2011-10-29 08:00:00,78.99489
2011-10-29 09:00:00,78.99489
2011-10-29 10:00:00,49.12767
2011-10-29 11:00:00,52.24568
2011-10-29 12:00:00,66.01914
2011-10-29 13:00:00,67.58076
2011-10-29 14:00:00,63.684563
2011-10-29 15:00:00,37.999916
2011-10-29 16:00:00,37.65618
2011-10-29 17:00:00,37.65618
2011-10-29 18:00:00,37.65618
2011-10-29 19:00:00,51.37078
2011-10-29 20:00:00,51.37078
2011-10-29 21:00:00,51.37079
2011-10-29 22:00:00,42.88005
2011-10-29 23:00:00,45.59172
2011-10-30 00:00:00,42.88005
2011-10-30 01:00:00,44.43644
2011-10-30 02:00:00,45.998055
2011-10-30 03:00:00,88.00246
2011-10-30 04:00:00,65.46118
2011-10-30 05:00:00,84.884445
2011-10-30 06:00:00,86.81792
2011-10-30 07:00:00,90.60458
2011-10-30 08:00:00,110.51971
2011-10-30 09:00:00,138.81079
2011-10-30 10:00:00,156.69089
2011-10-30 11:00:00,195.35254
2011-10-30 12:00:00,217.189
2011-10-30 13:00:00,245.8689
2011-10-30 14:00:00,265.29214
2011-10-30 15:00:00,272.89368
2011-10-30 16:00:00,280.48996
2011-10-30 17:00:00,264.054
2011-10-30 18:00:00,230.35721
2011-10-30 19:00:00,277.33524
2011-10-30 20:00:00,174.2168
2011-10-30 21:00:00,141.02135
2011-10-30 22:00:00,107.79779
2011-10-30 23:00:00,59.69462
2011-10-31 00:00:00,59.27877
2011-10-31 01:00:00,77.594604
2011-10-31 02:00:00,53.557083
2011-10-31 03:00:00,50.496445
2011-10-31 04:00:00,53.557076
2011-10-31 05:00:00,29.491438
2011-10-31 06:00:00,53.557083
2011-10-31 07:00:00,35.24125
2011-10-31 08:00:00,70.96823
2011-10-31 09:00:00,116.07615
2011-10-31 10:00:00,185.54778
2011-10-31 11:00:00,219.40494
2011-10-31 12:00:00,248.12207
2011-10-31 13:00:00,259.81152
2011-10-31 14:00:00,250.65364
2011-10-31 15:00:00,241.59596
2011-10-31 16:00:00,214.47768
2011-10-31 17:00:00,212.91605
2011-10-31 18:00:00,168.22812
2011-10-31 19:00:00,168.22812
2011-10-31 20:00:00,168.22812
2011-10-31 21:00:00,129.10403
2011-10-31 22:00:00,129.10403
2011-10-31 23:00:00,129.10403
2011-11-20 00:00:00,166.79037
2011-11-20 01:00:00,189.42514
2011-11-20 02:00:00,190.98674
2011-11-20 03:00:00,184.71585
2011-11-20 04:00:00,169.45265
2011-11-20 05:00:00,187.38489
2011-11-20 06:00:00,185.82329
2011-11-20 07:00:00,178.32724
2011-11-20 08:00:00,175.17432
2011-11-20 09:00:00,165.69585
2011-11-20 10:00:00,168.5175
2011-11-20 11:00:00,213.18442
2011-11-20 12:00:00,214.74081
2011-11-20 13:00:00,238.51637
2011-11-20 14:00:00,220.78699
2011-11-20 15:00:00,208.34546
2011-11-20 16:00:00,220.49063
2011-11-20 17:00:00,223.60863
2011-11-20 18:00:00,226.30582
2011-11-20 19:00:00,185.71068
2011-11-20 20:00:00,203.67105
2011-11-20 21:00:00,163.9476
2011-11-20 22:00:00,130.55843
2011-11-20 23:00:00,130.55843
2011-11-21 00:00:00,101.20747
2011-11-21 01:00:00,117.27934
2011-11-21 02:00:00,93.24181
2011-11-21 03:00:00,90.12381
2011-11-21 04:00:00,90.12381
2011-11-21 05:00:00,77.16993
2011-11-21 06:00:00,71.42012
2011-11-21 07:00:00,109.78331
2011-11-21 08:00:00,101.20747
2011-11-21 09:00:00,112.41509
2011-11-21 10:00:00,152.00781
2011-11-21 11:00:00,157.46564
2011-11-21 12:00:00,171.58804
2011-11-21 13:00:00,171.58804
2011-11-21 14:00:00,153.72116
2011-11-21 15:00:00,113.11926
2011-11-21 16:00:00,113.11926
2011-11-21 17:00:00,111.265656
2011-11-21 18:00:00,124.12367
2011-11-21 19:00:00,100.08615
2011-11-21 20:00:00,123.016235
2011-11-21 21:00:00,119.898224
2011-11-21 22:00:00,118.3366
2011-11-21 23:00:00,119.898224
2011-11-22 00:00:00,89.661934
2011-11-22 01:00:00,96.96814
2011-11-22 02:00:00,71.3461
2011-11-22 03:00:00,71.3461
2011-11-22 04:00:00,92.77995
2011-11-22 05:00:00,92.77995
2011-11-22 06:00:00,83.72229
2011-11-22 07:00:00,95.89795
2011-11-22 08:00:00,95.89795
2011-11-22 09:00:00,89.953926
2011-11-22 10:00:00,89.953926
2011-11-22 11:00:00,96.96814
2011-11-22 12:00:00,76.31771
2011-11-22 13:00:00,82.039406
2011-11-22 14:00:00,82.039406
2011-11-22 15:00:00,101.42543
2011-11-22 16:00:00,101.42543
2011-11-22 17:00:00,87.789215
2011-11-22 18:00:00,83.10959
2011-11-22 19:00:00,112.60495
2011-11-22 20:00:00,94.58547
2011-11-22 21:00:00,96.14187
2011-11-22 22:00:00,122.81119
2011-11-22 23:00:00,120.20751
2011-11-23 00:00:00,120.20751
2011-11-23 01:00:00,122.547325
2011-11-23 02:00:00,137.32668
2011-11-23 03:00:00,137.32668
2011-11-23 04:00:00,161.3923
2011-11-23 05:00:00,111.33969
2011-11-23 06:00:00,77.16993
2011-11-23 07:00:00,87.571266
2011-11-23 08:00:00,112.41509
2011-11-23 09:00:00,128.561
2011-11-23 10:00:00,128.561
2011-11-23 11:00:00,201.66309
2011-11-23 12:00:00,241.89658
2011-11-23 13:00:00,243.31357
2011-11-23 14:00:00,230.06773
2011-11-23 15:00:00,235.22917
2011-11-23 16:00:00,205.86458
2011-11-23 17:00:00,174.68446
2011-11-23 18:00:00,221.19315
2011-11-23 19:00:00,202.48946
2011-11-23 20:00:00,171.7655
2011-11-23 21:00:00,186.67972
2011-11-23 22:00:00,167.94116
2011-11-23 23:00:00,163.26154
2011-11-24 00:00:00,159.19403
2011-11-24 01:00:00,165.08109
2011-11-24 02:00:00,144.37982
2011-11-24 03:00:00,122.89509
2011-11-24 04:00:00,142.76602
2011-11-24 05:00:00,143.54422
2011-11-24 06:00:00,142.76602
2011-11-24 07:00:00,85.0625
2011-11-24 08:00:00,130.55548
2011-11-24 09:00:00,149.5579
2011-11-24 10:00:00,171.76346
2011-11-24 11:00:00,253.38892
2011-11-24 12:00:00,276.2274
2011-11-24 13:00:00,291.13513
2011-11-24 14:00:00,306.85828
2011-11-24 15:00:00,304.51846
2011-11-24 16:00:00,296.92218
2011-11-24 17:00:00,284.89914
2011-11-24 18:00:00,215.00473
2011-11-24 19:00:00,197.85068
2011-11-24 20:00:00,113.82068
2011-11-24 21:00:00,129.08386
2011-11-24 22:00:00,129.08386
2011-11-24 23:00:00,109.22614
2011-11-25 00:00:00,115.858185
2011-11-25 01:00:00,115.8008
2011-11-25 02:00:00,80.28378
2011-11-25 03:00:00,98.59962
2011-11-25 04:00:00,108.59459
2011-11-25 05:00:00,101.66024
2011-11-25 06:00:00,74.533966
2011-11-25 07:00:00,77.594604
2011-11-25 08:00:00,76.09036
2011-11-25 09:00:00,110.0791
2011-11-25 10:00:00,136.87117
2011-11-25 11:00:00,169.00632
2011-11-25 12:00:00,231.98912
2011-11-25 13:00:00,268.01245
2011-11-25 14:00:00,292.0781
2011-11-25 15:00:00,299.6744
2011-11-25 16:00:00,283.21024
2011-11-25 17:00:00,295.35547
2011-11-25 18:00:00,252.57939
2011-11-25 19:00:00,166.21756
2011-11-25 20:00:00,192.64923
2011-11-25 21:00:00,136.8138
2011-11-25 22:00:00,131.49844
2011-11-25 23:00:00,117.01345
2011-11-26 00:00:00,117.429306
2011-11-26 01:00:00,110.901306
2011-11-26 02:00:00,90.69461
2011-11-26 03:00:00,89.48198
2011-11-26 04:00:00,89.48198
2011-11-26 05:00:00,109.01044
2011-11-26 06:00:00,114.171906
2011-11-26 07:00:00,56.633987
2011-11-26 08:00:00,110.901306
2011-11-26 09:00:00,116.65111
2011-11-26 10:00:00,106.70326
2011-11-26 11:00:00,181.63274
2011-11-26 12:00:00,221.22542
2011-11-26 13:00:00,254.06541
2011-11-26 14:00:00,254.80872
2011-11-26 15:00:00,277.28986
2011-11-26 16:00:00,252.11156
2011-11-26 17:00:00,252.11156
2011-11-26 18:00:00,196.41208
2011-11-26 19:00:00,159.32043
2011-11-26 20:00:00,200.04678
2011-11-26 21:00:00,115.31196
2011-11-26 22:00:00,133.6278
2011-11-26 23:00:00,106.70326
2011-11-27 00:00:00,106.70326
2011-11-27 01:00:00,106.70326
2011-11-27 02:00:00,100.95346
2011-11-27 03:00:00,82.63762
2011-11-27 04:00:00,83.850266
2011-11-27 05:00:00,90.0012
2011-11-27 06:00:00,117.94815
2011-11-27 07:00:00,105.80296
2011-11-27 08:00:00,130.71217
2011-11-27 09:00:00,177.65356
2011-11-27 10:00:00,177.65356
2011-11-27 11:00:00,220.495
2011-11-27 12:00:00,249.46689
2011-11-27 13:00:00,232.57674
2011-11-27 14:00:00,334.21185
2011-11-27 15:00:00,324.85782
2011-11-27 16:00:00,265.8375
2011-11-27 17:00:00,244.78728
2011-11-27 18:00:00,210.3628
2011-11-27 19:00:00,195.54855
2011-11-27 20:00:00,215.03719
2011-11-27 21:00:00,198.66656
2011-11-27 22:00:00,181.84174
2011-11-27 23:00:00,181.84174
2011-11-28 00:00:00,161.97452
2011-11-28 01:00:00,162.75272
2011-11-28 03:00:00,119.555786
2011-11-28 04:00:00,130.85739
2011-11-28 05:00:00,99.443085
2011-11-28 06:00:00,125.10759
2011-11-28 07:00:00,102.11214
2011-11-28 08:00:00,89.735954
2011-11-28 09:00:00,125.49544
2011-11-28 10:00:00,165.86635
2011-11-28 11:00:00,203.25522
2011-11-28 12:00:00,233.20816
2011-11-28 13:00:00,251.65036
2011-11-28 14:00:00,268.46933
2011-11-28 15:00:00,242.07599
2011-11-28 16:00:00,237.88255
2011-11-28 17:00:00,255.8429
2011-11-28 18:00:00,227.23361
2011-11-28 19:00:00,194.03815
2011-11-28 20:00:00,201.53423
2011-11-28 21:00:00,187.76729
2011-11-28 22:00:00,157.46564
2011-11-28 23:00:00,159.02202
2011-11-29 00:00:00,146.06815
2011-11-29 01:00:00,150.74777
2011-11-29 02:00:00,130.9948
2011-11-29 03:00:00,130.9948
2011-11-29 04:00:00,169.15945
2011-11-29 05:00:00,139.86697
2011-11-29 06:00:00,160.88
2011-11-29 07:00:00,176.07782
2011-11-29 08:00:00,184.94562
2011-11-29 09:00:00,221.7714
2011-11-29 10:00:00,221.7714
2011-11-29 11:00:00,152.52449
2011-11-29 12:00:00,154.13333
2011-11-29 13:00:00,162.38231
2011-11-29 14:00:00,100.086136
2011-11-29 15:00:00,128.47404
2011-11-29 16:00:00,123.016235
2011-11-29 17:00:00,120.97278
2011-11-29 18:00:00,136.23598
2011-11-29 19:00:00,137.79758
2011-11-29 20:00:00,112.88316
2011-11-29 21:00:00,112.88316
2011-11-29 22:00:00,124.54651
2011-11-29 23:00:00,129.02855
2011-11-30 00:00:00,173.32188
2011-11-30 01:00:00,146.44193
2011-11-30 02:00:00,128.4523
2011-11-30 03:00:00,128.4523
2011-11-30 04:00:00,106.312164
2011-11-30 05:00:00,80.6849
2011-11-30 06:00:00,56.21814
2011-11-30 07:00:00,74.533966
2011-11-30 08:00:00,80.6849
2011-11-30 09:00:00,109.43016
2011-11-30 10:00:00,145.2574
2011-11-30 11:00:00,210.0204
2011-11-30 12:00:00,199.72107
2011-11-30 13:00:00,252.65709
2011-11-30 14:00:00,252.65709
2011-11-30 15:00:00,217.48972
2011-11-30 16:00:00,215.14989
2011-11-30 17:00:00,204.27646
2011-11-30 18:00:00,198.33679
2011-11-30 19:00:00,176.03902
2011-11-30 20:00:00,176.03902
2011-11-30 21:00:00,183.52257
2011-11-30 22:00:00,163.93521
2011-11-30 23:00:00,169.64587
2011-12-20 00:00:00,180.73529
2011-12-20 01:00:00,191.76129
2011-12-20 02:00:00,167.53003
2011-12-20 03:00:00,167.53003
2011-12-20 04:00:00,198.8855
2011-12-20 05:00:00,185.4904
2011-12-20 06:00:00,185.49042
2011-12-20 07:00:00,170.2272
2011-12-20 08:00:00,216.52112
2011-12-20 09:00:00,158.01666
2011-12-20 10:00:00,209.76318
2011-12-20 11:00:00,190.27452
2011-12-20 12:00:00,224.60556
2011-12-20 13:00:00,224.60556
2011-12-20 14:00:00,210.8386
2011-12-20 15:00:00,217.59132
2011-12-20 16:00:00,211.65167
2011-12-20 17:00:00,184.33488
2011-12-20 18:00:00,167.93091
2011-12-20 19:00:00,157.79868
2011-12-20 20:00:00,152.077
2011-12-20 21:00:00,152.48334
2011-12-20 22:00:00,158.01666
2011-12-20 23:00:00,175.9489
2011-12-21 00:00:00,68.440125
2011-12-21 01:00:00,92.14191
2011-12-21 02:00:00,75.69417
2011-12-21 03:00:00,75.69417
2011-12-21 04:00:00,75.69417
2011-12-21 05:00:00,53.294655
2011-12-21 06:00:00,26.851946
2011-12-21 07:00:00,28.036488
2011-12-21 08:00:00,14.475767
2011-12-21 09:00:00,50.01728
2011-12-21 10:00:00,98.3557
2011-12-21 11:00:00,98.3557
2011-12-21 12:00:00,78.67331
2011-12-21 13:00:00,49.95616
2011-12-21 14:00:00,76.92187
2011-12-21 15:00:00,78.48349
2011-12-21 16:00:00,33.20195
2011-12-21 17:00:00,33.20195
2011-12-21 18:00:00,25.700678
2011-12-21 19:00:00,62.771324
2011-12-21 20:00:00,64.32772
2011-12-21 21:00:00,72.80769
2011-12-21 22:00:00,71.24608
2011-12-21 23:00:00,68.128075
2011-12-22 00:00:00,87.70916
2011-12-22 01:00:00,27.166441
2011-12-22 02:00:00,76.04782
2011-12-22 03:00:00,113.48389
2011-12-22 04:00:00,48.911385
2011-12-22 05:00:00,41.89717
2011-12-22 06:00:00,20.912289
2011-12-22 07:00:00,-3.153347
2011-12-22 08:00:00,26.851946
2011-12-22 09:00:00,37.253265
2011-12-22 10:00:00,58.266266
2011-12-22 11:00:00,80.32133
2011-12-22 12:00:00,158.9509
2011-12-22 13:00:00,128.77997
2011-12-22 14:00:00,128.77997
2011-12-22 15:00:00,146.74033
2011-12-22 16:00:00,128.77997
2011-12-22 17:00:00,119.42355
2011-12-22 18:00:00,130.79053
2011-12-22 19:00:00,126.110916
2011-12-22 20:00:00,98.827
2011-12-22 21:00:00,98.827
2011-12-22 22:00:00,15.660306
2011-12-22 23:00:00,44.2631
2011-12-23 00:00:00,54.395317
2011-12-23 01:00:00,54.395317
2011-12-23 02:00:00,24.159025
2011-12-23 03:00:00,24.159025
2011-12-23 04:00:00,31.956661
2011-12-23 05:00:00,4.2102246
2011-12-23 06:00:00,55.1474
2011-12-23 07:00:00,53.59101
2011-12-23 08:00:00,79.21304
2011-12-23 09:00:00,112.07924
2011-12-23 10:00:00,127.40781
2011-12-23 11:00:00,144.29799
2011-12-23 12:00:00,160.40475
2011-12-23 13:00:00,169.4973
2011-12-23 14:00:00,154.94693
2011-12-23 15:00:00,146.0791
2011-12-23 16:00:00,155.17166
2011-12-23 17:00:00,127.87739
2011-12-23 18:00:00,134.31842
2011-12-23 19:00:00,120.56598
2011-12-23 20:00:00,93.16931
2011-12-23 21:00:00,87.711494
2011-12-23 22:00:00,75.15997
2011-12-23 23:00:00,76.28714
2011-12-24 00:00:00,67.74853
2011-12-24 01:00:00,79.9017
2011-12-24 02:00:00,80.30806
2011-12-24 03:00:00,68.097496
2011-12-24 04:00:00,79.95909
2011-12-24 05:00:00,79.95909
2011-12-24 06:00:00,46.735527
2011-12-24 07:00:00,57.672836
2011-12-24 08:00:00,47.620476
2011-12-24 09:00:00,137.10681
2011-12-24 10:00:00,145.91576
2011-12-24 11:00:00,158.05444
2011-12-24 12:00:00,164.15321
2011-12-24 13:00:00,160.65813
2011-12-24 14:00:00,160.65813
2011-12-24 15:00:00,155.2854
2011-12-24 16:00:00,148.83914
2011-12-24 17:00:00,125.09173
2011-12-24 18:00:00,141.91003
2011-12-24 19:00:00,111.38364
2011-12-24 20:00:00,85.762886
2011-12-24 21:00:00,83.07933
2011-12-24 22:00:00,93.75599
2011-12-24 23:00:00,73.026985
2011-12-25 00:00:00,62.43019
2011-12-25 01:00:00,30.36191
2011-12-25 02:00:00,18.229948
2011-12-25 03:00:00,26.953405
2011-12-25 05:00:00,9.013161
2011-12-25 06:00:00,9.013161
2011-12-25 07:00:00,-0.5283375
2011-12-25 08:00:00,-7.405307
2011-12-25 09:00:00,-17.302282
2011-12-25 10:00:00,7.16448
2011-12-25 11:00:00,56.05906
2011-12-25 12:00:00,39.291634
2011-12-25 13:00:00,62.209984
2011-12-25 14:00:00,95.43355
2011-12-25 15:00:00,96.560715
2011-12-25 16:00:00,114.09184
2011-12-25 17:00:00,93.4427
2011-12-25 18:00:00,63.365265
2011-12-25 19:00:00,104.176735
2011-12-25 20:00:00,126.26325
2011-12-25 21:00:00,97.23439
2011-12-25 22:00:00,73.53784
2011-12-25 23:00:00,58.28914
2011-12-26 00:00:00,5.4045424
2011-12-26 01:00:00,82.15427
2011-12-26 02:00:00,131.46358
2011-12-26 04:00:00,131.0865
2011-12-26 05:00:00,147.97668
2011-12-26 06:00:00,131.88441
2011-12-26 07:00:00,131.47809
2011-12-26 08:00:00,132.60524
2011-12-26 09:00:00,131.0865
2011-12-26 10:00:00,150.74573
2011-12-26 11:00:00,141.65318
2011-12-26 12:00:00,154.57005
2011-12-26 13:00:00,177.91074
2011-12-26 14:00:00,179.47235
2011-12-26 15:00:00,175.5709
2011-12-26 16:00:00,149.4612
2011-12-26 17:00:00,131.46358
2011-12-26 18:00:00,118.0601
2011-12-26 19:00:00,63.496178
2011-12-26 20:00:00,90.969925
2011-12-26 21:00:00,36.327026
2011-12-26 22:00:00,36.327026
2011-12-26 23:00:00,33.26639
2011-12-27 00:00:00,39.926544
2011-12-27 01:00:00,42.6101
2011-12-27 02:00:00,42.6101
2011-12-27 03:00:00,87.92946
2011-12-27 04:00:00,75.7189
2011-12-27 05:00:00,77.616264
2011-12-27 06:00:00,87.55238
2011-12-27 07:00:00,78.836914
2011-12-27 08:00:00,76.84606
2011-12-27 09:00:00,86.61005
2011-12-27 10:00:00,79.8922
2011-12-27 11:00:00,86.61005
2011-12-27 12:00:00,34.32057
2011-12-27 13:00:00,14.066046
2011-12-27 14:00:00,85.51765
2011-12-27 15:00:00,85.51765
2011-12-27 16:00:00,69.83362
2011-12-27 17:00:00,51.277313
2011-12-27 18:00:00,41.445824
2011-12-27 19:00:00,15.21986
2011-12-27 20:00:00,-8.4687
2011-12-27 21:00:00,9.847136
2011-12-27 22:00:00,9.847136
2011-12-27 23:00:00,-16.129093
2011-12-28 00:00:00,9.498163
2011-12-28 01:00:00,43.077187
2011-12-28 02:00:00,89.26789
2011-12-28 03:00:00,89.26789
2011-12-28 05:00:00,102.69109
2011-12-28 06:00:00,101.47844
2011-12-28 07:00:00,101.47844
2011-12-28 08:00:00,102.69109
2011-12-28 09:00:00,105.37987
2011-12-28 10:00:00,105.67186
2011-12-28 11:00:00,151.9868
2011-12-28 12:00:00,147.87886
2011-12-28 13:00:00,164.57294
2011-12-28 14:00:00,159.20021
2011-12-28 15:00:00,169.91454
2011-12-28 16:00:00,164.1647
2011-12-28 17:00:00,148.00708
2011-12-28 18:00:00,137.66837
2011-12-28 19:00:00,123.13249
2011-12-28 20:00:00,121.576096
2011-12-28 21:00:00,106.26204
2011-12-28 22:00:00,108.95082
2011-12-28 23:00:00,108.22477
2011-12-29 00:00:00,106.16177
2011-12-29 01:00:00,97.51046
2011-12-29 02:00:00,81.86064
2011-12-29 03:00:00,65.806046
2011-12-29 04:00:00,68.49481
2011-12-29 05:00:00,69.65009
2011-12-29 06:00:00,60.50016
2011-12-29 07:00:00,35.64834
2011-12-29 08:00:00,51.17663
2011-12-29 09:00:00,45.3991
2011-12-29 10:00:00,52.710533
2011-12-29 11:00:00,71.01987
2011-12-29 12:00:00,89.730316
2011-12-29 13:00:00,107.690674
2011-12-29 14:00:00,116.47299
2011-12-29 15:00:00,116.90745
2011-12-29 16:00:00,110.590706
2011-12-29 17:00:00,83.11696
2011-12-29 18:00:00,96.818535
2011-12-29 19:00:00,99.53543
2011-12-29 20:00:00,62.066704
2011-12-29 21:00:00,81.773315
2011-12-29 22:00:00,63.6231
2011-12-29 23:00:00,70.90641
2011-12-30 00:00:00,48.35991
2011-12-30 01:00:00,59.81199
2011-12-30 02:00:00,35.332016
2011-12-30 03:00:00,35.332016
2011-12-30 04:00:00,34.55381
2011-12-30 05:00:00,17.814102
2011-12-30 06:00:00,34.55381
2011-12-30 07:00:00,19.290623
2011-12-30 08:00:00,25.23028
2011-12-30 09:00:00,28.851143
2011-12-30 10:00:00,71.33564
2011-12-30 11:00:00,75.15997
2011-12-30 12:00:00,103.76089
2011-12-30 13:00:00,129.13742
2011-12-30 14:00:00,165.10861
2011-12-30 15:00:00,169.36894
2011-12-30 16:00:00,170.34326
2011-12-30 17:00:00,135.9469
2011-12-30 18:00:00,95.724014
2011-12-30 19:00:00,141.89157
2011-12-30 20:00:00,86.420204
2011-12-30 21:00:00,92.14191
2011-12-30 22:00:00,70.00174
2011-12-30 23:00:00,91.41586
2011-12-31 00:00:00,126.45711
2011-12-31 01:00:00,129.8671
2011-12-31 02:00:00,129.8671
2011-12-31 03:00:00,129.8671
2011-12-31 04:00:00,87.58589
2011-12-31 05:00:00,64.022194
2011-12-31 06:00:00,92.26114
2011-12-31 07:00:00,72.50816
2011-12-31 08:00:00,32.38993
2011-12-31 09:00:00,60.628853
2011-12-31 10:00:00,74.95449
2011-12-31 11:00:00,95.93938
2011-12-31 12:00:00,229.33084
2011-12-31 13:00:00,224.55536
2011-12-31 14:00:00,177.03949
2011-12-31 15:00:00,197.82065
2011-12-31 16:00:00,174.43579
2011-12-31 17:00:00,149.39062
2011-12-31 18:00:00,146.27261
2011-12-31 19:00:00,150.95224
2011-12-31 20:00:00,150.95224
2011-12-31 21:00:00,131.45837
2011-12-31 22:00:00,110.380005
2011-12-31 23:00:00,85.43355
2012-01-20 00:00:00,111.52001
2012-01-20 01:00:00,109.76815
2012-01-20 02:00:00,109.76815
2012-01-20 03:00:00,90.27951
2012-01-20 04:00:00,60.108597
2012-01-20 05:00:00,60.108597
2012-01-20 06:00:00,62.420685
2012-01-20 07:00:00,30.352406
2012-01-20 08:00:00,47.171997
2012-01-20 09:00:00,101.841125
2012-01-20 10:00:00,115.72604
2012-01-20 11:00:00,146.25893
2012-01-20 12:00:00,138.59726
2012-01-20 13:00:00,147.19626
2012-01-20 14:00:00,143.97798
2012-01-20 15:00:00,142.79344
2012-01-20 16:00:00,129.38196
2012-01-20 17:00:00,155.01723
2012-01-20 18:00:00,138.91696
2012-01-20 19:00:00,130.53725
2012-01-20 20:00:00,138.91696
2012-01-20 21:00:00,129.75903
2012-01-20 22:00:00,128.2548
2012-01-20 23:00:00,36.028427
2012-01-21 00:00:00,36.444275
2012-01-21 01:00:00,-32.057434
2012-01-21 02:00:00,-26.847235
2012-01-21 03:00:00,-52.054527
2012-01-21 04:00:00,-24.936255
2012-01-21 05:00:00,-28.431337
2012-01-21 06:00:00,-50.92698
2012-01-21 07:00:00,-50.92698
2012-01-21 08:00:00,-56.465508
2012-01-21 09:00:00,-56.465508
2012-01-21 10:00:00,-50.525856
2012-01-21 11:00:00,-24.376017
2012-01-21 12:00:00,-1.4656587
2012-01-21 13:00:00,-1.0364184
2012-01-21 14:00:00,1.7852283
2012-01-21 15:00:00,1.7852235
2012-01-21 16:00:00,-2.9698915
2012-01-21 17:00:00,1.7097278
2012-01-21 18:00:00,16.972927
2012-01-21 19:00:00,-8.285247
2012-01-21 20:00:00,-8.691582
2012-01-21 21:00:00,0.9729333
2012-01-21 22:00:00,9.62425
2012-01-21 23:00:00,-16.781206
2012-01-22 00:00:00,-24.626205
2012-01-22 01:00:00,9.62425
2012-01-22 02:00:00,8.846052
2012-01-22 03:00:00,24.109243
2012-01-22 04:00:00,-13.5251045
2012-01-22 05:00:00,5.917887
2012-01-22 06:00:00,-0.021764278
2012-01-22 07:00:00,-0.021764278
2012-01-22 08:00:00,-0.021764278
2012-01-22 09:00:00,-0.021764278
2012-01-22 10:00:00,-1.1489239
2012-01-22 11:00:00,-10.841551
2012-01-22 12:00:00,-18.337597
2012-01-22 13:00:00,-14.49877
2012-01-22 14:00:00,-17.182325
2012-01-22 15:00:00,-19.899212
2012-01-22 16:00:00,-19.899212
2012-01-22 17:00:00,-16.05516
2012-01-22 18:00:00,-28.431337
2012-01-22 19:00:00,-28.431337
2012-01-22 20:00:00,-29.558504
2012-01-22 21:00:00,-28.431337
2012-01-22 22:00:00,-52.244377
2012-01-22 23:00:00,-55.73945
2012-01-23 00:00:00,-21.73123
2012-01-23 01:00:00,-24.791862
2012-01-23 02:00:00,-24.791862
2012-01-23 03:00:00,-21.73124
2012-01-23 04:00:00,2.3344097
2012-01-23 05:00:00,-15.981426
2012-01-23 06:00:00,-15.981426
2012-01-23 07:00:00,-10.041767
2012-01-23 08:00:00,-15.819296
2012-01-23 09:00:00,-19.820253
2012-01-23 10:00:00,-37.3499
2012-01-23 11:00:00,-41.18872
2012-01-23 12:00:00,-31.628202
2012-01-23 13:00:00,-25.254093
2012-01-23 14:00:00,-28.319948
2012-01-23 15:00:00,-58.339745
2012-01-23 16:00:00,-30.094309
2012-01-23 17:00:00,-38.09694
2012-01-23 18:00:00,-31.65592
2012-01-23 19:00:00,-24.344494
2012-01-23 20:00:00,-45.712967
2012-01-23 21:00:00,-43.75023
2012-01-23 22:00:00,-43.75023
2012-01-23 23:00:00,-14.292135
2012-01-24 00:00:00,-28.00545
2012-01-24 01:00:00,-2.4768991
2012-01-24 02:00:00,-4.033287
2012-01-24 03:00:00,-0.19445467
2012-01-24 04:00:00,-29.619215
2012-01-24 05:00:00,-29.619215
2012-01-24 06:00:00,-1.3216195
2012-01-24 07:00:00,-0.19445181
2012-01-24 08:00:00,-0.19445181
2012-01-24 09:00:00,15.786787
2012-01-24 10:00:00,-8.4687
2012-01-24 11:00:00,13.658244
2012-01-24 12:00:00,15.21986
2012-01-24 13:00:00,15.21986
2012-01-24 14:00:00,42.403503
2012-01-24 15:00:00,95.7415
2012-01-24 16:00:00,88.24023
2012-01-24 17:00:00,103.837875
2012-01-24 18:00:00,113.379395
2012-01-24 19:00:00,158.42992
2012-01-24 20:00:00,43.019806
2012-01-24 21:00:00,69.75451
2012-01-24 22:00:00,27.756615
2012-01-24 23:00:00,43.019806
2012-01-25 00:00:00,-26.096357
2012-01-25 01:00:00,54.51606
2012-01-25 02:00:00,47.204628
2012-01-25 03:00:00,26.219744
2012-01-25 04:00:00,41.889275
2012-01-25 05:00:00,41.889275
2012-01-25 06:00:00,23.891657
2012-01-25 07:00:00,17.786383
2012-01-25 08:00:00,34.605965
2012-01-25 09:00:00,34.605965
2012-01-25 10:00:00,45.92357
2012-01-25 11:00:00,87.55238
2012-01-25 12:00:00,115.97144
2012-01-25 13:00:00,129.65851
2012-01-25 14:00:00,131.5972
2012-01-25 15:00:00,146.07048
2012-01-25 16:00:00,119.00958
2012-01-25 17:00:00,124.759384
2012-01-25 18:00:00,76.28714
2012-01-25 19:00:00,124.89186
2012-01-25 20:00:00,90.42316
2012-01-25 21:00:00,70.849045
2012-01-25 22:00:00,71.283485
2012-01-25 23:00:00,71.066986
2012-01-26 00:00:00,37.479973
2012-01-26 01:00:00,40.540604
2012-01-26 02:00:00,36.3247
2012-01-26 03:00:00,40.946945
2012-01-26 04:00:00,34.600945
2012-01-26 05:00:00,47.474953
2012-01-26 06:00:00,22.224768
2012-01-26 07:00:00,22.631111
2012-01-26 08:00:00,22.631111
2012-01-26 09:00:00,27.946472
2012-01-26 10:00:00,26.44222
2012-01-26 11:00:00,10.843283
2012-01-26 12:00:00,37.913734
2012-01-26 13:00:00,81.41586
2012-01-26 14:00:00,92.6235
2012-01-26 15:00:00,98.34518
2012-01-26 16:00:00,91.84529
2012-01-26 17:00:00,92.887344
2012-01-26 18:00:00,92.887344
2012-01-26 19:00:00,77.36029
2012-01-26 20:00:00,60.600853
2012-01-26 21:00:00,77.36029
2012-01-26 22:00:00,47.354996
2012-01-26 23:00:00,53.58664
2012-01-27 00:00:00,66.83687
2012-01-27 01:00:00,50.01728
2012-01-27 02:00:00,23.751219
2012-01-27 03:00:00,37.488503
2012-01-27 04:00:00,14.229181
2012-01-27 05:00:00,39.828316
2012-01-27 06:00:00,21.512487
2012-01-27 07:00:00,19.950872
2012-01-27 08:00:00,84.687004
2012-01-27 09:00:00,84.687004
2012-01-27 10:00:00,36.097626
2012-01-27 11:00:00,46.912193
2012-01-27 12:00:00,72.51134
2012-01-27 13:00:00,170.68823
2012-01-27 14:00:00,187.5732
2012-01-27 15:00:00,182.37344
2012-01-27 16:00:00,182.59056
2012-01-27 17:00:00,181.45502
2012-01-27 18:00:00,171.05368
2012-01-27 19:00:00,141.33786
2012-01-27 20:00:00,120.62334
2012-01-27 21:00:00,124.95401
2012-01-27 22:00:00,134.39551
2012-01-27 23:00:00,130.23022
2012-01-28 00:00:00,112.997406
2012-01-28 01:00:00,111.00656
2012-01-28 02:00:00,75.05657
2012-01-28 03:00:00,75.49103
2012-01-28 04:00:00,70.86878
2012-01-28 05:00:00,19.706472
2012-01-28 06:00:00,38.808495
2012-01-28 07:00:00,17.79549
2012-01-28 08:00:00,-7.02824
2012-01-28 09:00:00,2.5323
2012-01-28 10:00:00,43.025948
2012-01-28 11:00:00,97.23439
2012-01-28 12:00:00,85.52367
2012-01-28 13:00:00,107.644104
2012-01-28 14:00:00,160.26712
2012-01-28 15:00:00,172.05684
2012-01-28 16:00:00,188.49284
2012-01-28 17:00:00,190.05446
2012-01-28 18:00:00,190.63654
2012-01-28 19:00:00,213.72263
2012-01-28 20:00:00,211.80652
2012-01-28 21:00:00,204.29749
2012-01-28 22:00:00,178.98196
2012-01-28 23:00:00,182.41818
2012-01-29 00:00:00,167.87953
2012-01-29 01:00:00,185.88367
2012-01-29 02:00:00,184.71086
2012-01-29 03:00:00,170.1096
2012-01-29 04:00:00,152.39558
2012-01-29 05:00:00,79.5596
2012-01-29 06:00:00,115.855515
2012-01-29 07:00:00,122.29654
2012-01-29 08:00:00,107.41693
2012-01-29 09:00:00,98.259026
2012-01-29 10:00:00,139.87332
2012-01-29 11:00:00,177.39291
2012-01-29 12:00:00,194.96971
2012-01-29 13:00:00,194.96971
2012-01-29 14:00:00,196.5261
2012-01-29 15:00:00,212.61188
2012-01-29 16:00:00,231.83662
2012-01-29 17:00:00,231.83662
2012-01-29 18:00:00,212.61835
2012-01-29 19:00:00,187.36818
2012-01-29 20:00:00,149.56369
2012-01-29 21:00:00,170.99756
2012-01-29 22:00:00,199.30037
2012-01-29 23:00:00,169.06407
2012-01-30 00:00:00,206.38057
2012-01-30 01:00:00,72.066696
2012-01-30 02:00:00,102.948555
2012-01-30 03:00:00,98.64601
2012-01-30 04:00:00,79.14375
2012-01-30 05:00:00,79.14375
2012-01-30 06:00:00,108.22477
2012-01-30 07:00:00,109.78639
2012-01-30 08:00:00,91.788765
2012-01-30 09:00:00,91.788765
2012-01-30 10:00:00,118.944305
2012-01-30 11:00:00,129.03516
2012-01-30 12:00:00,149.94429
2012-01-30 13:00:00,172.00735
2012-01-30 14:00:00,204.49797
2012-01-30 15:00:00,203.3708
2012-01-30 16:00:00,206.03986
2012-01-30 17:00:00,224.00021
2012-01-30 18:00:00,210.58875
2012-01-30 19:00:00,133.11446
2012-01-30 20:00:00,150.27502
2012-01-30 21:00:00,141.1171
2012-01-30 22:00:00,115.9243
2012-01-30 23:00:00,72.00932
2012-01-31 00:00:00,105.27014
2012-01-31 01:00:00,139.61287
2012-01-31 02:00:00,139.98993
2012-01-31 03:00:00,130.83203
2012-01-31 04:00:00,117.05986
2012-01-31 05:00:00,117.05986
2012-01-31 06:00:00,100.59574
2012-01-31 07:00:00,72.00933
2012-01-31 08:00:00,71.58009
2012-01-31 09:00:00,107.90194
2012-01-31 10:00:00,108.57337
2012-01-31 11:00:00,199.82758
2012-01-31 12:00:00,182.28993
2012-01-31 13:00:00,216.95538
2012-01-31 14:00:00,255.2532
2012-01-31 15:00:00,282.14676
2012-01-31 16:00:00,282.14676
2012-01-31 17:00:00,280.58514
2012-01-31 18:00:00,283.57242
2012-01-31 19:00:00,252.91336
2012-01-31 20:00:00,126.36814
2012-01-31 21:00:00,230.00952
2012-01-31 22:00:00,218.18254
2012-01-31 23:00:00,206.68481
2012-02-20 00:00:00,-19.1887
2012-02-20 01:00:00,-19.1887
2012-02-20 02:00:00,-19.1887
2012-02-20 03:00:00,-3.938716
2012-02-20 05:00:00,64.46923
2012-02-20 06:00:00,81.82353
2012-02-20 07:00:00,72.454346
2012-02-20 08:00:00,50.110733
2012-02-20 09:00:00,50.110733
2012-02-20 10:00:00,72.75072
2012-02-20 11:00:00,100.91106
2012-02-20 12:00:00,117.294914
2012-02-20 13:00:00,135.32065
2012-02-20 14:00:00,158.95181
2012-02-20 15:00:00,168.09525
2012-02-20 16:00:00,195.63583
2012-02-20 17:00:00,215.25523
2012-02-20 18:00:00,168.09525
2012-02-20 19:00:00,168.09525
2012-02-20 20:00:00,170.77881
2012-02-20 21:00:00,142.4877
2012-02-20 22:00:00,124.548965
2012-02-20 23:00:00,142.43033
2012-02-21 00:00:00,59.377533
2012-02-21 01:00:00,86.85128
2012-02-21 02:00:00,68.91904
2012-02-21 04:00:00,50.95867
2012-02-21 05:00:00,29.973776
2012-02-21 06:00:00,11.657946
2012-02-21 07:00:00,50.95867
2012-02-21 08:00:00,26.13495
2012-02-21 09:00:00,8.597311
2012-02-21 10:00:00,31.487955
2012-02-21 11:00:00,47.828934
2012-02-21 12:00:00,107.49521
2012-02-21 13:00:00,135.9519
2012-02-21 14:00:00,122.40292
2012-02-21 15:00:00,135.9519
2012-02-21 16:00:00,155.1048
2012-02-21 17:00:00,193.49567
2012-02-21 18:00:00,193.49567
2012-02-21 19:00:00,148.86879
2012-02-21 20:00:00,119.4388
2012-02-21 21:00:00,94.58847
2012-02-21 22:00:00,71.55812
2012-02-21 23:00:00,72.448296
2012-02-22 00:00:00,72.448296
2012-02-22 01:00:00,64.076584
2012-02-22 02:00:00,81.31612
2012-02-22 03:00:00,68.874565
2012-02-22 04:00:00,64.06208
2012-02-22 05:00:00,62.520187
2012-02-22 06:00:00,43.077187
2012-02-22 07:00:00,43.426163
2012-02-22 08:00:00,40.757103
2012-02-22 09:00:00,61.74199
2012-02-22 10:00:00,64.43915
2012-02-22 11:00:00,85.07507
2012-02-22 12:00:00,123.511604
2012-02-22 13:00:00,154.4326
2012-02-22 14:00:00,161.74402
2012-02-22 15:00:00,253.82231
2012-02-22 16:00:00,268.0172
2012-02-22 17:00:00,254.9631
2012-02-22 18:00:00,218.83951
2012-02-22 19:00:00,201.59195
2012-02-22 20:00:00,182.03271
2012-02-22 21:00:00,240.9208
2012-02-22 22:00:00,185.1507
2012-02-22 23:00:00,210.74988
2012-02-23 00:00:00,185.1507
2012-02-23 01:00:00,153.13332
2012-02-23 02:00:00,137.80473
2012-02-23 03:00:00,126.9196
2012-02-23 04:00:00,77.656654
2012-02-23 05:00:00,77.656654
2012-02-23 06:00:00,22.526052
2012-02-23 07:00:00,42.403503
2012-02-23 08:00:00,16.776253
2012-02-23 09:00:00,39.686615
2012-02-23 10:00:00,109.290474
2012-02-23 11:00:00,189.19156
2012-02-23 12:00:00,211.66745
2012-02-23 13:00:00,223.45717
2012-02-23 14:00:00,238.4303
2012-02-23 15:00:00,244.40482
2012-02-23 16:00:00,246.16492
2012-02-23 17:00:00,249.01907
2012-02-23 18:00:00,232.19427
2012-02-23 19:00:00,212.25478
2012-02-23 20:00:00,187.85466
2012-02-23 21:00:00,165.44412
2012-02-23 22:00:00,157.84259
2012-02-23 23:00:00,144.59236
2012-02-24 00:00:00,143.00108
2012-02-24 01:00:00,130.30348
2012-02-24 02:00:00,95.32301
2012-02-24 03:00:00,60.38288
2012-02-24 04:00:00,39.398003
2012-02-24 05:00:00,48.455666
2012-02-24 06:00:00,46.89927
2012-02-24 07:00:00,83.596306
2012-02-24 08:00:00,83.30432
2012-02-24 09:00:00,51.565933
2012-02-24 10:00:00,51.164803
2012-02-24 11:00:00,46.352318
2012-02-24 12:00:00,78.91669
2012-02-24 13:00:00,98.34518
2012-02-24 14:00:00,122.02725
2012-02-24 15:00:00,54.395317
2012-02-24 16:00:00,54.395317
2012-02-24 17:00:00,34.074135
2012-02-24 18:00:00,22.67666
2012-02-24 19:00:00,52.200127
2012-02-24 20:00:00,141.99731
2012-02-24 21:00:00,238.93842
2012-02-24 22:00:00,215.41762
2012-02-24 23:00:00,215.12561
2012-02-25 00:00:00,163.12218
2012-02-25 01:00:00,154.61821
2012-02-25 02:00:00,138.52597
2012-02-25 03:00:00,130.87079
2012-02-25 04:00:00,141.59033
2012-02-25 05:00:00,145.96837
2012-02-25 06:00:00,145.96837
2012-02-25 07:00:00,128.67343
2012-02-25 08:00:00,105.9962
2012-02-25 09:00:00,25.544386
2012-02-25 10:00:00,72.48255
2012-02-25 11:00:00,161.3097
2012-02-25 12:00:00,199.89758
2012-02-25 13:00:00,189.48978
2012-02-25 14:00:00,194.43976
2012-02-25 15:00:00,191.69882
2012-02-25 16:00:00,205.1593
2012-02-25 17:00:00,170.62048
2012-02-25 18:00:00,193.33234
2012-02-25 19:00:00,155.31013
2012-02-25 20:00:00,169.92065
2012-02-25 21:00:00,141.49231
2012-02-25 22:00:00,135.10345
2012-02-25 23:00:00,123.60571
2012-02-26 00:00:00,124.73287
2012-02-26 01:00:00,114.01857
2012-02-26 02:00:00,114.01857
2012-02-26 03:00:00,120.43033
2012-02-26 04:00:00,120.43033
2012-02-26 05:00:00,107.08422
2012-02-26 06:00:00,108.296875
2012-02-26 07:00:00,79.616974
2012-02-26 08:00:00,81.55045
2012-02-26 09:00:00,97.92631
2012-02-26 10:00:00,128.86891
2012-02-26 11:00:00,136.58145
2012-02-26 12:00:00,149.12924
2012-02-26 13:00:00,161.26794
2012-02-26 14:00:00,182.28093
2012-02-26 15:00:00,189.86273
2012-02-26 16:00:00,189.68176
2012-02-26 17:00:00,192.39865
2012-02-26 18:00:00,173.31113
2012-02-26 19:00:00,177.42557
2012-02-26 20:00:00,147.28275
2012-02-26 21:00:00,130.81343
2012-02-26 22:00:00,140.40579
2012-02-26 23:00:00,83.07933
2012-02-27 00:00:00,70.85405
2012-02-27 01:00:00,58.307747
2012-02-27 02:00:00,38.422295
2012-02-27 03:00:00,18.913542
2012-02-27 04:00:00,-3.6329641
2012-02-27 05:00:00,-3.6329641
2012-02-27 06:00:00,34.605965
2012-02-27 07:00:00,63.57596
2012-02-27 08:00:00,56.127296
2012-02-27 09:00:00,72.00933
2012-02-27 10:00:00,138.1101
2012-02-27 11:00:00,155.68689
2012-02-27 12:00:00,200.60577
2012-02-27 13:00:00,181.51175
2012-02-27 14:00:00,220.07343
2012-02-27 15:00:00,277.88797
2012-02-27 16:00:00,282.14676
2012-02-27 17:00:00,288.252
2012-02-27 18:00:00,271.78268
2012-02-27 19:00:00,258.37122
2012-02-27 20:00:00,238.87735
2012-02-27 21:00:00,220.07343
2012-02-27 22:00:00,188.36897
2012-02-27 23:00:00,159.62894
2012-02-28 00:00:00,145.85677
2012-02-28 01:00:00,111.52578
2012-02-28 02:00:00,138.57869
2012-02-28 03:00:00,218.98697
2012-02-28 04:00:00,148.48067
2012-02-28 05:00:00,148.48067
2012-02-28 06:00:00,132.01656
2012-02-28 07:00:00,124.73325
2012-02-28 08:00:00,109.04733
2012-02-28 09:00:00,127.851265
2012-02-28 10:00:00,139.61285
2012-02-28 11:00:00,171.33365
2012-02-28 12:00:00,181.1979
2012-02-28 13:00:00,189.99196
2012-02-28 14:00:00,217.9473
2012-02-28 15:00:00,228.99606
2012-02-28 16:00:00,222.89078
2012-02-28 17:00:00,228.99606
2012-02-28 18:00:00,226.78699
2012-02-28 19:00:00,224.31647
2012-02-28 20:00:00,213.3984
2012-02-28 21:00:00,141.53331
2012-02-28 22:00:00,141.53331
2012-02-28 23:00:00,112.13261
2012-02-29 00:00:00,114.415054
2012-02-29 01:00:00,126.62561
2012-02-29 02:00:00,97.253006
2012-02-29 03:00:00,50.270485
2012-02-29 05:00:00,29.285604
2012-02-29 06:00:00,40.946945
2012-02-29 07:00:00,14.970726
2012-02-29 08:00:00,37.479973
2012-02-29 09:00:00,33.943497
2012-02-29 10:00:00,33.943497
2012-02-29 11:00:00,12.938887
2012-02-29 12:00:00,7.3641872
2012-02-29 13:00:00,14.452434
2012-02-29 14:00:00,14.452434
2012-02-29 15:00:00,68.39848
2012-02-29 16:00:00,71.22013
2012-02-29 17:00:00,46.89927
2012-02-29 18:00:00,44.263092
2012-02-29 19:00:00,43.781258
2012-02-29 20:00:00,55.507973
2012-02-29 21:00:00,55.507973
2012-02-29 22:00:00,41.86654
2012-02-29 23:00:00,41.86654
2012-03-20 00:00:00,116.362816
2012-03-20 01:00:00,69.49547
2012-03-20 02:00:00,74.175095
2012-03-20 03:00:00,75.43513
2012-03-20 04:00:00,76.69953
2012-03-20 05:00:00,51.369476
2012-03-20 06:00:00,59.945305
2012-03-20 07:00:00,69.00297
2012-03-20 08:00:00,75.14314
2012-03-20 09:00:00,84.010956
2012-03-20 10:00:00,79.627686
2012-03-20 11:00:00,103.24437
2012-03-20 12:00:00,134.73857
2012-03-20 13:00:00,131.62056
2012-03-20 14:00:00,155.51219
2012-03-20 15:00:00,170.35452
2012-03-20 16:00:00,179.8088
2012-03-20 17:00:00,151.12892
2012-03-20 18:00:00,166.45749
2012-03-20 19:00:00,133.77075
2012-03-20 20:00:00,146.69937
2012-03-20 21:00:00,121.00674
2012-03-20 22:00:00,103.0745
2012-03-20 23:00:00,79.00885
2012-03-21 00:00:00,86.09876
2012-03-21 01:00:00,106.04158
2012-03-21 02:00:00,87.36316
2012-03-21 03:00:00,96.42083
2012-03-21 04:00:00,93.30281
2012-03-21 05:00:00,93.30281
2012-03-21 06:00:00,73.94492
2012-03-21 07:00:00,78.32295
2012-03-21 08:00:00,73.64856
2012-03-21 09:00:00,94.864426
2012-03-21 10:00:00,115.877426
2012-03-21 11:00:00,115.877426
2012-03-21 12:00:00,131.36725
2012-03-21 13:00:00,113.05141
2012-03-21 14:00:00,134.0363
2012-03-21 15:00:00,134.0363
2012-03-21 16:00:00,149.10965
2012-03-21 17:00:00,180.23996
2012-03-21 18:00:00,175.56035
2012-03-21 19:00:00,195.09682
2012-03-21 20:00:00,132.77626
2012-03-21 21:00:00,112.56958
2012-03-21 22:00:00,109.93778
2012-03-21 23:00:00,125.427605
2012-03-22 00:00:00,106.04158
2012-03-22 01:00:00,106.04158
2012-03-22 02:00:00,106.04158
2012-03-22 03:00:00,106.04158
2012-03-22 04:00:00,48.614876
2012-03-22 05:00:00,48.614876
2012-03-22 06:00:00,48.614876
2012-03-22 07:00:00,48.614876
2012-03-22 08:00:00,72.6524
2012-03-22 09:00:00,72.6524
2012-03-22 10:00:00,54.336563
2012-03-22 11:00:00,73.72258
2012-03-22 12:00:00,107.92043
2012-03-22 13:00:00,138.52606
2012-03-22 14:00:00,168.80762
2012-03-22 15:00:00,191.44238
2012-03-22 16:00:00,205.12949
2012-03-22 17:00:00,209.29474
2012-03-22 18:00:00,209.29474
2012-03-22 19:00:00,212.92947
2012-03-22 20:00:00,179.63817
2012-03-22 21:00:00,142.42227
2012-03-22 22:00:00,122.96567
2012-03-22 23:00:00,117.51307
2012-03-23 00:00:00,112.83344
2012-03-23 01:00:00,91.84857
2012-03-23 02:00:00,96.52819
2012-03-23 03:00:00,91.55658
2012-03-23 04:00:00,73.430595
2012-03-23 05:00:00,67.97277
2012-03-23 06:00:00,86.288605
2012-03-23 07:00:00,78.03963
2012-03-23 08:00:00,74.986984
2012-03-23 09:00:00,90.612755
2012-03-23 10:00:00,108.96773
2012-03-23 11:00:00,176.22379
2012-03-23 12:00:00,230.56296
2012-03-23 13:00:00,270.02496
2012-03-23 14:00:00,295.27512
2012-03-23 15:00:00,296.8315
2012-03-23 16:00:00,298.39313
2012-03-23 17:00:00,298.39313
2012-03-23 18:00:00,277.57388
2012-03-23 19:00:00,256.64072
2012-03-23 20:00:00,262.68063
2012-03-23 21:00:00,239.8554
2012-03-23 22:00:00,209.90866
2012-03-23 23:00:00,188.81058
2012-03-24 00:00:00,164.78867
2012-03-24 01:00:00,148.4553
2012-03-24 02:00:00,131.30125
2012-03-24 03:00:00,131.30125
2012-03-24 04:00:00,106.45742
2012-03-24 05:00:00,116.293274
2012-03-24 06:00:00,116.293274
2012-03-24 07:00:00,93.71866
2012-03-24 08:00:00,78.520836
2012-03-24 09:00:00,114.73167
2012-03-24 10:00:00,102.58648
2012-03-24 11:00:00,78.520836
2012-03-24 12:00:00,91.77192
2012-03-24 13:00:00,93.32831
2012-03-24 14:00:00,117.10196
2012-03-24 15:00:00,96.15433
2012-03-24 16:00:00,89.91832
2012-03-24 17:00:00,104.337944
2012-03-24 18:00:00,74.55061
2012-03-24 19:00:00,69.87099
2012-03-24 20:00:00,48.951454
2012-03-24 21:00:00,48.951454
2012-03-24 22:00:00,52.069466
2012-03-24 23:00:00,66.00726
2012-03-25 00:00:00,66.00726
2012-03-25 01:00:00,40.379997
2012-03-25 02:00:00,48.65947
2012-03-25 03:00:00,66.97531
2012-03-25 04:00:00,62.59726
2012-03-25 05:00:00,34.65831
2012-03-25 06:00:00,34.65831
2012-03-25 07:00:00,56.875572
2012-03-25 08:00:00,56.875572
2012-03-25 09:00:00,52.974144
2012-03-25 10:00:00,78.24405
2012-03-25 11:00:00,52.974144
2012-03-25 12:00:00,51.417755
2012-03-25 13:00:00,72.337265
2012-03-25 14:00:00,78.08708
2012-03-25 15:00:00,79.64348
2012-03-25 16:00:00,108.62213
2012-03-25 17:00:00,134.28662
2012-03-25 18:00:00,134.28662
2012-03-25 19:00:00,142.85725
2012-03-25 20:00:00,120.31596
2012-03-25 21:00:00,117.19795
2012-03-25 22:00:00,94.62335
2012-03-25 23:00:00,100.37315
2012-03-26 00:00:00,107.45857
2012-03-26 01:00:00,106.19333
2012-03-26 02:00:00,80.57129
2012-03-26 03:00:00,97.325516
2012-03-26 04:00:00,90.04741
2012-03-26 05:00:00,105.31061
2012-03-26 06:00:00,85.85399
2012-03-26 07:00:00,122.13018
2012-03-26 08:00:00,154.21819
2012-03-26 09:00:00,208.84747
2012-03-26 10:00:00,269.48804
2012-03-26 11:00:00,279.02957
2012-03-26 12:00:00,269.80627
2012-03-26 13:00:00,290.59268
2012-03-26 14:00:00,265.91006
2012-03-26 15:00:00,286.69122
2012-03-26 16:00:00,300.4634
2012-03-26 17:00:00,287.634
2012-03-26 18:00:00,275.807
2012-03-26 19:00:00,271.48288
2012-03-26 20:00:00,268.23172
2012-03-26 21:00:00,263.97296
2012-03-26 22:00:00,238.44531
2012-03-26 23:00:00,232.78098
2012-03-27 00:00:00,228.25183
2012-03-27 01:00:00,219.384
2012-03-27 02:00:00,182.88095
2012-03-27 03:00:00,184.44257
2012-03-27 04:00:00,174.14388
2012-03-27 05:00:00,153.50797
2012-03-27 06:00:00,153.10161
2012-03-27 07:00:00,153.10161
2012-03-27 08:00:00,154.28615
2012-03-27 09:00:00,151.5255
2012-03-27 10:00:00,172.24
2012-03-27 11:00:00,197.04922
2012-03-27 12:00:00,202.79901
2012-03-27 13:00:00,217.90526
2012-03-27 14:00:00,254.06734
2012-03-27 15:00:00,264.98538
2012-03-27 16:00:00,264.98538
2012-03-27 17:00:00,282.94574
2012-03-27 18:00:00,278.8229
2012-03-27 19:00:00,274.14328
2012-03-27 20:00:00,278.8229
2012-03-27 21:00:00,195.9547
2012-03-27 22:00:00,194.39307
2012-03-27 23:00:00,197.5111
2012-03-28 00:00:00,188.75952
2012-03-28 01:00:00,171.22188
2012-03-28 02:00:00,152.069
2012-03-28 03:00:00,174.99907
2012-03-28 04:00:00,180.37979
2012-03-28 05:00:00,180.37979
2012-03-28 06:00:00,174.33989
2012-03-28 07:00:00,172.7835
2012-03-28 08:00:00,192.85332
2012-03-28 09:00:00,212.44066
2012-03-28 10:00:00,234.17754
2012-03-28 11:00:00,241.03998
2012-03-28 12:00:00,266.07556
2012-03-28 13:00:00,252.09067
2012-03-28 14:00:00,298.89517
2012-03-28 15:00:00,292.55893
2012-03-28 16:00:00,281.48285
2012-03-28 17:00:00,219.0012
2012-03-28 18:00:00,219.0012
2012-03-28 19:00:00,233.89532
2012-03-28 20:00:00,239.35315
2012-03-28 21:00:00,202.04417
2012-03-28 22:00:00,177.84781
2012-03-28 23:00:00,159.91556
2012-03-29 00:00:00,163.03357
2012-03-29 01:00:00,190.05835
2012-03-29 02:00:00,320.58188
2012-03-29 03:00:00,299.7286
2012-03-29 04:00:00,258.08618
2012-03-29 05:00:00,223.30626
2012-03-29 06:00:00,170.6542
2012-03-29 07:00:00,200.53313
2012-03-29 08:00:00,215.86171
2012-03-29 09:00:00,218.55887
2012-03-29 10:00:00,217.42332
2012-03-29 11:00:00,233.43849
2012-03-29 12:00:00,246.4926
2012-03-29 13:00:00,220.3452
2012-03-29 14:00:00,239.47838
2012-03-29 15:00:00,254.38612
2012-03-29 16:00:00,261.9876
2012-03-29 17:00:00,259.00037
2012-03-29 18:00:00,245.5183
2012-03-29 19:00:00,239.0184
2012-03-29 20:00:00,237.09943
2012-03-29 21:00:00,212.28369
2012-03-29 22:00:00,206.53387
2012-03-29 23:00:00,198.15417
2012-03-30 00:00:00,192.43248
2012-03-30 01:00:00,176.74655
2012-03-30 02:00:00,149.85341
2012-03-30 03:00:00,115.37995
2012-03-30 04:00:00,141.73975
2012-03-30 05:00:00,111.56885
2012-03-30 06:00:00,126.11399
2012-03-30 07:00:00,123.43043
2012-03-30 08:00:00,95.95668
2012-03-30 09:00:00,129.15211
2012-03-30 10:00:00,141.96875
2012-03-30 11:00:00,152.99475
2012-03-30 12:00:00,155.6638
2012-03-30 13:00:00,179.56383
2012-03-30 14:00:00,167.35327
2012-03-30 15:00:00,173.07495
2012-03-30 16:00:00,157.744
2012-03-30 17:00:00,148.68634
2012-03-30 18:00:00,171.32788
2012-03-30 19:00:00,142.74669
2012-03-30 20:00:00,139.6287
2012-03-30 21:00:00,120.10671
2012-03-30 22:00:00,92.16498
2012-03-30 23:00:00,92.107605
2012-03-31 00:00:00,74.79834
2012-03-31 01:00:00,104.803635
2012-03-31 02:00:00,110.5907
2012-03-31 03:00:00,83.66616
2012-03-31 04:00:00,113.22687
2012-03-31 05:00:00,82.109764
2012-03-31 06:00:00,49.67826
2012-03-31 07:00:00,49.67826
2012-03-31 08:00:00,51.23465
2012-03-31 09:00:00,104.803635
2012-03-31 10:00:00,101.68562
2012-03-31 11:00:00,125.149734
2012-03-31 12:00:00,139.14853
2012-03-31 13:00:00,184.7525
2012-03-31 14:00:00,176.27063
2012-03-31 15:00:00,195.79262
2012-03-31 16:00:00,178.61046
2012-03-31 17:00:00,160.97458
2012-03-31 18:00:00,142.51935
2012-03-31 19:00:00,133.10431
2012-03-31 20:00:00,127.08626
2012-03-31 21:00:00,127.08626
2012-03-31 22:00:00,117.435036
2012-03-31 23:00:00,85.22003
2012-04-20 00:00:00,144.19049
2012-04-20 01:00:00,97.325516
2012-04-20 02:00:00,73.287964
2012-04-20 03:00:00,68.61357
2012-04-20 04:00:00,44.547928
2012-04-20 05:00:00,39.09011
2012-04-20 06:00:00,57.405945
2012-04-20 07:00:00,39.09011
2012-04-20 08:00:00,44.839912
2012-04-20 09:00:00,73.55708
2012-04-20 10:00:00,124.060196
2012-04-20 11:00:00,161.47717
2012-04-20 12:00:00,220.29465
2012-04-20 13:00:00,275.05615
2012-04-20 14:00:00,275.04166
2012-04-20 15:00:00,264.3221
2012-04-20 16:00:00,274.95657
2012-04-20 17:00:00,269.00174
2012-04-20 18:00:00,258.3673
2012-04-20 19:00:00,243.05324
2012-04-20 20:00:00,209.58032
2012-04-20 21:00:00,165.63724
2012-04-20 22:00:00,166.15157
2012-04-20 23:00:00,141.95518
2012-04-21 00:00:00,131.78748
2012-04-21 01:00:00,131.78748
2012-04-21 02:00:00,127.10785
2012-04-21 03:00:00,110.77447
2012-04-21 04:00:00,112.33086
2012-04-21 05:00:00,112.33086
2012-04-21 06:00:00,110.77446
2012-04-21 07:00:00,113.89247
2012-04-21 08:00:00,121.1333
2012-04-21 09:00:00,134.41927
2012-04-21 10:00:00,210.32452
2012-04-21 11:00:00,223.29875
2012-04-21 12:00:00,235.7732
2012-04-21 13:00:00,246.40765
2012-04-21 14:00:00,284.22574
2012-04-21 15:00:00,306.70163
2012-04-21 16:00:00,295.72345
2012-04-21 17:00:00,348.611
2012-04-21 18:00:00,293.494
2012-04-21 19:00:00,181.37724
2012-04-21 20:00:00,126.54999
2012-04-21 21:00:00,131.2296
2012-04-21 22:00:00,108.948975
2012-04-21 23:00:00,108.36064
2012-04-22 00:00:00,103.68101
2012-04-22 01:00:00,110.70045
2012-04-22 02:00:00,132.94736
2012-04-22 03:00:00,96.402916
2012-04-22 04:00:00,111.66611
2012-04-22 05:00:00,114.78411
2012-04-22 06:00:00,135.50513
2012-04-22 07:00:00,123.54979
2012-04-22 08:00:00,95.545456
2012-04-22 09:00:00,95.545456
2012-04-22 10:00:00,93.69708
2012-04-22 11:00:00,76.87227
2012-04-22 12:00:00,78.43389
2012-04-22 13:00:00,95.25348
2012-04-22 14:00:00,78.43389
2012-04-22 15:00:00,81.55191
2012-04-22 16:00:00,84.66991
2012-04-22 17:00:00,43.595474
2012-04-22 18:00:00,43.595474
2012-04-22 19:00:00,65.80752
2012-04-22 20:00:00,46.279037
2012-04-22 21:00:00,63.038483
2012-04-22 22:00:00,55.812546
2012-04-22 23:00:00,81.00534
2012-04-23 00:00:00,82.49486
2012-04-23 01:00:00,51.066032
2012-04-23 02:00:00,42.09346
2012-04-23 03:00:00,58.06948
2012-04-23 04:00:00,58.287445
2012-04-23 05:00:00,58.287445
2012-04-23 06:00:00,48.852707
2012-04-23 07:00:00,56.72583
2012-04-23 08:00:00,68.730156
2012-04-23 09:00:00,71.84816
2012-04-23 10:00:00,93.98832
2012-04-23 11:00:00,91.299545
2012-04-23 12:00:00,99.90826
2012-04-23 13:00:00,116.73306
2012-04-23 14:00:00,137.81143
2012-04-23 15:00:00,132.99895
2012-04-23 16:00:00,57.91037
2012-04-23 17:00:00,53.30134
2012-04-23 18:00:00,64.729965
2012-04-23 19:00:00,75.96448
2012-04-23 20:00:00,71.36994
2012-04-23 21:00:00,54.951477
2012-04-23 22:00:00,66.98668
2012-04-23 23:00:00,65.43029
2012-04-24 00:00:00,74.0535
2012-04-24 01:00:00,58.790314
2012-04-24 02:00:00,51.72348
2012-04-24 03:00:00,49.011818
2012-04-24 04:00:00,75.30754
2012-04-24 05:00:00,75.30754
2012-04-24 06:00:00,76.869156
2012-04-24 07:00:00,97.91941
2012-04-24 08:00:00,117.37079
2012-04-24 09:00:00,195.55048
2012-04-24 10:00:00,198.15417
2012-04-24 11:00:00,263.14755
2012-04-24 12:00:00,275.00262
2012-04-24 13:00:00,280.7243
2012-04-24 14:00:00,292.93484
2012-04-24 15:00:00,300.59653
2012-04-24 16:00:00,288.90268
2012-04-24 17:00:00,307.84256
2012-04-24 18:00:00,294.03366
2012-04-24 19:00:00,307.2839
2012-04-24 20:00:00,296.3057
2012-04-24 21:00:00,266.55124
2012-04-24 22:00:00,230.40343
2012-04-24 23:00:00,214.7175
2012-04-25 00:00:00,215.78769
2012-04-25 01:00:00,200.87997
2012-04-25 02:00:00,119.58135
2012-04-25 03:00:00,84.09509
2012-04-25 04:00:00,102.05545
2012-04-25 05:00:00,101.620995
2012-04-25 06:00:00,101.620995
2012-04-25 07:00:00,86.3578
2012-04-25 08:00:00,77.25076
2012-04-25 09:00:00,161.19565
2012-04-25 10:00:00,250.94125
2012-04-25 11:00:00,264.06073
2012-04-25 12:00:00,289.81876
2012-04-25 13:00:00,298.52768
2012-04-25 14:00:00,317.75244
2012-04-25 15:00:00,322.52798
2012-04-25 16:00:00,342.2913
2012-04-25 17:00:00,340.7297
2012-04-25 18:00:00,339.9515
2012-04-25 19:00:00,335.27185
2012-04-25 20:00:00,303.72403
2012-04-25 21:00:00,203.00797
2012-04-25 22:00:00,193.29657
2012-04-25 23:00:00,203.91586
2012-04-26 00:00:00,156.88289
2012-04-26 01:00:00,207.35208
2012-04-26 02:00:00,186.76181
2012-04-26 03:00:00,185.98363
2012-04-26 04:00:00,173.77307
2012-04-26 05:00:00,163.8971
2012-04-26 06:00:00,170.13312
2012-04-26 07:00:00,117.78064
2012-04-26 08:00:00,109.20482
2012-04-26 09:00:00,89.332596
2012-04-26 10:00:00,65.0771
2012-04-26 11:00:00,68.19511
2012-04-26 12:00:00,114.31582
2012-04-26 13:00:00,113.18027
2012-04-26 14:00:00,141.49947
2012-04-26 15:00:00,124.45326
2012-04-26 16:00:00,118.99544
2012-04-26 17:00:00,134.00342
2012-04-26 18:00:00,141.49947
2012-04-26 19:00:00,143.06108
2012-04-26 20:00:00,135.55981
2012-04-26 21:00:00,113.055786
2012-04-26 22:00:00,109.93778
2012-04-26 23:00:00,88.924774
2012-04-27 00:00:00,181.74161
2012-04-27 01:00:00,192.26315
2012-04-27 02:00:00,184.97984
2012-04-27 03:00:00,214.0362
2012-04-27 04:00:00,204.97227
2012-04-27 05:00:00,210.43008
2012-04-27 06:00:00,202.30322
2012-04-27 07:00:00,176.74655
2012-04-27 08:00:00,167.68452
2012-04-27 09:00:00,217.4443
2012-04-27 10:00:00,237.61375
2012-04-27 11:00:00,232.93933
2012-04-27 12:00:00,246.32272
2012-04-27 13:00:00,257.04227
2012-04-27 14:00:00,253.92422
2012-04-27 15:00:00,291.92673
2012-04-27 16:00:00,279.45468
2012-04-27 17:00:00,307.48712
2012-04-27 18:00:00,297.12305
2012-04-27 19:00:00,286.8296
2012-04-27 20:00:00,257.6897
2012-04-27 21:00:00,246.64093
2012-04-27 22:00:00,223.28812
2012-04-27 23:00:00,211.46112
2012-04-28 00:00:00,192.29486
2012-04-28 01:00:00,159.42719
2012-04-28 02:00:00,178.0547
2012-04-28 03:00:00,152.86191
2012-04-28 04:00:00,153.98907
2012-04-28 05:00:00,161.58539
2012-04-28 06:00:00,155.54547
2012-04-28 07:00:00,153.98907
2012-04-28 08:00:00,199.89116
2012-04-28 09:00:00,207.97453
2012-04-28 10:00:00,207.39243
2012-04-28 11:00:00,204.27441
2012-04-28 12:00:00,189.65869
2012-04-28 13:00:00,213.72433
2012-04-28 14:00:00,215.91154
2012-04-28 15:00:00,212.98962
2012-04-28 16:00:00,232.2754
2012-04-28 17:00:00,214.24966
2012-04-28 18:00:00,189.13759
2012-04-28 19:00:00,102.89852
2012-04-28 20:00:00,119.448
2012-04-28 21:00:00,106.01653
2012-04-28 22:00:00,96.95886
2012-04-28 23:00:00,93.60123
2012-04-29 00:00:00,72.37214
2012-04-29 01:00:00,66.43248
2012-04-29 02:00:00,50.805428
2012-04-29 03:00:00,51.23465
2012-04-29 04:00:00,48.116646
2012-04-29 05:00:00,37.931427
2012-04-29 06:00:00,36.427193
2012-04-29 07:00:00,42.36685
2012-04-29 08:00:00,89.99617
2012-04-29 09:00:00,111.00917
2012-04-29 10:00:00,126.60682
2012-04-29 11:00:00,182.24094
2012-04-29 12:00:00,214.81705
2012-04-29 13:00:00,217.48608
2012-04-29 14:00:00,257.1069
2012-04-29 15:00:00,260.68488
2012-04-29 16:00:00,315.5399
2012-04-29 17:00:00,325.52686
2012-04-29 18:00:00,326.3248
2012-04-29 19:00:00,266.7902
2012-04-29 20:00:00,273.6135
2012-04-29 21:00:00,215.63437
2012-04-29 22:00:00,212.02826
2012-04-29 23:00:00,163.56963
2012-04-30 00:00:00,117.45579
2012-04-30 01:00:00,95.66459
2012-04-30 02:00:00,116.31502
2012-04-30 03:00:00,96.89173
2012-04-30 04:00:00,138.55328
2012-04-30 05:00:00,138.55328
2012-04-30 06:00:00,186.97466
2012-04-30 07:00:00,177.81674
2012-04-30 08:00:00,199.18521
2012-04-30 09:00:00,205.12486
2012-04-30 10:00:00,215.39545
2012-04-30 11:00:00,208.86932
2012-04-30 12:00:00,201.26779
2012-04-30 13:00:00,198.19417
2012-04-30 14:00:00,194.03989
2012-04-30 15:00:00,198.23329
2012-04-30 16:00:00,193.17636
2012-04-30 17:00:00,191.61996
2012-04-30 18:00:00,200.67761
2012-04-30 19:00:00,184.30177
2012-04-30 20:00:00,190.69714
2012-04-30 21:00:00,190.69714
2012-04-30 22:00:00,201.3513
2012-04-30 23:00:00,204.4693
2012-05-20 00:00:00,216.03607
2012-05-20 01:00:00,207.8811
2012-05-20 02:00:00,207.8811
2012-05-20 03:00:00,194.62848
2012-05-20 04:00:00,152.24701
2012-05-20 05:00:00,135.06482
2012-05-20 06:00:00,164.09497
2012-05-20 07:00:00,157.6996
2012-05-20 08:00:00,204.24637
2012-05-20 09:00:00,312.16904
2012-05-20 10:00:00,311.35666
2012-05-20 11:00:00,306.81296
2012-05-20 12:00:00,312.56277
2012-05-20 13:00:00,308.64682
2012-05-20 14:00:00,313.7211
2012-05-20 15:00:00,315.49542
2012-05-20 16:00:00,303.00156
2012-05-20 17:00:00,292.28726
2012-05-20 18:00:00,272.49487
2012-05-20 19:00:00,235.17139
2012-05-20 20:00:00,235.17139
2012-05-20 21:00:00,203.4722
2012-05-20 22:00:00,182.39383
2012-05-20 23:00:00,174.84464
2012-05-21 00:00:00,130.78941
2012-05-21 01:00:00,133.90742
2012-05-21 02:00:00,104.38396
2012-05-21 03:00:00,119.09995
2012-05-21 04:00:00,125.0396
2012-05-21 05:00:00,125.0396
2012-05-21 06:00:00,125.0396
2012-05-21 07:00:00,125.0396
2012-05-21 08:00:00,122.69979
2012-05-21 09:00:00,121.1434
2012-05-21 10:00:00,130.01122
2012-05-21 11:00:00,138.82043
2012-05-21 12:00:00,143.49484
2012-05-21 13:00:00,149.4345
2012-05-21 14:00:00,146.3165
2012-05-21 15:00:00,186.64801
2012-05-21 16:00:00,189.76602
2012-05-21 17:00:00,207.69826
2012-05-21 18:00:00,176.03394
2012-05-21 19:00:00,193.18802
2012-05-21 20:00:00,189.8009
2012-05-21 21:00:00,185.98978
2012-05-21 22:00:00,179.3418
2012-05-21 23:00:00,179.63817
2012-05-22 00:00:00,131.83348
2012-05-22 01:00:00,131.53712
2012-05-22 02:00:00,129.98073
2012-05-22 03:00:00,129.98073
2012-05-22 04:00:00,112.08574
2012-05-22 05:00:00,119.58179
2012-05-22 06:00:00,114.90739
2012-05-22 07:00:00,114.90739
2012-05-22 08:00:00,110.524124
2012-05-22 09:00:00,135.70244
2012-05-22 10:00:00,154.46071
2012-05-22 11:00:00,149.7811
2012-05-22 12:00:00,160.9606
2012-05-22 13:00:00,176.51578
2012-05-22 14:00:00,181.9736
2012-05-22 15:00:00,229.08063
2012-05-22 16:00:00,224.13712
2012-05-22 17:00:00,251.51929
2012-05-22 18:00:00,225.69351
2012-05-22 19:00:00,200.20221
2012-05-22 20:00:00,183.82635
2012-05-22 21:00:00,156.57733
2012-05-22 22:00:00,169.50595
2012-05-22 23:00:00,170.28415
2012-05-23 00:00:00,156.57733
2012-05-23 01:00:00,132.88078
2012-05-23 02:00:00,138.82043
2012-05-23 03:00:00,149.29926
2012-05-23 04:00:00,140.59479
2012-05-23 05:00:00,122.69979
2012-05-23 06:00:00,103.02806
2012-05-23 07:00:00,118.58326
2012-05-23 08:00:00,118.58326
2012-05-23 09:00:00,155.50276
2012-05-23 10:00:00,154.24275
2012-05-23 11:00:00,170.57613
2012-05-23 12:00:00,199.12766
2012-05-23 13:00:00,187.76067
2012-05-23 14:00:00,213.48294
2012-05-23 15:00:00,230.34065
2012-05-23 16:00:00,240.95992
2012-05-23 17:00:00,200.12381
2012-05-23 18:00:00,200.12381
2012-05-23 19:00:00,144.57025
2012-05-23 20:00:00,140.67404
2012-05-23 21:00:00,135.99442
2012-05-23 22:00:00,144.57025
2012-05-23 23:00:00,131.31917
2012-05-24 00:00:00,128.98457
2012-05-24 01:00:00,109.47623
2012-05-24 02:00:00,104.7966
2012-05-24 03:00:00,116.19408
2012-05-24 04:00:00,119.31208
2012-05-24 05:00:00,119.31208
2012-05-24 06:00:00,119.31208
2012-05-24 07:00:00,129.76277
2012-05-24 08:00:00,171.84055
2012-05-24 09:00:00,173.40216
2012-05-24 10:00:00,202.01146
2012-05-24 11:00:00,207.73314
2012-05-24 12:00:00,239.01675
2012-05-24 13:00:00,260.0951
2012-05-24 14:00:00,265.88217
2012-05-24 15:00:00,267.43857
2012-05-24 16:00:00,272.8964
2012-05-24 17:00:00,269.00015
2012-05-24 18:00:00,268.6709
2012-05-24 19:00:00,239.99104
2012-05-24 20:00:00,209.25987
2012-05-24 21:00:00,171.49478
2012-05-24 22:00:00,162.43713
2012-05-24 23:00:00,163.99352
2012-05-25 00:00:00,137.06898
2012-05-25 01:00:00,134.73439
2012-05-25 02:00:00,135.99442
2012-05-25 03:00:00,121.915764
2012-05-25 04:00:00,116.45795
2012-05-25 05:00:00,121.137566
2012-05-25 06:00:00,121.915764
2012-05-25 07:00:00,125.03377
2012-05-25 08:00:00,124.612946
2012-05-25 09:00:00,126.16933
2012-05-25 10:00:00,172.30762
2012-05-25 11:00:00,170.746
2012-05-25 12:00:00,224.5906
2012-05-25 13:00:00,239.83408
2012-05-25 14:00:00,252.04463
2012-05-25 15:00:00,252.94704
2012-05-25 16:00:00,286.51157
2012-05-25 17:00:00,257.62665
2012-05-25 18:00:00,252.94704
2012-05-25 19:00:00,246.07008
2012-05-25 20:00:00,220.76627
2012-05-25 21:00:00,219.20467
2012-05-25 22:00:00,178.703
2012-05-25 23:00:00,168.48329
2012-05-26 00:00:00,140.52296
2012-05-26 01:00:00,138.96135
2012-05-26 02:00:00,120.64553
2012-05-26 03:00:00,116.39195
2012-05-26 04:00:00,117.948364
2012-05-26 05:00:00,143.72083
2012-05-26 06:00:00,121.06636
2012-05-26 07:00:00,125.449615
2012-05-26 08:00:00,158.46971
2012-05-26 09:00:00,142.07938
2012-05-26 10:00:00,175.84146
2012-05-26 11:00:00,199.53802
2012-05-26 12:00:00,236.99225
2012-05-26 13:00:00,245.42564
2012-05-26 14:00:00,246.98724
2012-05-26 15:00:00,250.10526
2012-05-26 16:00:00,283.5992
2012-05-26 17:00:00,294.42346
2012-05-26 18:00:00,285.58377
2012-05-26 19:00:00,242.93192
2012-05-26 20:00:00,270.67606
2012-05-26 21:00:00,247.83104
2012-05-26 22:00:00,202.65604
2012-05-26 23:00:00,202.65604
2012-05-27 00:00:00,209.18951
2012-05-27 01:00:00,185.35486
2012-05-27 02:00:00,182.6858
2012-05-27 03:00:00,179.56781
2012-05-27 04:00:00,140.60284
2012-05-27 05:00:00,140.60284
2012-05-27 06:00:00,139.04643
2012-05-27 07:00:00,119.509964
2012-05-27 08:00:00,142.07938
2012-05-27 09:00:00,153.63596
2012-05-27 10:00:00,192.66107
2012-05-27 11:00:00,231.24246
2012-05-27 12:00:00,238.54865
2012-05-27 13:00:00,265.57346
2012-05-27 14:00:00,268.69147
2012-05-27 15:00:00,290.04544
2012-05-27 16:00:00,290.04544
2012-05-27 17:00:00,299.98154
2012-05-27 18:00:00,271.03128
2012-05-27 19:00:00,265.57346
2012-05-27 20:00:00,263.18
2012-05-27 21:00:00,222.62958
2012-05-27 22:00:00,142.34993
2012-05-27 23:00:00,149.36414
2012-05-28 00:00:00,133.96129
2012-05-28 01:00:00,163.3055
2012-05-28 02:00:00,128.2115
2012-05-28 03:00:00,165.61484
2012-05-28 04:00:00,143.06834
2012-05-28 05:00:00,143.06834
2012-05-28 06:00:00,165.61484
2012-05-28 07:00:00,147.23364
2012-05-28 08:00:00,180.72108
2012-05-28 09:00:00,216.61368
2012-05-28 10:00:00,216.61368
2012-05-28 11:00:00,218.35968
2012-05-28 12:00:00,242.04172
2012-05-28 13:00:00,271.04996
2012-05-28 14:00:00,271.04996
2012-05-28 15:00:00,294.67316
2012-05-28 16:00:00,296.23477
2012-05-28 17:00:00,294.67316
2012-05-28 18:00:00,279.76544
2012-05-28 19:00:00,287.73083
2012-05-28 20:00:00,260.61255
2012-05-28 21:00:00,241.9021
2012-05-28 22:00:00,213.46053
2012-05-28 23:00:00,199.77347
2012-05-29 00:00:00,183.85898
2012-05-29 01:00:00,183.85898
2012-05-29 02:00:00,158.53546
2012-05-29 03:00:00,178.54364
2012-05-29 04:00:00,168.48329
2012-05-29 05:00:00,168.48329
2012-05-29 06:00:00,168.48329
2012-05-29 07:00:00,168.48329
2012-05-29 08:00:00,199.1222
2012-05-29 09:00:00,220.17245
2012-05-29 10:00:00,228.26205
2012-05-29 11:00:00,258.40485
2012-05-29 12:00:00,297.07974
2012-05-29 13:00:00,315.07736
2012-05-29 14:00:00,316.63373
2012-05-29 15:00:00,324.23526
2012-05-29 16:00:00,329.68784
2012-05-29 17:00:00,330.7044
2012-05-29 18:00:00,319.6929
2012-05-29 19:00:00,293.5258
2012-05-29 20:00:00,263.56418
2012-05-29 21:00:00,140.06357
2012-05-29 22:00:00,121.137566
2012-05-29 23:00:00,99.83659
2012-05-30 00:00:00,130.55258
2012-05-30 01:00:00,135.22699
2012-05-30 02:00:00,104.51621
2012-05-30 03:00:00,129.4118
2012-05-30 04:00:00,123.47216
2012-05-30 05:00:00,162.51698
2012-05-30 06:00:00,155.23892
2012-05-30 07:00:00,165.85297
2012-05-30 08:00:00,177.86526
2012-05-30 09:00:00,197.38202
2012-05-30 10:00:00,202.06165
2012-05-30 11:00:00,216.7908
2012-05-30 12:00:00,245.76945
2012-05-30 13:00:00,254.92738
2012-05-30 14:00:00,290.89185
2012-05-30 15:00:00,267.6914
2012-05-30 16:00:00,269.25302
2012-05-30 17:00:00,275.99124
2012-05-30 18:00:00,279.88745
2012-05-30 19:00:00,260.0951
2012-05-30 20:00:00,190.2763
2012-05-30 21:00:00,236.34767
2012-05-30 22:00:00,193.96619
2012-05-30 23:00:00,206.17676
2012-05-31 00:00:00,189.8009
2012-05-31 01:00:00,187.46631
2012-05-31 02:00:00,199.67686
2012-05-31 03:00:00,185.98978
2012-05-31 04:00:00,181.31017
2012-05-31 05:00:00,194.5604
2012-05-31 06:00:00,175.04362
2012-05-31 07:00:00,209.90866
2012-05-31 08:00:00,235.43723
2012-05-31 09:00:00,268.91663
2012-05-31 10:00:00,307.58353
2012-05-31 11:00:00,313.9527
2012-05-31 12:00:00,309.27307
2012-05-31 13:00:00,313.73688
2012-05-31 14:00:00,334.81522
2012-05-31 15:00:00,334.1678
2012-05-31 16:00:00,333.38956
2012-05-31 17:00:00,333.25885
2012-05-31 18:00:00,332.11807
2012-05-31 19:00:00,316.8746
2012-05-31 20:00:00,279.14996
2012-05-31 21:00:00,279.14996
2012-05-31 22:00:00,255.08434
2012-05-31 23:00:00,245.99179
2012-06-20 00:00:00,183.85898
2012-06-20 01:00:00,173.864
2012-06-20 02:00:00,150.1021
2012-06-20 03:00:00,148.54047
2012-06-20 04:00:00,146.20589
2012-06-20 05:00:00,146.20589
2012-06-20 06:00:00,123.83473
2012-06-20 07:00:00,124.8768
2012-06-20 08:00:00,185.12425
2012-06-20 09:00:00,204.9246
2012-06-20 10:00:00,301.8219
2012-06-20 11:00:00,319.84763
2012-06-20 12:00:00,330.11823
2012-06-20 13:00:00,331.91296
2012-06-20 14:00:00,357.57224
2012-06-20 15:00:00,365.40036
2012-06-20 16:00:00,370.8582
2012-06-20 17:00:00,359.2951
2012-06-20 18:00:00,359.2951
2012-06-20 19:00:00,362.55035
2012-06-20 20:00:00,349.13885
2012-06-20 21:00:00,321.13977
2012-06-20 22:00:00,314.33618
2012-06-20 23:00:00,267.42554
2012-06-21 00:00:00,239.70474
2012-06-21 01:00:00,213.08905
2012-06-21 02:00:00,211.53267
2012-06-21 03:00:00,221.33804
2012-06-21 04:00:00,185.49629
2012-06-21 05:00:00,186.2745
2012-06-21 06:00:00,191.43594
2012-06-21 07:00:00,191.43594
2012-06-21 08:00:00,235.02512
2012-06-21 09:00:00,312.41342
2012-06-21 10:00:00,337.52634
2012-06-21 11:00:00,364.98035
2012-06-21 12:00:00,397.88568
2012-06-21 13:00:00,387.75348
2012-06-21 14:00:00,380.22906
2012-06-21 15:00:00,408.15625
2012-06-21 16:00:00,394.7677
2012-06-21 17:00:00,371.65323
2012-06-21 18:00:00,368.0984
2012-06-21 19:00:00,381.48697
2012-06-21 20:00:00,358.94046
2012-06-21 21:00:00,327.293
2012-06-21 22:00:00,294.95435
2012-06-21 23:00:00,298.9954
2012-06-22 00:00:00,256.41757
2012-06-22 01:00:00,242.57791
2012-06-22 02:00:00,211.79654
2012-06-22 03:00:00,211.79654
2012-06-22 04:00:00,263.17032
2012-06-22 05:00:00,257.85495
2012-06-22 06:00:00,253.17532
2012-06-22 07:00:00,275.95935
2012-06-22 08:00:00,289.30542
2012-06-22 09:00:00,289.0723
2012-06-22 10:00:00,325.87387
2012-06-22 11:00:00,324.89954
2012-06-22 12:00:00,339.0827
2012-06-22 13:00:00,381.48697
2012-06-22 14:00:00,381.48697
2012-06-22 15:00:00,406.46152
2012-06-22 16:00:00,407.3846
2012-06-22 17:00:00,361.64963
2012-06-22 18:00:00,318.35306
2012-06-22 19:00:00,315.51474
2012-06-22 20:00:00,315.51474
2012-06-22 21:00:00,255.51299
2012-06-22 22:00:00,223.62549
2012-06-22 23:00:00,201.53793
2012-06-23 00:00:00,154.30023
2012-06-23 01:00:00,186.5726
2012-06-23 02:00:00,170.3721
2012-06-23 03:00:00,164.91951
2012-06-23 04:00:00,168.81572
2012-06-23 05:00:00,170.3721
2012-06-23 06:00:00,158.97986
2012-06-23 07:00:00,162.87607
2012-06-23 08:00:00,228.72096
2012-06-23 09:00:00,264.24448
2012-06-23 10:00:00,287.0895
2012-06-23 11:00:00,311.49612
2012-06-23 12:00:00,340.94247
2012-06-23 13:00:00,369.89273
2012-06-23 14:00:00,360.31863
2012-06-23 15:00:00,390.59924
2012-06-23 16:00:00,396.9749
2012-06-23 17:00:00,393.15854
2012-06-23 18:00:00,395.49838
2012-06-23 19:00:00,381.2662
2012-06-23 20:00:00,363.30588
2012-06-23 21:00:00,348.36087
2012-06-23 22:00:00,328.84412
2012-06-23 23:00:00,300.54132
2012-06-24 00:00:00,277.69632
2012-06-24 01:00:00,273.43597
2012-06-24 02:00:00,277.91428
2012-06-24 03:00:00,234.10715
2012-06-24 04:00:00,229.42752
2012-06-24 05:00:00,211.09332
2012-06-24 06:00:00,226.34201
2012-06-24 07:00:00,211.01346
2012-06-24 08:00:00,256.32785
2012-06-24 09:00:00,283.44614
2012-06-24 10:00:00,324.2234
2012-06-24 11:00:00,331.23758
2012-06-24 12:00:00,364.512
2012-06-24 13:00:00,367.62997
2012-06-24 14:00:00,389.03763
2012-06-24 15:00:00,396.9684
2012-06-24 16:00:00,386.69785
2012-06-24 17:00:00,380.59256
2012-06-24 18:00:00,373.01077
2012-06-24 19:00:00,357.3902
2012-06-24 20:00:00,324.9076
2012-06-24 21:00:00,294.4009
2012-06-24 22:00:00,282.4151
2012-06-24 23:00:00,273.25717
2012-06-25 00:00:00,266.94666
2012-06-25 01:00:00,246.23738
2012-06-25 02:00:00,230.97418
2012-06-25 03:00:00,229.86151
2012-06-25 04:00:00,192.39278
2012-06-25 05:00:00,204.1741
2012-06-25 06:00:00,181.96857
2012-06-25 07:00:00,207.29213
2012-06-25 08:00:00,220.99371
2012-06-25 09:00:00,244.67575
2012-06-25 10:00:00,290.86703
2012-06-25 11:00:00,347.54605
2012-06-25 12:00:00,330.07404
2012-06-25 13:00:00,298.62033
2012-06-25 14:00:00,333.64966
2012-06-25 15:00:00,355.5552
2012-06-25 16:00:00,378.77725
2012-06-25 17:00:00,399.76868
2012-06-25 18:00:00,382.6343
2012-06-25 19:00:00,377.66272
2012-06-25 20:00:00,366.2501
2012-06-25 21:00:00,348.54257
2012-06-25 22:00:00,353.23672
2012-06-25 23:00:00,336.4316
2012-06-26 00:00:00,334.9551
2012-06-26 01:00:00,330.49127
2012-06-26 02:00:00,272.10394
2012-06-26 03:00:00,260.27695
2012-06-26 04:00:00,261.05518
2012-06-26 05:00:00,250.82706
2012-06-26 06:00:00,233.93689
2012-06-26 07:00:00,237.0549
2012-06-26 08:00:00,256.12793
2012-06-26 09:00:00,275.71005
2012-06-26 10:00:00,312.09036
2012-06-26 11:00:00,331.9481
2012-06-26 12:00:00,341.09152
2012-06-26 13:00:00,361.30658
2012-06-26 14:00:00,361.30658
2012-06-26 15:00:00,373.13358
2012-06-26 16:00:00,376.55008
2012-06-26 17:00:00,370.79373
2012-06-26 18:00:00,367.67575
2012-06-26 19:00:00,360.66153
2012-06-26 20:00:00,351.95255
2012-06-26 21:00:00,333.58588
2012-06-26 22:00:00,330.95407
2012-06-26 23:00:00,300.3965
2012-06-27 00:00:00,303.51456
2012-06-27 01:00:00,294.37634
2012-06-27 02:00:00,245.99048
2012-06-27 03:00:00,258.56363
2012-06-27 04:00:00,308.20865
2012-06-27 05:00:00,300.61237
2012-06-27 06:00:00,268.69583
2012-06-27 07:00:00,304.50858
2012-06-27 08:00:00,304.42865
2012-06-27 09:00:00,315.04343
2012-06-27 10:00:00,329.02246
2012-06-27 11:00:00,361.49063
2012-06-27 12:00:00,368.7314
2012-06-27 13:00:00,387.8698
2012-06-27 14:00:00,394.31082
2012-06-27 15:00:00,397.93668
2012-06-27 16:00:00,404.74026
2012-06-27 17:00:00,401.62225
2012-06-27 18:00:00,387.8698
2012-06-27 19:00:00,376.01474
2012-06-27 20:00:00,357.16837
2012-06-27 21:00:00,336.08997
2012-06-27 22:00:00,320.06827
2012-06-27 23:00:00,290.78354
2012-06-28 00:00:00,274.31943
2012-06-28 01:00:00,256.65103
2012-06-28 02:00:00,273.54123
2012-06-28 03:00:00,273.54123
2012-06-28 04:00:00,233.5422
2012-06-28 05:00:00,249.21971
2012-06-28 06:00:00,249.21971
2012-06-28 07:00:00,233.5422
2012-06-28 08:00:00,275.87582
2012-06-28 09:00:00,276.69836
2012-06-28 10:00:00,303.79694
2012-06-28 11:00:00,368.63983
2012-06-28 12:00:00,395.78085
2012-06-28 13:00:00,402.6578
2012-06-28 14:00:00,406.9232
2012-06-28 15:00:00,406.9232
2012-06-28 16:00:00,411.73062
2012-06-28 17:00:00,414.7833
2012-06-28 18:00:00,401.4653
2012-06-28 19:00:00,388.6218
2012-06-28 20:00:00,369.4769
2012-06-28 21:00:00,292.42346
2012-06-28 22:00:00,300.02496
2012-06-28 23:00:00,300.67892
2012-06-29 00:00:00,300.67892
2012-06-29 01:00:00,293.08264
2012-06-29 02:00:00,271.79404
2012-06-29 03:00:00,271.79404
2012-06-29 04:00:00,243.11937
2012-06-29 05:00:00,252.21191
2012-06-29 06:00:00,261.26956
2012-06-29 07:00:00,252.21191
2012-06-29 08:00:00,287.93887
2012-06-29 09:00:00,290.86703
2012-06-29 10:00:00,395.37814
2012-06-29 11:00:00,395.65494
2012-06-29 12:00:00,410.19357
2012-06-29 13:00:00,408.71774
2012-06-29 14:00:00,426.37964
2012-06-29 15:00:00,414.6858
2012-06-29 16:00:00,414.6858
2012-06-29 17:00:00,436.64496
2012-06-29 18:00:00,417.1572
2012-06-29 19:00:00,378.29092
2012-06-29 20:00:00,402.39386
2012-06-29 21:00:00,350.17
2012-06-29 22:00:00,322.6302
2012-06-29 23:00:00,322.6302
2012-06-30 00:00:00,156.43954
2012-06-30 01:00:00,159.55756
2012-06-30 02:00:00,141.92406
2012-06-30 03:00:00,141.92406
2012-06-30 04:00:00,116.66588
2012-06-30 05:00:00,144.56023
2012-06-30 06:00:00,144.56023
2012-06-30 07:00:00,144.56023
2012-06-30 08:00:00,144.56023
2012-06-30 09:00:00,144.56023
2012-06-30 10:00:00,402.41446
2012-06-30 11:00:00,402.41446
2012-06-30 12:00:00,402.41446
2012-06-30 13:00:00,402.41446
2012-06-30 14:00:00,402.41446
2012-06-30 15:00:00,402.41446
2012-06-30 16:00:00,406.5425
2012-06-30 17:00:00,390.07324
2012-06-30 18:00:00,378.17435
2012-06-30 19:00:00,352.47934
2012-06-30 20:00:00,326.15247
2012-06-30 21:00:00,326.15247
2012-06-30 22:00:00,284.15457
2012-06-30 23:00:00,280.25833
2012-07-20 00:00:00,157.84918
2012-07-20 01:00:00,148.30447
2012-07-20 02:00:00,151.90952
2012-07-20 03:00:00,152.68771
2012-07-20 04:00:00,155.80573
2012-07-20 05:00:00,154.24411
2012-07-20 06:00:00,155.80573
2012-07-20 07:00:00,157.36212
2012-07-20 08:00:00,188.38983
2012-07-20 09:00:00,209.03374
2012-07-20 10:00:00,210.59535
2012-07-20 11:00:00,243.34956
2012-07-20 12:00:00,194.32947
2012-07-20 13:00:00,191.21147
2012-07-20 14:00:00,201.27179
2012-07-20 15:00:00,202.34636
2012-07-20 16:00:00,196.96564
2012-07-20 17:00:00,169.05595
2012-07-20 18:00:00,202.23386
2012-07-20 19:00:00,174.63586
2012-07-20 20:00:00,186.03336
2012-07-20 21:00:00,181.43884
2012-07-20 22:00:00,168.47975
2012-07-20 23:00:00,173.15936
2012-07-21 00:00:00,179.51486
2012-07-21 01:00:00,172.01358
2012-07-21 02:00:00,154.25668
2012-07-21 03:00:00,152.69508
2012-07-21 04:00:00,152.78015
2012-07-21 05:00:00,151.21855
2012-07-21 06:00:00,151.21855
2012-07-21 07:00:00,145.27888
2012-07-21 08:00:00,160.54208
2012-07-21 09:00:00,157.42407
2012-07-21 10:00:00,151.21855
2012-07-21 11:00:00,166.26378
2012-07-21 12:00:00,170.64705
2012-07-21 13:00:00,167.52904
2012-07-21 14:00:00,146.75543
2012-07-21 15:00:00,152.69508
2012-07-21 16:00:00,149.57707
2012-07-21 17:00:00,148.02068
2012-07-21 18:00:00,143.6374
2012-07-21 19:00:00,142.08101
2012-07-21 20:00:00,148.02068
2012-07-21 21:00:00,142.08102
2012-07-21 22:00:00,138.96301
2012-07-21 23:00:00,133.50519
2012-07-22 00:00:00,138.96301
2012-07-22 01:00:00,142.08102
2012-07-22 02:00:00,138.96301
2012-07-22 03:00:00,138.96301
2012-07-22 04:00:00,127.56554
2012-07-22 05:00:00,127.56554
2012-07-22 06:00:00,163.44298
2012-07-22 07:00:00,158.76335
2012-07-22 08:00:00,179.74826
2012-07-22 09:00:00,217.21698
2012-07-22 10:00:00,201.9538
2012-07-22 11:00:00,201.9538
2012-07-22 12:00:00,231.09369
2012-07-22 13:00:00,245.57866
2012-07-22 14:00:00,247.35953
2012-07-22 15:00:00,247.35953
2012-07-22 16:00:00,253.10933
2012-07-22 17:00:00,259.34534
2012-07-22 18:00:00,256.22736
2012-07-22 19:00:00,238.267
2012-07-22 20:00:00,220.33472
2012-07-22 21:00:00,201.95352
2012-07-22 22:00:00,221.89111
2012-07-22 23:00:00,195.07655
2012-07-23 00:00:00,145.96988
2012-07-23 01:00:00,151.42245
2012-07-23 02:00:00,136.64633
2012-07-23 03:00:00,136.64633
2012-07-23 04:00:00,138.98091
2012-07-23 05:00:00,138.98091
2012-07-23 06:00:00,166.17778
2012-07-23 07:00:00,187.83089
2012-07-23 08:00:00,211.53267
2012-07-23 09:00:00,240.01361
2012-07-23 10:00:00,281.10257
2012-07-23 11:00:00,321.68127
2012-07-23 12:00:00,321.68127
2012-07-23 13:00:00,318.56326
2012-07-23 14:00:00,298.8363
2012-07-23 15:00:00,312.41342
2012-07-23 16:00:00,324.175
2012-07-23 17:00:00,324.175
2012-07-23 18:00:00,336.68927
2012-07-23 19:00:00,320.41602
2012-07-23 20:00:00,273.74374
2012-07-23 21:00:00,275.30014
2012-07-23 22:00:00,265.30518
2012-07-23 23:00:00,250.0617
2012-07-24 00:00:00,218.35727
2012-07-24 01:00:00,194.66074
2012-07-24 02:00:00,172.4552
2012-07-24 03:00:00,172.4552
2012-07-24 04:00:00,168.55899
2012-07-24 05:00:00,169.33719
2012-07-24 06:00:00,170.89359
2012-07-24 07:00:00,219.9189
2012-07-24 08:00:00,245.15733
2012-07-24 09:00:00,324.10312
2012-07-24 10:00:00,324.81357
2012-07-24 11:00:00,347.19443
2012-07-24 12:00:00,326.85703
2012-07-24 13:00:00,345.6328
2012-07-24 14:00:00,341.7366
2012-07-24 15:00:00,341.90875
2012-07-24 16:00:00,317.87122
2012-07-24 17:00:00,324.31747
2012-07-24 18:00:00,282.31958
2012-07-24 19:00:00,273.74374
2012-07-24 20:00:00,255.81151
2012-07-24 21:00:00,258.9295
2012-07-24 22:00:00,260.4859
2012-07-24 23:00:00,284.5352
2012-07-25 00:00:00,277.25183
2012-07-25 01:00:00,266.04422
2012-07-25 02:00:00,252.72621
2012-07-25 03:00:00,234.76587
2012-07-25 04:00:00,229.04416
2012-07-25 05:00:00,225.92616
2012-07-25 06:00:00,227.48257
2012-07-25 07:00:00,286.01328
2012-07-25 08:00:00,313.75928
2012-07-25 09:00:00,337.08398
2012-07-25 10:00:00,322.9705
2012-07-25 11:00:00,340.93082
2012-07-25 12:00:00,340.93082
2012-07-25 13:00:00,361.33365
2012-07-25 14:00:00,371.62708
2012-07-25 15:00:00,357.4374
2012-07-25 16:00:00,373.1887
2012-07-25 17:00:00,358.5076
2012-07-25 18:00:00,377.73233
2012-07-25 19:00:00,347.94504
2012-07-25 20:00:00,322.3884
2012-07-25 21:00:00,304.08704
2012-07-25 22:00:00,262.92624
2012-07-25 23:00:00,268.83298
2012-07-26 00:00:00,233.20427
2012-07-26 01:00:00,234.76587
2012-07-26 02:00:00,224.1117
2012-07-26 03:00:00,222.55533
2012-07-26 04:00:00,205.7305
2012-07-26 05:00:00,205.7305
2012-07-26 06:00:00,192.39278
2012-07-26 07:00:00,224.59329
2012-07-26 08:00:00,230.53294
2012-07-26 09:00:00,242.22919
2012-07-26 10:00:00,246.71896
2012-07-26 11:00:00,293.1596
2012-07-26 12:00:00,332.46872
2012-07-26 13:00:00,349.68814
2012-07-26 14:00:00,381.40897
2012-07-26 15:00:00,404.73367
2012-07-26 16:00:00,418.8552
2012-07-26 17:00:00,391.81677
2012-07-26 18:00:00,409.71176
2012-07-26 19:00:00,387.14236
2012-07-26 20:00:00,352.26108
2012-07-26 21:00:00,348.282
2012-07-26 22:00:00,348.282
2012-07-26 23:00:00,236.28952
2012-07-27 00:00:00,229.2753
2012-07-27 01:00:00,234.73315
2012-07-27 02:00:00,203.09409
2012-07-27 03:00:00,219.9189
2012-07-27 04:00:00,196.07988
2012-07-27 05:00:00,180.81668
2012-07-27 06:00:00,196.07988
2012-07-27 07:00:00,239.40755
2012-07-27 08:00:00,261.91028
2012-07-27 09:00:00,341.13055
2012-07-27 10:00:00,333.9005
2012-07-27 11:00:00,351.05212
2012-07-27 12:00:00,350.77652
2012-07-27 13:00:00,348.71237
2012-07-27 14:00:00,359.4855
2012-07-27 15:00:00,369.65997
2012-07-27 16:00:00,345.59433
2012-07-27 17:00:00,372.77798
2012-07-27 18:00:00,339.80725
2012-07-27 19:00:00,327.293
2012-07-27 20:00:00,289.77866
2012-07-27 21:00:00,289.77866
2012-07-27 22:00:00,291.33502
2012-07-27 23:00:00,257.23065
2012-07-28 00:00:00,262.60303
2012-07-28 01:00:00,234.37079
2012-07-28 02:00:00,229.69116
2012-07-28 03:00:00,229.69116
2012-07-28 04:00:00,206.62791
2012-07-28 05:00:00,195.07655
2012-07-28 06:00:00,225.154
2012-07-28 07:00:00,236.70538
2012-07-28 08:00:00,256.22736
2012-07-28 09:00:00,290.1945
2012-07-28 10:00:00,329.27048
2012-07-28 11:00:00,361.91284
2012-07-28 12:00:00,360.08084
2012-07-28 13:00:00,373.19385
2012-07-28 14:00:00,373.4642
2012-07-28 15:00:00,397.87085
2012-07-28 16:00:00,371.9078
2012-07-28 17:00:00,341.77954
2012-07-28 18:00:00,351.34375
2012-07-28 19:00:00,174.29019
2012-07-28 20:00:00,175.98904
2012-07-28 21:00:00,184.23804
2012-07-28 22:00:00,184.23804
2012-07-28 23:00:00,168.97482
2012-07-29 00:00:00,148.7203
2012-07-29 01:00:00,169.75304
2012-07-29 02:00:00,203.02834
2012-07-29 03:00:00,222.97116
2012-07-29 04:00:00,215.68784
2012-07-29 05:00:00,182.46428
2012-07-29 06:00:00,201.9209
2012-07-29 07:00:00,224.52756
2012-07-29 08:00:00,246.65321
2012-07-29 09:00:00,267.36252
2012-07-29 10:00:00,255.5888
2012-07-29 11:00:00,294.4009
2012-07-29 12:00:00,299.85873
2012-07-29 13:00:00,328.43338
2012-07-29 14:00:00,331.78458
2012-07-29 15:00:00,337.82446
2012-07-29 16:00:00,337.82446
2012-07-29 17:00:00,351.21304
2012-07-29 18:00:00,348.23227
2012-07-29 19:00:00,291.2829
2012-07-29 20:00:00,253.10933
2012-07-29 21:00:00,236.70538
2012-07-29 22:00:00,225.154
2012-07-29 23:00:00,219.69618
2012-07-30 00:00:00,216.02269
2012-07-30 01:00:00,211.34308
2012-07-30 02:00:00,201.34807
2012-07-30 03:00:00,163.87935
2012-07-30 04:00:00,163.87935
2012-07-30 05:00:00,169.33719
2012-07-30 06:00:00,172.4552
2012-07-30 07:00:00,200.75949
2012-07-30 08:00:00,232.73552
2012-07-30 09:00:00,240.96477
2012-07-30 10:00:00,264.86917
2012-07-30 11:00:00,305.24008
2012-07-30 12:00:00,288.77594
2012-07-30 13:00:00,324.89954
2012-07-30 14:00:00,328.01758
2012-07-30 15:00:00,329.57394
2012-07-30 16:00:00,331.1356
2012-07-30 17:00:00,299.4429
2012-07-30 18:00:00,299.20453
2012-07-30 19:00:00,325.7366
2012-07-30 20:00:00,240.96915
2012-07-30 21:00:00,239.40755
2012-07-30 22:00:00,228.97656
2012-07-30 23:00:00,221.47528
2012-07-31 00:00:00,193.0991
2012-07-31 01:00:00,170.89359
2012-07-31 02:00:00,170.89357
2012-07-31 03:00:00,168.55899
2012-07-31 04:00:00,168.55899
2012-07-31 05:00:00,172.4552
2012-07-31 06:00:00,144.1444
2012-07-31 07:00:00,185.56816
2012-07-31 08:00:00,203.09409
2012-07-31 09:00:00,234.73315
2012-07-31 10:00:00,241.48587
2012-07-31 11:00:00,277.37848
2012-07-31 12:00:00,321.23645
2012-07-31 13:00:00,317.09305
2012-07-31 14:00:00,317.09305
2012-07-31 15:00:00,272.18213
2012-07-31 16:00:00,289.0723
2012-07-31 17:00:00,308.86465
2012-07-31 18:00:00,297.10306
2012-07-31 19:00:00,285.76028
2012-07-31 20:00:00,241.29187
2012-07-31 21:00:00,196.2171
2012-07-31 22:00:00,214.59833
2012-07-31 23:00:00,178.39484
2012-08-20 00:00:00,158.05553
2012-08-20 01:00:00,155.23389
2012-08-20 02:00:00,155.23389
2012-08-20 03:00:00,132.60751
2012-08-20 04:00:00,157.27734
2012-08-20 05:00:00,152.5977
2012-08-20 06:00:00,179.1484
2012-08-20 07:00:00,184.87009
2012-08-20 08:00:00,198.5769
2012-08-20 09:00:00,211.07944
2012-08-20 10:00:00,215.75906
2012-08-20 11:00:00,228.52986
2012-08-20 12:00:00,246.68005
2012-08-20 13:00:00,262.92624
2012-08-20 14:00:00,282.44818
2012-08-20 15:00:00,287.1226
2012-08-20 16:00:00,287.1226
2012-08-20 17:00:00,270.72385
2012-08-20 18:00:00,191.10611
2012-08-20 19:00:00,187.9881
2012-08-20 20:00:00,173.15936
2012-08-20 21:00:00,146.65807
2012-08-20 22:00:00,152.5977
2012-08-20 23:00:00,152.5977
2012-08-21 00:00:00,157.27734
2012-08-21 01:00:00,159.61191
2012-08-21 02:00:00,146.42465
2012-08-21 03:00:00,119.923355
2012-08-21 04:00:00,119.923355
2012-08-21 05:00:00,139.86618
2012-08-21 06:00:00,140.64438
2012-08-21 07:00:00,171.65234
2012-08-21 08:00:00,173.20876
2012-08-21 09:00:00,205.13977
2012-08-21 10:00:00,240.7404
2012-08-21 11:00:00,268.12256
2012-08-21 12:00:00,297.07285
2012-08-21 13:00:00,313.81253
2012-08-21 14:00:00,333.3999
2012-08-21 15:00:00,328.7203
2012-08-21 16:00:00,328.7203
2012-08-21 17:00:00,299.31866
2012-08-21 18:00:00,285.5662
2012-08-21 19:00:00,204.51656
2012-08-21 20:00:00,192.92923
2012-08-21 21:00:00,192.92923
2012-08-21 22:00:00,173.39275
2012-08-21 23:00:00,152.40787
2012-08-22 00:00:00,157.86568
2012-08-22 01:00:00,171.91621
2012-08-22 02:00:00,171.91621
2012-08-22 03:00:00,171.91621
2012-08-22 04:00:00,146.39418
2012-08-22 05:00:00,166.19453
2012-08-22 06:00:00,187.17941
2012-08-22 07:00:00,171.91621
2012-08-22 08:00:00,197.60886
2012-08-22 09:00:00,228.82184
2012-08-22 10:00:00,251.43372
2012-08-22 11:00:00,266.34143
2012-08-22 12:00:00,284.5068
2012-08-22 13:00:00,304.84424
2012-08-22 14:00:00,314.00217
2012-08-22 15:00:00,306.40063
2012-08-22 16:00:00,300.11456
2012-08-22 17:00:00,300.11456
2012-08-22 18:00:00,258.8557
2012-08-22 19:00:00,201.53793
2012-08-22 20:00:00,203.06146
2012-08-22 21:00:00,192.92923
2012-08-22 22:00:00,192.92923
2012-08-22 23:00:00,153.88438
2012-08-23 00:00:00,173.39275
2012-08-23 01:00:00,152.40787
2012-08-23 02:00:00,152.40787
2012-08-23 03:00:00,157.0875
2012-08-23 04:00:00,152.40787
2012-08-23 05:00:00,152.40787
2012-08-23 06:00:00,137.76898
2012-08-23 07:00:00,163.02715
2012-08-23 08:00:00,206.21756
2012-08-23 09:00:00,225.22
2012-08-23 10:00:00,272.06314
2012-08-23 11:00:00,304.06604
2012-08-23 12:00:00,331.38934
2012-08-23 13:00:00,351.81375
2012-08-23 14:00:00,322.9353
2012-08-23 15:00:00,318.2557
2012-08-23 16:00:00,307.96228
2012-08-23 17:00:00,320.23816
2012-08-23 18:00:00,305.35855
2012-08-23 19:00:00,287.7099
2012-08-23 20:00:00,252.21191
2012-08-23 21:00:00,253.76831
2012-08-23 22:00:00,252.42987
2012-08-23 23:00:00,216.80112
2012-08-24 00:00:00,216.80112
2012-08-24 01:00:00,198.86888
2012-08-24 02:00:00,210.86148
2012-08-24 03:00:00,192.92923
2012-08-24 04:00:00,198.86888
2012-08-24 05:00:00,173.39275
2012-08-24 06:00:00,158.34752
2012-08-24 07:00:00,179.3324
2012-08-24 08:00:00,201.53793
2012-08-24 09:00:00,267.60147
2012-08-24 10:00:00,305.32608
2012-08-24 11:00:00,310.7839
2012-08-24 12:00:00,319.1636
2012-08-24 13:00:00,343.62387
2012-08-24 14:00:00,325.8572
2012-08-24 15:00:00,312.3403
2012-08-24 16:00:00,312.3403
2012-08-24 17:00:00,302.1403
2012-08-24 18:00:00,269.76828
2012-08-24 19:00:00,276.17728
2012-08-24 20:00:00,252.17703
2012-08-24 21:00:00,261.26956
2012-08-24 22:00:00,252.69373
2012-08-24 23:00:00,227.23058
2012-08-25 00:00:00,253.10959
2012-08-25 01:00:00,222.96677
2012-08-25 02:00:00,206.63339
2012-08-25 03:00:00,215.95695
2012-08-25 04:00:00,222.67479
2012-08-25 05:00:00,207.86057
2012-08-25 06:00:00,188.32408
2012-08-25 07:00:00,189.88048
2012-08-25 08:00:00,215.20401
2012-08-25 09:00:00,237.77863
2012-08-25 10:00:00,256.48907
2012-08-25 11:00:00,274.86377
2012-08-25 12:00:00,306.4372
2012-08-25 13:00:00,308.09384
2012-08-25 14:00:00,248.6174
2012-08-25 15:00:00,216.43637
2012-08-25 16:00:00,217.54382
2012-08-25 17:00:00,219.10544
2012-08-25 18:00:00,241.38284
2012-08-25 19:00:00,195.33829
2012-08-25 20:00:00,177.95325
2012-08-25 21:00:00,171.53177
2012-08-25 22:00:00,171.53177
2012-08-25 23:00:00,172.01358
2012-08-26 00:00:00,149.23465
2012-08-26 01:00:00,146.11664
2012-08-26 02:00:00,153.61789
2012-08-26 03:00:00,155.17429
2012-08-26 04:00:00,152.05627
2012-08-26 05:00:00,146.11664
2012-08-26 06:00:00,148.87729
2012-08-26 07:00:00,146.11664
2012-08-26 08:00:00,201.31256
2012-08-26 09:00:00,199.75096
2012-08-26 10:00:00,267.92117
2012-08-26 11:00:00,266.35956
2012-08-26 12:00:00,252.34125
2012-08-26 13:00:00,213.26376
2012-08-26 14:00:00,141.44223
2012-08-26 15:00:00,162.67557
2012-08-26 16:00:00,162.67557
2012-08-26 17:00:00,147.67825
2012-08-26 18:00:00,146.60368
2012-08-26 19:00:00,150.4999
2012-08-26 20:00:00,144.56023
2012-08-26 21:00:00,161.31445
2012-08-26 22:00:00,137.96686
2012-08-26 23:00:00,157.50333
2012-08-27 00:00:00,152.40787
2012-08-27 01:00:00,137.55101
2012-08-27 02:00:00,139.88559
2012-08-27 03:00:00,137.55103
2012-08-27 04:00:00,152.40787
2012-08-27 05:00:00,132.87138
2012-08-27 06:00:00,132.87138
2012-08-27 07:00:00,163.87935
2012-08-27 08:00:00,168.55899
2012-08-27 09:00:00,169.33719
2012-08-27 10:00:00,228.35226
2012-08-27 11:00:00,257.36786
2012-08-27 12:00:00,265.1679
2012-08-27 13:00:00,289.00693
2012-08-27 14:00:00,321.00336
2012-08-27 15:00:00,317.87122
2012-08-27 16:00:00,315.5314
2012-08-27 17:00:00,332.93033
2012-08-27 18:00:00,310.42105
2012-08-27 19:00:00,246.71896
2012-08-27 20:00:00,245.15733
2012-08-27 21:00:00,231.47028
2012-08-27 22:00:00,190.94888
2012-08-27 23:00:00,189.3925
2012-08-28 00:00:00,194.06691
2012-08-28 01:00:00,165.69072
2012-08-28 02:00:00,187.12457
2012-08-28 03:00:00,148.30447
2012-08-28 04:00:00,170.89359
2012-08-28 05:00:00,174.49863
2012-08-28 06:00:00,152.68771
2012-08-28 07:00:00,175.27686
2012-08-28 08:00:00,173.41672
2012-08-28 09:00:00,210.59535
2012-08-28 10:00:00,268.42316
2012-08-28 11:00:00,305.53644
2012-08-28 12:00:00,331.1356
2012-08-28 13:00:00,351.70612
2012-08-28 14:00:00,370.00742
2012-08-28 15:00:00,374.93472
2012-08-28 16:00:00,375.27567
2012-08-28 17:00:00,366.5667
2012-08-28 18:00:00,342.80756
2012-08-28 19:00:00,311.3985
2012-08-28 20:00:00,297.64603
2012-08-28 21:00:00,296.86783
2012-08-28 22:00:00,268.12256
2012-08-28 23:00:00,253.24295
2012-08-29 00:00:00,210.86148
2012-08-29 01:00:00,212.15398
2012-08-29 02:00:00,194.19362
2012-08-29 03:00:00,192.63725
2012-08-29 04:00:00,197.39673
2012-08-29 05:00:00,195.83511
2012-08-29 06:00:00,195.83511
2012-08-29 07:00:00,222.02997
2012-08-29 08:00:00,243.85843
2012-08-29 09:00:00,287.4127
2012-08-29 10:00:00,300.76404
2012-08-29 11:00:00,297.07285
2012-08-29 12:00:00,323.80753
2012-08-29 13:00:00,311.98056
2012-08-29 14:00:00,328.48715
2012-08-29 15:00:00,333.93973
2012-08-29 16:00:00,335.73447
2012-08-29 17:00:00,352.24106
2012-08-29 18:00:00,320.5564
2012-08-29 19:00:00,278.2548
2012-08-29 20:00:00,253.24295
2012-08-29 21:00:00,262.10886
2012-08-29 22:00:00,256.65103
2012-08-29 23:00:00,247.49313
2012-08-30 00:00:00,205.13977
2012-08-30 01:00:00,217.35031
2012-08-30 02:00:00,187.17941
2012-08-30 03:00:00,187.17941
2012-08-30 04:00:00,187.17941
2012-08-30 05:00:00,187.17941
2012-08-30 06:00:00,155.23389
2012-08-30 07:00:00,192.92923
2012-08-30 08:00:00,223.07205
2012-08-30 09:00:00,255.912
2012-08-30 10:00:00,273.87234
2012-08-30 11:00:00,328.48715
2012-08-30 12:00:00,315.55853
2012-08-30 13:00:00,304.84424
2012-08-30 14:00:00,306.40063
2012-08-30 15:00:00,329.81235
2012-08-30 16:00:00,338.97025
2012-08-30 17:00:00,371.0385
2012-08-30 18:00:00,348.3985
2012-08-30 19:00:00,306.40063
2012-08-30 20:00:00,275.95935
2012-08-30 21:00:00,248.50009
2012-08-30 22:00:00,219.28033
2012-08-30 23:00:00,216.80087
2012-08-31 00:00:00,182.45015
2012-08-31 01:00:00,182.45015
2012-08-31 02:00:00,148.30446
2012-08-31 03:00:00,146.74808
2012-08-31 04:00:00,142.58278
2012-08-31 05:00:00,144.1444
2012-08-31 06:00:00,150.08405
2012-08-31 07:00:00,146.18784
2012-08-31 08:00:00,217.28271
2012-08-31 09:00:00,235.02512
2012-08-31 10:00:00,269.84753
2012-08-31 11:00:00,400.4487
2012-08-31 12:00:00,404.2142
2012-08-31 13:00:00,410.81284
2012-08-31 14:00:00,417.18195
2012-08-31 15:00:00,419.2462
2012-08-31 16:00:00,416.9064
2012-08-31 17:00:00,391.21896
2012-08-31 18:00:00,377.96112
2012-08-31 19:00:00,323.33792
2012-08-31 20:00:00,323.33792
2012-08-31 21:00:00,287.5107
2012-08-31 22:00:00,287.5107
2012-08-31 23:00:00,260.63077
2012-09-20 00:00:00,179.01804
2012-09-20 01:00:00,145.5306
2012-09-20 02:00:00,144.7524
2012-09-20 03:00:00,119.087875
2012-09-20 04:00:00,124.54569
2012-09-20 05:00:00,124.54569
2012-09-20 06:00:00,119.087875
2012-09-20 07:00:00,115.00421
2012-09-20 08:00:00,168.43445
2012-09-20 09:00:00,210.07687
2012-09-20 10:00:00,237.19516
2012-09-20 11:00:00,287.27704
2012-09-20 12:00:00,294.29123
2012-09-20 13:00:00,292.71512
2012-09-20 14:00:00,286.6752
2012-09-20 15:00:00,288.15176
2012-09-20 16:00:00,285.11884
2012-09-20 17:00:00,279.07892
2012-09-20 18:00:00,259.36642
2012-09-20 19:00:00,222.8409
2012-09-20 20:00:00,200.20091
2012-09-20 21:00:00,203.31891
2012-09-20 22:00:00,165.44907
2012-09-20 23:00:00,180.71225
2012-09-21 00:00:00,175.25443
2012-09-21 01:00:00,157.29408
2012-09-21 02:00:00,157.29408
2012-09-21 03:00:00,140.96071
2012-09-21 04:00:00,136.28108
2012-09-21 05:00:00,121.01789
2012-09-21 06:00:00,140.96071
2012-09-21 07:00:00,142.0309
2012-09-21 08:00:00,167.00546
2012-09-21 09:00:00,193.74016
2012-09-21 10:00:00,239.77821
2012-09-21 11:00:00,259.18698
2012-09-21 12:00:00,261.81876
2012-09-21 13:00:00,276.69836
2012-09-21 14:00:00,283.71255
2012-09-21 15:00:00,279.8164
2012-09-21 16:00:00,278.25476
2012-09-21 17:00:00,268.0548
2012-09-21 18:00:00,248.5328
2012-09-21 19:00:00,230.60057
2012-09-21 20:00:00,213.79547
2012-09-21 21:00:00,198.95312
2012-09-21 22:00:00,195.83511
2012-09-21 23:00:00,202.85455
2012-09-22 00:00:00,200.93059
2012-09-22 01:00:00,156.94225
2012-09-22 02:00:00,133.58943
2012-09-22 03:00:00,150.41423
2012-09-22 04:00:00,150.41423
2012-09-22 05:00:00,152.75404
2012-09-22 06:00:00,151.19243
2012-09-22 07:00:00,169.86563
2012-09-22 08:00:00,201.70879
2012-09-22 09:00:00,218.80586
2012-09-22 10:00:00,240.63954
2012-09-22 11:00:00,271.1397
2012-09-22 12:00:00,289.87827
2012-09-22 13:00:00,303.63068
2012-09-22 14:00:00,314.6141
2012-09-22 15:00:00,314.35025
2012-09-22 16:00:00,302.0743
2012-09-22 17:00:00,302.0743
2012-09-22 18:00:00,289.10004
2012-09-22 19:00:00,266.46008
2012-09-22 20:00:00,281.78864
2012-09-22 21:00:00,259.68268
2012-09-22 22:00:00,255.08813
2012-09-22 23:00:00,276.45663
2012-09-23 00:00:00,338.55942
2012-09-23 01:00:00,265.57367
2012-09-23 02:00:00,266.57657
2012-09-23 03:00:00,236.07642
2012-09-23 04:00:00,226.43042
2012-09-23 05:00:00,215.77626
2012-09-23 06:00:00,200.89662
2012-09-23 07:00:00,214.21986
2012-09-23 08:00:00,239.19443
2012-09-23 09:00:00,255.57027
2012-09-23 10:00:00,281.4843
2012-09-23 11:00:00,284.15335
2012-09-23 12:00:00,285.5189
2012-09-23 13:00:00,332.4085
2012-09-23 14:00:00,333.96487
2012-09-23 15:00:00,350.78967
2012-09-23 16:00:00,356.24753
2012-09-23 17:00:00,320.0722
2012-09-23 18:00:00,302.7874
2012-09-23 19:00:00,280.21802
2012-09-23 20:00:00,280.21802
2012-09-23 21:00:00,264.72385
2012-09-23 22:00:00,253.32634
2012-09-23 23:00:00,225.39497
2012-09-24 00:00:00,200.03183
2012-09-24 01:00:00,184.70328
2012-09-24 02:00:00,202.8535
2012-09-24 03:00:00,198.47546
2012-09-24 04:00:00,177.42519
2012-09-24 05:00:00,189.89963
2012-09-24 06:00:00,202.11017
2012-09-24 07:00:00,184.70328
2012-09-24 08:00:00,235.92444
2012-09-24 09:00:00,250.83217
2012-09-24 10:00:00,267.3015
2012-09-24 11:00:00,308.09326
2012-09-24 12:00:00,319.65634
2012-09-24 13:00:00,360.37527
2012-09-24 14:00:00,349.69803
2012-09-24 15:00:00,344.78528
2012-09-24 16:00:00,338.32956
2012-09-24 17:00:00,325.0793
2012-09-24 18:00:00,300.81516
2012-09-24 19:00:00,287.39847
2012-09-24 20:00:00,246.15775
2012-09-24 21:00:00,245.017
2012-09-24 22:00:00,249.69662
2012-09-24 23:00:00,196.91383
2012-09-25 00:00:00,186.2649
2012-09-25 01:00:00,163.71838
2012-09-25 02:00:00,142.70538
2012-09-25 03:00:00,158.68663
2012-09-25 04:00:00,161.02121
2012-09-25 05:00:00,140.37079
2012-09-25 06:00:00,153.1348
2012-09-25 07:00:00,151.57318
2012-09-25 08:00:00,193.57109
2012-09-25 09:00:00,247.48943
2012-09-25 10:00:00,267.76147
2012-09-25 11:00:00,314.58572
2012-09-25 12:00:00,324.44193
2012-09-25 13:00:00,312.14633
2012-09-25 14:00:00,341.94537
2012-09-25 15:00:00,351.10327
2012-09-25 16:00:00,340.38373
2012-09-25 17:00:00,339.6056
2012-09-25 18:00:00,328.9058
2012-09-25 19:00:00,301.51187
2012-09-25 20:00:00,284.05936
2012-09-25 21:00:00,284.05936
2012-09-25 22:00:00,283.28116
2012-09-25 23:00:00,285.62094
2012-09-26 00:00:00,236.87964
2012-09-26 01:00:00,238.44125
2012-09-26 02:00:00,242.04109
2012-09-26 03:00:00,242.04109
2012-09-26 04:00:00,201.31625
2012-09-26 05:00:00,199.75987
2012-09-26 06:00:00,192.47656
2012-09-26 07:00:00,177.148
2012-09-26 08:00:00,203.65607
2012-09-26 09:00:00,249.93524
2012-09-26 10:00:00,222.86783
2012-09-26 11:00:00,269.4094
2012-09-26 12:00:00,275.0793
2012-09-26 13:00:00,289.95892
2012-09-26 14:00:00,330.82968
2012-09-26 15:00:00,331.60788
2012-09-26 16:00:00,339.98758
2012-09-26 17:00:00,331.60788
2012-09-26 18:00:00,327.71167
2012-09-26 19:00:00,299.05148
2012-09-26 20:00:00,243.3468
2012-09-26 21:00:00,255.55734
2012-09-26 22:00:00,248.0279
2012-09-26 23:00:00,207.73752
2012-09-27 00:00:00,193.22723
2012-09-27 01:00:00,193.22723
2012-09-27 02:00:00,193.22723
2012-09-27 03:00:00,188.5476
2012-09-27 04:00:00,130.97482
2012-09-27 05:00:00,163.28946
2012-09-27 06:00:00,146.95607
2012-09-27 07:00:00,188.54764
2012-09-27 08:00:00,224.5907
2012-09-27 09:00:00,245.42511
2012-09-27 10:00:00,320.3851
2012-09-27 11:00:00,319.89886
2012-09-27 12:00:00,328.97168
2012-09-27 13:00:00,321.9575
2012-09-27 14:00:00,341.5167
2012-09-27 15:00:00,336.8371
2012-09-27 16:00:00,307.1062
2012-09-27 17:00:00,254.74428
2012-09-27 18:00:00,250.84807
2012-09-27 19:00:00,252.43933
2012-09-27 20:00:00,245.12639
2012-09-27 21:00:00,202.23032
2012-09-27 22:00:00,202.23032
2012-09-27 23:00:00,195.2161
2012-09-28 00:00:00,169.95793
2012-09-28 01:00:00,161.3821
2012-09-28 02:00:00,176.97214
2012-09-28 03:00:00,181.96503
2012-09-28 04:00:00,159.61357
2012-09-28 05:00:00,142.27646
2012-09-28 06:00:00,134.5799
2012-09-28 07:00:00,129.90027
2012-09-28 08:00:00,173.69077
2012-09-28 09:00:00,186.15845
2012-09-28 10:00:00,208.6997
2012-09-28 11:00:00,239.15422
2012-09-28 12:00:00,309.66556
2012-09-28 13:00:00,318.82346
2012-09-28 14:00:00,309.66556
2012-09-28 15:00:00,305.50546
2012-09-28 16:00:00,308.84818
2012-09-28 17:00:00,300.53384
2012-09-28 18:00:00,307.37164
2012-09-28 19:00:00,313.3912
2012-09-28 20:00:00,298.08234
2012-09-28 21:00:00,299.63876
2012-09-28 22:00:00,272.50208
2012-09-28 23:00:00,256.03278
2012-09-29 00:00:00,234.13834
2012-09-29 01:00:00,234.13834
2012-09-29 02:00:00,252.28854
2012-09-29 03:00:00,235.81921
2012-09-29 04:00:00,232.99754
2012-09-29 05:00:00,211.91919
2012-09-29 06:00:00,215.03719
2012-09-29 07:00:00,198.66656
2012-09-29 08:00:00,201.33562
2012-09-29 09:00:00,211.91919
2012-09-29 10:00:00,247.90529
2012-09-29 11:00:00,267.39914
2012-09-29 12:00:00,331.7413
2012-09-29 13:00:00,331.7413
2012-09-29 14:00:00,330.97763
2012-09-29 15:00:00,321.81964
2012-09-29 16:00:00,329.40146
2012-09-29 17:00:00,342.5407
2012-09-29 18:00:00,281.03534
2012-09-29 19:00:00,240.53372
2012-09-29 20:00:00,242.0901
2012-09-29 21:00:00,238.97208
2012-09-29 22:00:00,207.24478
2012-09-29 23:00:00,218.67714
2012-09-30 00:00:00,213.99751
2012-09-30 01:00:00,213.99751
2012-09-30 02:00:00,196.06526
2012-09-30 03:00:00,182.78455
2012-09-30 04:00:00,182.78455
2012-09-30 05:00:00,157.12001
2012-09-30 06:00:00,161.79965
2012-09-30 07:00:00,141.85683
2012-09-30 08:00:00,189.31253
2012-09-30 09:00:00,212.9946
2012-09-30 10:00:00,285.2288
2012-09-30 11:00:00,320.26328
2012-09-30 12:00:00,331.7413
2012-09-30 13:00:00,329.40146
2012-09-30 14:00:00,329.40146
2012-09-30 15:00:00,346.14124
2012-09-30 16:00:00,344.5848
2012-09-30 17:00:00,349.2789
2012-09-30 18:00:00,243.13501
2012-09-30 19:00:00,193.20673
2012-09-30 20:00:00,193.20673
2012-09-30 21:00:00,186.52377
2012-09-30 22:00:00,168.5915
2012-09-30 23:00:00,173.27113
2012-10-20 00:00:00,139.32956
2012-10-20 01:00:00,169.85594
2012-10-20 02:00:00,147.31464
2012-10-20 03:00:00,143.12123
2012-10-20 04:00:00,157.12001
2012-10-20 05:00:00,115.12212
2012-10-20 06:00:00,154.42284
2012-10-20 07:00:00,115.12212
2012-10-20 08:00:00,185.11914
2012-10-20 09:00:00,221.01172
2012-10-20 10:00:00,248.13
2012-10-20 11:00:00,258.55945
2012-10-20 12:00:00,276.36096
2012-10-20 13:00:00,288.63687
2012-10-20 14:00:00,289.21896
2012-10-20 15:00:00,280.06104
2012-10-20 16:00:00,292.20386
2012-10-20 17:00:00,304.34903
2012-10-20 18:00:00,292.49396
2012-10-20 19:00:00,263.7487
2012-10-20 20:00:00,286.74414
2012-10-20 21:00:00,250.85153
2012-10-20 22:00:00,226.68326
2012-10-20 23:00:00,194.10715
2012-10-21 00:00:00,220.64333
2012-10-21 01:00:00,205.80098
2012-10-21 02:00:00,184.75073
2012-10-21 03:00:00,162.89417
2012-10-21 04:00:00,137.28702
2012-10-21 05:00:00,162.89417
2012-10-21 06:00:00,176.1749
2012-10-21 07:00:00,176.1749
2012-10-21 08:00:00,166.63339
2012-10-21 09:00:00,223.31241
2012-10-21 10:00:00,263.1666
2012-10-21 11:00:00,282.68857
2012-10-21 12:00:00,303.70157
2012-10-21 13:00:00,311.62714
2012-10-21 14:00:00,314.61435
2012-10-21 15:00:00,321.63382
2012-10-21 16:00:00,304.34903
2012-10-21 17:00:00,294.05032
2012-10-21 18:00:00,290.93234
2012-10-21 19:00:00,274.4682
2012-10-21 20:00:00,264.19763
2012-10-21 21:00:00,214.89354
2012-10-21 22:00:00,206.31769
2012-10-21 23:00:00,212.0675
2012-10-22 00:00:00,175.75906
2012-10-22 01:00:00,148.28531
2012-10-22 02:00:00,142.53549
2012-10-22 03:00:00,175.75906
2012-10-22 04:00:00,157.79868
2012-10-22 05:00:00,131.95192
2012-10-22 06:00:00,121.956955
2012-10-22 07:00:00,162.47832
2012-10-22 08:00:00,171.96736
2012-10-22 09:00:00,194.57924
2012-10-22 10:00:00,225.79222
2012-10-22 11:00:00,306.53683
2012-10-22 12:00:00,309.8161
2012-10-22 13:00:00,360.9429
2012-10-22 14:00:00,364.3594
2012-10-22 15:00:00,362.41943
2012-10-22 16:00:00,348.73233
2012-10-22 17:00:00,345.61432
2012-10-22 18:00:00,215.27591
2012-10-22 19:00:00,246.15779
2012-10-22 20:00:00,219.03949
2012-10-22 21:00:00,188.11847
2012-10-22 22:00:00,138.9137
2012-10-22 23:00:00,137.3573
2012-10-23 00:00:00,122.159485
2012-10-23 01:00:00,155.73851
2012-10-23 02:00:00,114.87617
2012-10-23 03:00:00,148.45518
2012-10-23 04:00:00,141.14899
2012-10-23 05:00:00,146.1206
2012-10-23 06:00:00,119.3859
2012-10-23 07:00:00,152.83844
2012-10-23 08:00:00,173.04514
2012-10-23 09:00:00,185.29483
2012-10-23 10:00:00,222.02866
2012-10-23 11:00:00,277.62723
2012-10-23 12:00:00,311.0915
2012-10-23 13:00:00,313.99365
2012-10-23 14:00:00,333.0141
2012-10-23 15:00:00,336.13208
2012-10-23 16:00:00,319.95996
2012-10-23 17:00:00,324.43826
2012-10-23 18:00:00,283.78336
2012-10-23 19:00:00,271.57278
2012-10-23 20:00:00,228.3038
2012-10-23 21:00:00,203.32922
2012-10-23 22:00:00,208.78703
2012-10-23 23:00:00,187.80217
2012-10-24 00:00:00,187.02396
2012-10-24 01:00:00,197.60754
2012-10-24 02:00:00,197.60754
2012-10-24 03:00:00,163.31378
2012-10-24 04:00:00,163.31378
2012-10-24 05:00:00,143.37097
2012-10-24 06:00:00,143.10712
2012-10-24 07:00:00,129.73476
2012-10-24 08:00:00,157.46564
2012-10-24 09:00:00,175.00327
2012-10-24 10:00:00,188.28401
2012-10-24 11:00:00,221.2896
2012-10-24 12:00:00,255.11708
2012-10-24 13:00:00,279.00415
2012-10-24 14:00:00,379.9423
2012-10-24 15:00:00,337.4779
2012-10-24 16:00:00,364.54834
2012-10-24 17:00:00,300.37262
2012-10-24 18:00:00,309.53055
2012-10-24 19:00:00,291.19955
2012-10-24 20:00:00,261.05673
2012-10-24 21:00:00,261.83496
2012-10-24 22:00:00,252.7569
2012-10-24 23:00:00,219.6983
2012-10-25 00:00:00,251.2005
2012-10-25 01:00:00,209.07904
2012-10-25 02:00:00,170.13379
2012-10-25 03:00:00,143.75883
2012-10-25 04:00:00,142.20244
2012-10-25 05:00:00,145.32043
2012-10-25 06:00:00,146.87685
2012-10-25 07:00:00,146.87685
2012-10-25 08:00:00,160.58363
2012-10-25 09:00:00,162.14003
2012-10-25 10:00:00,164.77182
2012-10-25 11:00:00,163.21542
2012-10-25 12:00:00,184.20032
2012-10-25 13:00:00,178.74251
2012-10-25 14:00:00,215.0702
2012-10-25 15:00:00,245.24112
2012-10-25 16:00:00,228.84238
2012-10-25 17:00:00,228.84238
2012-10-25 18:00:00,162.99747
2012-10-25 19:00:00,161.95016
2012-10-25 20:00:00,143.75883
2012-10-25 21:00:00,143.75883
2012-10-25 22:00:00,162.43723
2012-10-25 23:00:00,164.77182
2012-10-26 00:00:00,176.07346
2012-10-26 01:00:00,141.42424
2012-10-26 02:00:00,142.20244
2012-10-26 03:00:00,145.32043
2012-10-26 04:00:00,145.32043
2012-10-26 05:00:00,142.20244
2012-10-26 06:00:00,141.42424
2012-10-26 07:00:00,142.20244
2012-10-26 08:00:00,149.50864
2012-10-26 09:00:00,149.50864
2012-10-26 10:00:00,147.95224
2012-10-26 11:00:00,187.31831
2012-10-26 12:00:00,209.88773
2012-10-26 13:00:00,222.0329
2012-10-26 14:00:00,252.7569
2012-10-26 15:00:00,261.83496
2012-10-26 16:00:00,208.33133
2012-10-26 17:00:00,194.97998
2012-10-26 18:00:00,185.75668
2012-10-26 19:00:00,166.33344
2012-10-26 20:00:00,166.33344
2012-10-26 21:00:00,183.08766
2012-10-26 22:00:00,159.02202
2012-10-26 23:00:00,154.64397
2012-10-27 00:00:00,132.4852
2012-10-27 01:00:00,138.42487
2012-10-27 02:00:00,141.54286
2012-10-27 03:00:00,134.04681
2012-10-27 04:00:00,139.98647
2012-10-27 05:00:00,159.8587
2012-10-27 06:00:00,159.8587
2012-10-27 07:00:00,145.14471
2012-10-27 08:00:00,172.30023
2012-10-27 09:00:00,172.30023
2012-10-27 10:00:00,197.57202
2012-10-27 11:00:00,230.76749
2012-10-27 12:00:00,291.2933
2012-10-27 13:00:00,321.81964
2012-10-27 14:00:00,312.66177
2012-10-27 15:00:00,248.91766
2012-10-27 16:00:00,236.70712
2012-10-27 17:00:00,236.70712
2012-10-27 18:00:00,236.70712
2012-10-27 19:00:00,197.6965
2012-10-27 20:00:00,197.6965
2012-10-27 21:00:00,197.6965
2012-10-27 22:00:00,199.25288
2012-10-27 23:00:00,218.4829
2012-10-28 00:00:00,219.74292
2012-10-28 01:00:00,195.0647
2012-10-28 02:00:00,208.05347
2012-10-28 03:00:00,224.87827
2012-10-28 04:00:00,226.43468
2012-10-28 05:00:00,223.31665
2012-10-28 06:00:00,237.08882
2012-10-28 07:00:00,235.5272
2012-10-28 08:00:00,248.77744
2012-10-28 09:00:00,253.97379
2012-10-28 10:00:00,260.46265
2012-10-28 11:00:00,264.62796
2012-10-28 12:00:00,239.93773
2012-10-28 13:00:00,236.04153
2012-10-28 14:00:00,243.32483
2012-10-28 15:00:00,233.44885
2012-10-28 16:00:00,219.89989
2012-10-28 17:00:00,186.74171
2012-10-28 18:00:00,121.81372
2012-10-28 19:00:00,114.79951
2012-10-28 20:00:00,120.257324
2012-10-28 21:00:00,141.98317
2012-10-28 22:00:00,138.86514
2012-10-28 23:00:00,114.79951
2012-10-29 00:00:00,138.4493
2012-10-30 13:00:00,102.61656
2012-10-30 14:00:00,102.61656
2012-10-30 15:00:00,83.116196
2012-10-30 16:00:00,83.116196
2012-10-30 17:00:00,81.55981
2012-10-30 18:00:00,81.12535
2012-10-30 19:00:00,202.1798
2012-10-30 20:00:00,92.374374
2012-10-30 21:00:00,77.90258
2012-10-30 22:00:00,87.56187
2012-10-30 23:00:00,87.56187
2012-10-31 00:00:00,96.218414
2012-10-31 01:00:00,95.44022
2012-10-31 02:00:00,93.501526
2012-10-31 03:00:00,96.218414
2012-10-31 04:00:00,74.05853
2012-10-31 05:00:00,93.501526
2012-10-31 06:00:00,89.12349
2012-10-31 07:00:00,75.18569
2012-10-31 08:00:00,97.55685
2012-10-31 09:00:00,114.29658
2012-10-31 10:00:00,138.83392
2012-10-31 11:00:00,161.19203
2012-10-31 12:00:00,198.10184
2012-10-31 13:00:00,229.80624
2012-10-31 14:00:00,235.7459
2012-10-31 15:00:00,214.47768
2012-10-31 16:00:00,223.53534
2012-10-31 17:00:00,202.4851
2012-10-31 18:00:00,202.4851
2012-10-31 19:00:00,228.4626
2012-10-31 20:00:00,228.4626
2012-10-31 21:00:00,228.4626
2012-10-31 22:00:00,178.04651
2012-10-31 23:00:00,179.95709
2012-11-20 00:00:00,131.13586
2012-11-20 01:00:00,147.53984
2012-11-20 02:00:00,116.42511
2012-11-20 03:00:00,138.21631
2012-11-20 04:00:00,153.88063
2012-11-20 05:00:00,150.76262
2012-11-20 06:00:00,137.06104
2012-11-20 07:00:00,110.48545
2012-11-20 08:00:00,129.55975
2012-11-20 09:00:00,142.75346
2012-11-20 10:00:00,174.16779
2012-11-20 11:00:00,176.83682
2012-11-20 12:00:00,172.15721
2012-11-20 13:00:00,205.38077
2012-11-20 14:00:00,210.8386
2012-11-20 15:00:00,225.7182
2012-11-20 16:00:00,192.1
2012-11-20 17:00:00,162.80078
2012-11-20 18:00:00,174.16779
2012-11-20 19:00:00,154.22496
2012-11-20 20:00:00,133.21196
2012-11-20 21:00:00,136.8138
2012-11-20 22:00:00,136.8138
2012-11-20 23:00:00,96.00045
2012-11-21 00:00:00,100.53761
2012-11-21 01:00:00,96.00045
2012-11-21 02:00:00,61.96795
2012-11-21 03:00:00,61.96795
2012-11-21 04:00:00,61.96795
2012-11-21 05:00:00,61.96795
2012-11-21 06:00:00,65.43492
2012-11-21 07:00:00,59.713234
2012-11-21 08:00:00,89.69041
2012-11-21 09:00:00,110.48544
2012-11-21 10:00:00,164.28757
2012-11-21 11:00:00,222.52295
2012-11-21 12:00:00,261.4682
2012-11-21 13:00:00,281.34564
2012-11-21 14:00:00,291.611
2012-11-21 15:00:00,277.0005
2012-11-21 16:00:00,282.7713
2012-11-21 17:00:00,251.49292
2012-11-21 18:00:00,260.20187
2012-11-21 19:00:00,238.14159
2012-11-21 20:00:00,162.80304
2012-11-21 21:00:00,200.91922
2012-11-21 22:00:00,198.22205
2012-11-21 23:00:00,155.86868
2012-11-22 00:00:00,133.22453
2012-11-22 01:00:00,124.805664
2012-11-22 02:00:00,78.56261
2012-11-22 03:00:00,79.340805
2012-11-22 04:00:00,55.639023
2012-11-22 05:00:00,79.340805
2012-11-22 06:00:00,100.32568
2012-11-22 07:00:00,70.90222
2012-11-22 08:00:00,76.62392
2012-11-22 09:00:00,130.12103
2012-11-22 10:00:00,172.948
2012-11-22 11:00:00,242.47847
2012-11-22 12:00:00,261.8645
2012-11-22 13:00:00,279.79675
2012-11-22 14:00:00,291.65182
2012-11-22 15:00:00,291.65182
2012-11-22 16:00:00,273.69147
2012-11-22 17:00:00,261.8645
2012-11-22 18:00:00,225.9719
2012-11-22 19:00:00,113.763306
2012-11-22 20:00:00,123.27669
2012-11-22 21:00:00,154.23753
2012-11-22 22:00:00,148.08139
2012-11-22 23:00:00,114.85783
2012-11-23 00:00:00,132.18663
2012-11-23 01:00:00,83.75076
2012-11-23 02:00:00,96.344894
2012-11-23 03:00:00,111.17362
2012-11-23 04:00:00,87.12811
2012-11-23 05:00:00,71.87292
2012-11-23 06:00:00,71.87292
2012-11-23 07:00:00,71.87292
2012-11-23 08:00:00,49.718246
2012-11-23 09:00:00,98.59962
2012-11-23 10:00:00,161.64777
2012-11-23 11:00:00,222.52295
2012-11-23 12:00:00,273.74414
2012-11-23 13:00:00,281.02744
2012-11-23 14:00:00,297.0426
2012-11-23 15:00:00,276.0577
2012-11-23 16:00:00,274.205
2012-11-23 17:00:00,279.53204
2012-11-23 18:00:00,253.83942
2012-11-23 19:00:00,253.25731
2012-11-23 20:00:00,261.7373
2012-11-23 21:00:00,251.99207
2012-11-23 22:00:00,303.041
2012-11-23 23:00:00,278.13174
2012-11-24 00:00:00,274.31693
2012-11-24 01:00:00,224.44656
2012-11-24 02:00:00,234.0907
2012-11-24 03:00:00,207.53696
2012-11-24 04:00:00,197.94832
2012-11-24 05:00:00,195.9856
2012-11-24 06:00:00,178.73804
2012-11-24 07:00:00,201.92523
2012-11-24 08:00:00,195.50826
2012-11-24 09:00:00,203.88799
2012-11-24 10:00:00,191.20569
2012-11-24 11:00:00,210.35861
2012-11-24 12:00:00,243.46655
2012-11-24 13:00:00,236.96045
2012-11-24 14:00:00,248.8874
2012-11-24 15:00:00,233.97968
2012-11-24 16:00:00,217.10121
2012-11-24 17:00:00,199.1036
2012-11-24 18:00:00,208.2615
2012-11-24 19:00:00,196.32935
2012-11-24 20:00:00,178.73805
2012-11-24 21:00:00,178.3317
2012-11-24 22:00:00,181.44972
2012-11-24 23:00:00,178.3317
2012-11-25 00:00:00,166.54199
2012-11-25 01:00:00,176.8552
2012-11-25 02:00:00,176.91257
2012-11-25 03:00:00,179.48659
2012-11-25 04:00:00,179.48659
2012-11-25 05:00:00,172.08054
2012-11-25 06:00:00,173.20769
2012-11-25 07:00:00,160.99713
2012-11-25 08:00:00,161.42636
2012-11-25 09:00:00,173.62244
2012-11-25 10:00:00,169.23917
2012-11-25 11:00:00,204.98587
2012-11-25 12:00:00,204.98587
2012-11-25 13:00:00,201.86787
2012-11-25 14:00:00,214.96114
2012-11-25 15:00:00,209.02148
2012-11-25 16:00:00,216.62302
2012-11-25 17:00:00,201.64992
2012-11-25 18:00:00,186.7703
2012-11-25 19:00:00,200.11603
2012-11-25 20:00:00,136.39418
2012-11-25 21:00:00,178.74754
2012-11-25 22:00:00,136.39418
2012-11-25 23:00:00,103.60507
2012-11-26 00:00:00,102.75476
2012-11-26 01:00:00,97.03308
2012-11-26 02:00:00,97.03308
2012-11-26 03:00:00,97.03308
2012-11-26 04:00:00,102.75476
2012-11-26 05:00:00,98.56698
2012-11-26 06:00:00,102.75476
2012-11-26 07:00:00,120.71514
2012-11-26 08:00:00,120.71514
2012-11-26 09:00:00,160.06673
2012-11-26 10:00:00,192.50037
2012-11-26 11:00:00,267.66507
2012-11-26 12:00:00,269.35983
2012-11-26 13:00:00,269.35983
2012-11-26 14:00:00,263.902
2012-11-26 15:00:00,268.5816
2012-11-26 16:00:00,284.91498
2012-11-26 17:00:00,273.0599
2012-11-26 18:00:00,200.97658
2012-11-26 19:00:00,186.01149
2012-11-26 20:00:00,198.22205
2012-11-26 21:00:00,198.22205
2012-11-26 22:00:00,155.86868
2012-11-26 23:00:00,147.7297
2012-11-27 00:00:00,146.9515
2012-11-27 01:00:00,137.07553
2012-11-27 02:00:00,134.39198
2012-11-27 03:00:00,143.01518
2012-11-27 04:00:00,98.31402
2012-11-27 05:00:00,93.93598
2012-11-27 06:00:00,95.06314
2012-11-27 07:00:00,99.44118
2012-11-27 08:00:00,106.7526
2012-11-27 09:00:00,103.496506
2012-11-27 10:00:00,108.30899
2012-11-27 11:00:00,81.182724
2012-11-27 12:00:00,80.14065
2012-11-27 13:00:00,77.36638
2012-11-27 14:00:00,78.57904
2012-11-27 15:00:00,111.874725
2012-11-27 16:00:00,111.874725
2012-11-27 17:00:00,116.55436
2012-11-27 18:00:00,75.020584
2012-11-27 19:00:00,104.84213
2012-11-27 20:00:00,91.78002
2012-11-27 21:00:00,65.37456
2012-11-27 22:00:00,67.657005
2012-11-27 23:00:00,79.74759
2012-11-28 00:00:00,98.06341
2012-11-28 01:00:00,100.780304
2012-11-28 02:00:00,100.780304
2012-11-28 03:00:00,116.0435
2012-11-28 04:00:00,114.48189
2012-11-28 05:00:00,115.60905
2012-11-28 06:00:00,131.30669
2012-11-28 07:00:00,157.21883
2012-11-28 08:00:00,129.47998
2012-11-28 09:00:00,169.21143
2012-11-28 10:00:00,187.96321
2012-11-28 11:00:00,204.76828
2012-11-28 12:00:00,222.82327
2012-11-28 13:00:00,221.2043
2012-11-28 14:00:00,234.24391
2012-11-28 15:00:00,260.22665
2012-11-28 16:00:00,265.48312
2012-11-28 17:00:00,251.6653
2012-11-28 18:00:00,243.3627
2012-11-28 19:00:00,232.24203
2012-11-28 20:00:00,234.9256
2012-11-28 21:00:00,217.33432
2012-11-28 22:00:00,189.0235
2012-11-28 23:00:00,176.82745
2012-11-29 00:00:00,144.35005
2012-11-29 01:00:00,118.452415
2012-11-29 02:00:00,118.017975
2012-11-29 04:00:00,74.87841
2012-11-29 05:00:00,97.03308
2012-11-29 06:00:00,102.75476
2012-11-29 07:00:00,112.29627
2012-11-29 08:00:00,93.97245
2012-11-29 09:00:00,135.97833
2012-11-29 10:00:00,132.59297
2012-11-29 11:00:00,243.7789
2012-11-29 12:00:00,231.50298
2012-11-29 13:00:00,268.60263
2012-11-29 14:00:00,225.46307
2012-11-29 15:00:00,224.3078
2012-11-29 16:00:00,234.62099
2012-11-29 17:00:00,230.36221
2012-11-29 18:00:00,192.55772
2012-11-29 19:00:00,174.96124
2012-11-29 20:00:00,177.65001
2012-11-29 21:00:00,124.93259
2012-11-29 22:00:00,111.60809
2012-11-29 23:00:00,144.39719
2012-11-30 00:00:00,106.98585
2012-11-30 01:00:00,101.61312
2012-11-30 02:00:00,90.18874
2012-11-30 03:00:00,90.18874
2012-11-30 04:00:00,84.438934
2012-11-30 05:00:00,63.45405
2012-11-30 06:00:00,45.138214
2012-11-30 07:00:00,69.17574
2012-11-30 08:00:00,75.549866
2012-11-30 09:00:00,86.349915
2012-11-30 10:00:00,143.84799
2012-11-30 11:00:00,192.38562
2012-11-30 12:00:00,224.7911
2012-11-30 13:00:00,257.4326
2012-11-30 14:00:00,254.31458
2012-11-30 15:00:00,266.14154
2012-11-30 16:00:00,240.7734
2012-11-30 17:00:00,202.53297
2012-11-30 18:00:00,167.53003
2012-11-30 19:00:00,140.6055
2012-11-30 20:00:00,140.6055
2012-11-30 21:00:00,107.81639
2012-11-30 22:00:00,107.381935
2012-11-30 23:00:00,113.75606
2012-12-20 00:00:00,158.60962
2012-12-20 01:00:00,140.6055
2012-12-20 02:00:00,140.6055
2012-12-20 03:00:00,129.01924
2012-12-20 04:00:00,129.01924
2012-12-20 05:00:00,129.79745
2012-12-20 06:00:00,143.84799
2012-12-20 07:00:00,128.5848
2012-12-20 08:00:00,128.5848
2012-12-20 09:00:00,128.5848
2012-12-20 10:00:00,142.27188
2012-12-20 11:00:00,178.6708
2012-12-20 12:00:00,197.75833
2012-12-20 13:00:00,187.10417
2012-12-20 14:00:00,199.31473
2012-12-20 15:00:00,181.35437
2012-12-20 16:00:00,192.0659
2012-12-20 17:00:00,153.88063
2012-12-20 18:00:00,138.61743
2012-12-20 19:00:00,143.4299
2012-12-20 20:00:00,127.737495
2012-12-20 21:00:00,127.737495
2012-12-20 22:00:00,95.71486
2012-12-20 23:00:00,142.17563
2012-12-21 00:00:00,62.522186
2012-12-21 01:00:00,72.95163
2012-12-21 02:00:00,60.357483
2012-12-21 03:00:00,60.357483
2012-12-21 04:00:00,84.37952
2012-12-21 05:00:00,59.470314
2012-12-21 06:00:00,121.80112
2012-12-21 07:00:00,108.57337
2012-12-21 08:00:00,108.97971
2012-12-21 09:00:00,151.12134
2012-12-21 10:00:00,153.9385
2012-12-21 11:00:00,157.53835
2012-12-21 12:00:00,163.57825
2012-12-21 13:00:00,166.69626
2012-12-21 14:00:00,168.25787
2012-12-21 15:00:00,150.23213
2012-12-21 16:00:00,156.27206
2012-12-21 17:00:00,88.66052
2012-12-21 18:00:00,87.0989
2012-12-21 19:00:00,124.73325
2012-12-21 20:00:00,138.84917
2012-12-21 21:00:00,133.18484
2012-12-21 22:00:00,117.79091
2012-12-21 23:00:00,121.25789
2012-12-22 00:00:00,128.74532
2012-12-22 01:00:00,121.73111
2012-12-22 02:00:00,125.62731
2012-12-22 03:00:00,109.52055
2012-12-22 04:00:00,109.05684
2012-12-22 05:00:00,112.23222
2012-12-22 06:00:00,124.44278
2012-12-22 07:00:00,124.44278
2012-12-22 08:00:00,130.30171
2012-12-22 09:00:00,110.67583
2012-12-22 10:00:00,107.55782
2012-12-22 11:00:00,140.47766
2012-12-22 12:00:00,172.8074
2012-12-22 13:00:00,171.892
2012-12-22 14:00:00,172.6702
2012-12-22 15:00:00,183.79083
2012-12-22 16:00:00,156.98425
2012-12-22 17:00:00,137.35965
2012-12-22 18:00:00,122.50931
2012-12-22 19:00:00,103.3644
2012-12-22 20:00:00,101.75064
2012-12-22 21:00:00,88.833755
2012-12-22 22:00:00,88.833755
2012-12-22 23:00:00,88.42742
2012-12-23 00:00:00,101.04433
2012-12-23 01:00:00,100.63798
2012-12-23 02:00:00,81.12122
2012-12-23 03:00:00,79.5596
2012-12-23 04:00:00,91.77016
2012-12-23 05:00:00,85.33712
2012-12-23 06:00:00,30.342497
2012-12-23 07:00:00,30.342497
2012-12-23 08:00:00,5.862517
2012-12-23 09:00:00,57.855385
2012-12-23 10:00:00,48.74312
2012-12-23 11:00:00,86.8513
2012-12-23 12:00:00,138.84416
2012-12-23 13:00:00,155.2854
2012-12-23 14:00:00,185.07922
2012-12-23 15:00:00,175.86395
2012-12-23 16:00:00,178.98196
2012-12-23 17:00:00,127.47068
2012-12-23 18:00:00,132.37503
2012-12-23 19:00:00,141.47559
2012-12-23 20:00:00,59.793373
2012-12-23 21:00:00,38.808495
2012-12-23 22:00:00,66.27425
2012-12-23 23:00:00,69.33488
2012-12-24 00:00:00,35.695473
2012-12-24 01:00:00,35.695473
2012-12-24 02:00:00,11.657946
2012-12-24 03:00:00,11.657946
2012-12-24 05:00:00,-15.104464
2012-12-24 06:00:00,11.657946
2012-12-24 07:00:00,29.973776
2012-12-24 08:00:00,35.695473
2012-12-24 09:00:00,56.53486
2012-12-24 10:00:00,65.317184
2012-12-24 11:00:00,76.39259
2012-12-24 12:00:00,98.94708
2012-12-24 13:00:00,13.632291
2012-12-24 14:00:00,-4.6835403
2012-12-24 15:00:00,-6.965971
2012-12-24 16:00:00,-6.965971
2012-12-24 17:00:00,-24.154652
2012-12-24 18:00:00,-22.999372
2012-12-24 19:00:00,-31.65592
2012-12-24 20:00:00,-25.716267
2012-12-24 21:00:00,-23.77757
2012-12-24 22:00:00,-25.878391
2012-12-24 23:00:00,-19.93874
2012-12-25 00:00:00,-31.564875
2012-12-25 01:00:00,-13.815971
2012-12-25 02:00:00,-13.815971
2012-12-25 04:00:00,-19.1887
2012-12-25 05:00:00,-45.164917
2012-12-25 06:00:00,-45.164917
2012-12-25 07:00:00,-43.603302
2012-12-25 08:00:00,-15.349867
2012-12-25 09:00:00,-23.868326
2012-12-25 10:00:00,8.497806
2012-12-25 11:00:00,32.969795
2012-12-25 12:00:00,35.638855
2012-12-25 13:00:00,154.69577
2012-12-25 14:00:00,159.59491
2012-12-25 15:00:00,126.53111
2012-12-25 16:00:00,132.47078
2012-12-25 17:00:00,99.63079
2012-12-25 18:00:00,72.15704
2012-12-25 19:00:00,70.600655
2012-12-25 20:00:00,73.71866
2012-12-25 21:00:00,66.36998
2012-12-25 22:00:00,53.795563
2012-12-25 23:00:00,63.738174
2012-12-26 00:00:00,71.52549
2012-12-26 01:00:00,59.625153
2012-12-26 02:00:00,59.625153
2012-12-26 03:00:00,41.730156
2012-12-26 04:00:00,33.121452
2012-12-26 05:00:00,39.410065
2012-12-26 06:00:00,36.29206
2012-12-26 07:00:00,-14.200296
2012-12-26 08:00:00,-14.200296
2012-12-26 09:00:00,-14.200296
2012-12-26 10:00:00,-15.761913
2012-12-26 11:00:00,-11.431257
2012-12-26 12:00:00,-11.503128
2012-12-26 13:00:00,-11.503128
2012-12-26 14:00:00,-29.47523
2012-12-26 15:00:00,1.5247574
2012-12-26 16:00:00,1.5247574
2012-12-26 17:00:00,-16.791061
2012-12-26 18:00:00,-9.914089
2012-12-26 19:00:00,12.938887
2012-12-26 20:00:00,3.4627595
2012-12-26 21:00:00,8.183771
2012-12-26 22:00:00,-22.106424
2012-12-26 23:00:00,-1.5932512
2012-12-27 00:00:00,-1.5932512
2012-12-27 01:00:00,-22.106424
2012-12-27 02:00:00,-9.730246
2012-12-27 03:00:00,-12.90563
2012-12-27 04:00:00,-11.7211
2012-12-27 05:00:00,18.913542
2012-12-27 06:00:00,38.559547
2012-12-27 07:00:00,33.04957
2012-12-27 08:00:00,56.803505
2012-12-27 09:00:00,74.80763
2012-12-27 10:00:00,94.329605
2012-12-27 11:00:00,100.61824
2012-12-27 12:00:00,126.82023
2012-12-27 13:00:00,126.82023
2012-12-27 14:00:00,94.51945
2012-12-27 15:00:00,90.62325
2012-12-27 16:00:00,102.77643
2012-12-27 17:00:00,102.77643
2012-12-27 18:00:00,71.072014
2012-12-27 19:00:00,62.420685
2012-12-27 20:00:00,64.703125
2012-12-27 21:00:00,71.072014
2012-12-27 22:00:00,68.360344
2012-12-27 23:00:00,71.072014
2012-12-28 00:00:00,70.64278
2012-12-28 01:00:00,62.01435
2012-12-28 02:00:00,65.13236
2012-12-28 03:00:00,70.64278
2012-12-28 04:00:00,71.79806
2012-12-28 05:00:00,71.01987
2012-12-28 06:00:00,48.733604
2012-12-28 07:00:00,46.77088
2012-12-28 08:00:00,69.08116
2012-12-28 09:00:00,68.360344
2012-12-28 10:00:00,89.00426
2012-12-28 11:00:00,109.65339
2012-12-28 12:00:00,124.12666
2012-12-28 13:00:00,124.12666
2012-12-28 14:00:00,124.12666
2012-12-28 15:00:00,121.38574
2012-12-28 16:00:00,118.18701
2012-12-28 17:00:00,63.141502
2012-12-28 18:00:00,63.141502
2012-12-28 19:00:00,52.69081
2012-12-28 20:00:00,56.53486
2012-12-28 21:00:00,38.55477
2012-12-28 22:00:00,40.493477
2012-12-28 23:00:00,55.75666
2012-12-29 00:00:00,31.95641
2012-12-29 01:00:00,21.37284
2012-12-29 02:00:00,31.95641
2012-12-29 03:00:00,16.693218
2012-12-29 04:00:00,21.37284
2012-12-29 05:00:00,21.37284
2012-12-29 06:00:00,38.890755
2012-12-29 07:00:00,40.447144
2012-12-29 08:00:00,-0.14608955
2012-12-29 09:00:00,-0.1460886
2012-12-29 10:00:00,12.807774
2012-12-29 11:00:00,-30.588053
2012-12-29 12:00:00,-56.636147
2012-12-29 13:00:00,-56.636147
2012-12-29 14:00:00,-15.258825
2012-12-29 15:00:00,-19.93845
2012-12-29 16:00:00,20.640959
2012-12-29 17:00:00,5.4773555
2012-12-29 18:00:00,40.578552
2012-12-29 19:00:00,77.10996
2012-12-29 20:00:00,107.963196
2012-12-29 21:00:00,103.36866
2012-12-29 22:00:00,88.1252
2012-12-29 23:00:00,63.95932
2012-12-30 00:00:00,76.80844
2012-12-30 01:00:00,93.75076
2012-12-30 02:00:00,90.98172
2012-12-30 03:00:00,93.75076
2012-12-30 04:00:00,92.13701
2012-12-30 05:00:00,111.93586
2012-12-30 06:00:00,95.96634
2012-12-30 07:00:00,78.9433
2012-12-30 08:00:00,92.36651
2012-12-30 09:00:00,92.71546
2012-12-30 10:00:00,137.90323
2012-12-30 11:00:00,133.60071
2012-12-30 12:00:00,158.91624
2012-12-30 13:00:00,172.8074
2012-12-30 14:00:00,166.92038
2012-12-30 15:00:00,148.0792
2012-12-30 16:00:00,148.4803
2012-12-30 17:00:00,128.92628
2012-12-30 18:00:00,118.396614
2012-12-30 19:00:00,94.94694
2012-12-30 20:00:00,99.13897
2012-12-30 21:00:00,81.12122
2012-12-30 22:00:00,66.221886
2012-12-30 23:00:00,79.994064
2012-12-31 00:00:00,60.05623
2012-12-31 01:00:00,60.05623
2012-12-31 02:00:00,40.56759
2012-12-31 03:00:00,41.694756
2012-12-31 04:00:00,5.4466686
2012-12-31 05:00:00,22.587505
2012-12-31 06:00:00,25.304396
2012-12-31 07:00:00,27.98795
2012-12-31 08:00:00,2.729776
2012-12-31 09:00:00,42.366188
2012-12-31 10:00:00,30.135904
2012-12-31 11:00:00,66.47747
2012-12-31 12:00:00,80.16456
2012-12-31 13:00:00,125.23482
2012-12-31 14:00:00,131.02187
2012-12-31 15:00:00,130.61554
2012-12-31 16:00:00,114.58064
2012-12-31 17:00:00,117.64649
2012-12-31 18:00:00,115.70781
2012-12-31 19:00:00,76.39259
2012-12-31 20:00:00,76.39259
2012-12-31 21:00:00,70.452934
2012-12-31 22:00:00,85.347046
2012-12-31 23:00:00,57.8733
