datetime,count
2011-01-20 00:00:00,70.2859
2011-01-20 01:00:00,86.96659
2011-01-20 02:00:00,86.96659
2011-01-20 03:00:00,83.6768
2011-01-20 04:00:00,83.6768
2011-01-20 05:00:00,72.63897
2011-01-20 06:00:00,67.615746
2011-01-20 07:00:00,63.745377
2011-01-20 08:00:00,62.057877
2011-01-20 09:00:00,74.81533
2011-01-20 10:00:00,80.444595
2011-01-20 11:00:00,90.40387
2011-01-20 12:00:00,97.74565
2011-01-20 13:00:00,82.63262
2011-01-20 14:00:00,89.12266
2011-01-20 15:00:00,108.36248
2011-01-20 16:00:00,82.27788
2011-01-20 17:00:00,87.98242
2011-01-20 18:00:00,67.31336
2011-01-20 19:00:00,64.895424
2011-01-20 20:00:00,66.89667
2011-01-20 21:00:00,64.40203
2011-01-20 22:00:00,59.62033
2011-01-20 23:00:00,62.798546
2011-01-21 00:00:00,51.338654
2011-01-21 01:00:00,51.338654
2011-01-21 02:00:00,54.43273
2011-01-21 03:00:00,52.3301
2011-01-21 04:00:00,76.40571
2011-01-21 05:00:00,64.37401
2011-01-21 06:00:00,60.255226
2011-01-21 07:00:00,66.854294
2011-01-21 08:00:00,79.90973
2011-01-21 09:00:00,72.1466
2011-01-21 10:00:00,75.59137
2011-01-21 11:00:00,92.94482
2011-01-21 12:00:00,48.55941
2011-01-21 13:00:00,11.026724
2011-01-21 14:00:00,49.478104
2011-01-21 15:00:00,62.13488
2011-01-21 16:00:00,92.00874
2011-01-21 17:00:00,81.91888
2011-01-21 18:00:00,79.54426
2011-01-21 19:00:00,72.12976
2011-01-21 20:00:00,50.485725
2011-01-21 21:00:00,60.516106
2011-01-21 22:00:00,43.042336
2011-01-21 23:00:00,50.186455
2011-01-22 00:00:00,35.507896
2011-01-22 01:00:00,18.060432
2011-01-22 02:00:00,35.857323
2011-01-22 03:00:00,32.145714
2011-01-22 04:00:00,34.700974
2011-01-22 06:00:00,45.07537
2011-01-22 07:00:00,21.683798
2011-01-22 08:00:00,15.564127
2011-01-22 09:00:00,28.780193
2011-01-22 10:00:00,58.30944
2011-01-22 11:00:00,62.536263
2011-01-22 12:00:00,62.11328
2011-01-22 13:00:00,52.40409
2011-01-22 14:00:00,65.00136
2011-01-22 15:00:00,69.02446
2011-01-22 16:00:00,77.83088
2011-01-22 17:00:00,66.04338
2011-01-22 18:00:00,47.684006
2011-01-22 19:00:00,56.202904
2011-01-22 20:00:00,53.077667
2011-01-22 21:00:00,52.11831
2011-01-22 22:00:00,40.85388
2011-01-22 23:00:00,32.45867
2011-01-23 00:00:00,32.45867
2011-01-23 01:00:00,32.45867
2011-01-23 02:00:00,27.86703
2011-01-23 03:00:00,27.86703
2011-01-23 05:00:00,36.863914
2011-01-23 06:00:00,36.863914
2011-01-23 07:00:00,30.258192
2011-01-23 08:00:00,27.812937
2011-01-23 09:00:00,45.229813
2011-01-23 10:00:00,41.741547
2011-01-23 11:00:00,54.87802
2011-01-23 12:00:00,58.148315
2011-01-23 13:00:00,59.748062
2011-01-23 14:00:00,80.088295
2011-01-23 15:00:00,80.088295
2011-01-23 16:00:00,84.8976
2011-01-23 17:00:00,69.43821
2011-01-23 18:00:00,68.65506
2011-01-23 19:00:00,66.61653
2011-01-23 20:00:00,51.297012
2011-01-23 21:00:00,55.36727
2011-01-23 22:00:00,45.49711
2011-01-23 23:00:00,39.255722
2011-01-24 00:00:00,74.346886
2011-01-24 01:00:00,78.14478
2011-01-24 03:00:00,63.205086
2011-01-24 04:00:00,69.00357
2011-01-24 05:00:00,69.00357
2011-01-24 06:00:00,68.21242
2011-01-24 07:00:00,71.44015
2011-01-24 08:00:00,68.56848
2011-01-24 09:00:00,74.177185
2011-01-24 10:00:00,74.738655
2011-01-24 11:00:00,65.590836
2011-01-24 12:00:00,83.32702
2011-01-24 13:00:00,83.93158
2011-01-24 14:00:00,79.91184
2011-01-24 15:00:00,73.006744
2011-01-24 16:00:00,69.84053
2011-01-24 17:00:00,65.49258
2011-01-24 18:00:00,49.871468
2011-01-24 19:00:00,54.65782
2011-01-24 20:00:00,49.871468
2011-01-24 21:00:00,56.865204
2011-01-24 22:00:00,57.7041
2011-01-24 23:00:00,58.569595
2011-01-25 00:00:00,53.790337
2011-01-25 01:00:00,48.563416
2011-01-25 02:00:00,57.407898
2011-01-25 04:00:00,50.97873
2011-01-25 05:00:00,52.690292
2011-01-25 06:00:00,54.64216
2011-01-25 07:00:00,56.526375
2011-01-25 08:00:00,53.469475
2011-01-25 09:00:00,63.158188
2011-01-25 10:00:00,60.12825
2011-01-25 11:00:00,56.924477
2011-01-25 12:00:00,72.02318
2011-01-25 13:00:00,62.902588
2011-01-25 14:00:00,102.68395
2011-01-25 15:00:00,104.000435
2011-01-25 16:00:00,104.000435
2011-01-25 17:00:00,125.92396
2011-01-25 18:00:00,89.13836
2011-01-25 19:00:00,61.340668
2011-01-25 20:00:00,80.01119
2011-01-25 21:00:00,80.01119
2011-01-25 22:00:00,77.85419
2011-01-25 23:00:00,53.13833
2011-01-26 00:00:00,62.13159
2011-01-26 01:00:00,62.26632
2011-01-26 02:00:00,59.65754
2011-01-26 05:00:00,43.006096
2011-01-26 06:00:00,43.006096
2011-01-26 07:00:00,43.185738
2011-01-26 08:00:00,43.185738
2011-01-26 09:00:00,43.185738
2011-01-26 10:00:00,34.290665
2011-01-26 11:00:00,37.10016
2011-01-26 12:00:00,37.10016
2011-01-26 13:00:00,37.10016
2011-01-26 14:00:00,39.21422
2011-01-26 15:00:00,46.256508
2011-01-26 16:00:00,48.036964
2011-01-26 17:00:00,39.154022
2011-01-27 16:00:00,69.38016
2011-01-27 17:00:00,83.87354
2011-01-27 18:00:00,68.57379
2011-01-27 19:00:00,68.57379
2011-01-27 20:00:00,60.39232
2011-01-27 21:00:00,60.39232
2011-01-27 22:00:00,60.39232
2011-01-27 23:00:00,55.799477
2011-01-28 00:00:00,64.33285
2011-01-28 01:00:00,64.33285
2011-01-28 02:00:00,57.982246
2011-01-28 03:00:00,72.92345
2011-01-28 05:00:00,73.27307
2011-01-28 06:00:00,65.37355
2011-01-28 07:00:00,63.492615
2011-01-28 08:00:00,63.492615
2011-01-28 09:00:00,54.54412
2011-01-28 10:00:00,51.379448
2011-01-28 11:00:00,59.607582
2011-01-28 12:00:00,59.607582
2011-01-28 13:00:00,59.607582
2011-01-28 14:00:00,80.71755
2011-01-28 15:00:00,72.113174
2011-01-28 16:00:00,63.613373
2011-01-28 17:00:00,69.86792
2011-01-28 18:00:00,69.95705
2011-01-28 19:00:00,74.0208
2011-01-28 20:00:00,54.578804
2011-01-28 21:00:00,69.18424
2011-01-28 22:00:00,58.64721
2011-01-28 23:00:00,72.63897
2011-01-29 00:00:00,34.94161
2011-01-29 01:00:00,37.35282
2011-01-29 02:00:00,40.84301
2011-01-29 03:00:00,39.321663
2011-01-29 04:00:00,38.438057
2011-01-29 06:00:00,29.289265
2011-01-29 07:00:00,28.90908
2011-01-29 08:00:00,33.55782
2011-01-29 09:00:00,39.068916
2011-01-29 10:00:00,31.055624
2011-01-29 11:00:00,30.616425
2011-01-29 12:00:00,41.072372
2011-01-29 13:00:00,48.420868
2011-01-29 14:00:00,36.32022
2011-01-29 15:00:00,32.098244
2011-01-29 16:00:00,44.80165
2011-01-29 17:00:00,64.58995
2011-01-29 18:00:00,48.770927
2011-01-29 19:00:00,32.302002
2011-01-29 20:00:00,39.688675
2011-01-29 21:00:00,39.688675
2011-01-29 22:00:00,32.52295
2011-01-29 23:00:00,32.52295
2011-01-30 00:00:00,31.352652
2011-01-30 01:00:00,28.219112
2011-01-30 02:00:00,31.900991
2011-01-30 03:00:00,22.790802
2011-01-30 04:00:00,22.790802
2011-01-30 05:00:00,24.56544
2011-01-30 07:00:00,24.56544
2011-01-30 08:00:00,40.38233
2011-01-30 09:00:00,49.463722
2011-01-30 10:00:00,53.127167
2011-01-30 11:00:00,47.409317
2011-01-30 12:00:00,85.498825
2011-01-30 13:00:00,69.48937
2011-01-30 14:00:00,75.38081
2011-01-30 15:00:00,93.96105
2011-01-30 16:00:00,93.96105
2011-01-30 17:00:00,70.05994
2011-01-30 18:00:00,51.64949
2011-01-30 19:00:00,48.900887
2011-01-30 20:00:00,34.576935
2011-01-30 21:00:00,25.075272
2011-01-30 22:00:00,26.820608
2011-01-30 23:00:00,40.16642
2011-01-31 00:00:00,55.75627
2011-01-31 01:00:00,67.22183
2011-01-31 02:00:00,76.346794
2011-01-31 03:00:00,76.346794
2011-01-31 04:00:00,61.832466
2011-01-31 05:00:00,51.568703
2011-01-31 06:00:00,46.03174
2011-01-31 07:00:00,60.32203
2011-01-31 08:00:00,66.853714
2011-01-31 09:00:00,67.91076
2011-01-31 10:00:00,60.866028
2011-01-31 11:00:00,60.866028
2011-01-31 12:00:00,63.62989
2011-01-31 13:00:00,71.13117
2011-01-31 14:00:00,62.656242
2011-01-31 15:00:00,58.40277
2011-01-31 16:00:00,65.52497
2011-01-31 17:00:00,60.866028
2011-01-31 18:00:00,68.212555
2011-01-31 19:00:00,97.64898
2011-01-31 20:00:00,70.05996
2011-01-31 21:00:00,72.30857
2011-01-31 22:00:00,60.31562
2011-01-31 23:00:00,58.13996
2011-02-20 00:00:00,109.482155
2011-02-20 01:00:00,91.10931
2011-02-20 02:00:00,84.92558
2011-02-20 03:00:00,71.77454
2011-02-20 04:00:00,71.77454
2011-02-20 06:00:00,62.271362
2011-02-20 07:00:00,45.998405
2011-02-20 08:00:00,39.62787
2011-02-20 09:00:00,64.78241
2011-02-20 10:00:00,101.052925
2011-02-20 11:00:00,138.58302
2011-02-20 12:00:00,116.363655
2011-02-20 13:00:00,140.83936
2011-02-20 14:00:00,221.92639
2011-02-20 15:00:00,202.8809
2011-02-20 16:00:00,178.74269
2011-02-20 17:00:00,143.4914
2011-02-20 18:00:00,126.30788
2011-02-20 19:00:00,126.30788
2011-02-20 20:00:00,95.7465
2011-02-20 21:00:00,85.33839
2011-02-20 22:00:00,58.725464
2011-02-20 23:00:00,47.720787
2011-02-21 00:00:00,139.21841
2011-02-21 01:00:00,139.21841
2011-02-21 02:00:00,139.21841
2011-02-21 03:00:00,131.65918
2011-02-21 04:00:00,94.49714
2011-02-21 05:00:00,101.346985
2011-02-21 06:00:00,188.6758
2011-02-21 07:00:00,195.04323
2011-02-21 08:00:00,64.682755
2011-02-21 09:00:00,60.91577
2011-02-21 10:00:00,53.356544
2011-02-21 11:00:00,64.12753
2011-02-21 12:00:00,49.90354
2011-02-21 13:00:00,23.767492
2011-02-21 14:00:00,37.477303
2011-02-21 15:00:00,42.64303
2011-02-21 16:00:00,40.411247
2011-02-21 17:00:00,26.119356
2011-02-21 18:00:00,7.802467
2011-02-21 19:00:00,7.802467
2011-02-21 20:00:00,26.56298
2011-02-21 21:00:00,38.57849
2011-02-21 22:00:00,36.02839
2011-02-21 23:00:00,36.02839
2011-02-22 06:00:00,39.67141
2011-02-22 07:00:00,39.67141
2011-02-22 08:00:00,37.550232
2011-02-22 09:00:00,45.07727
2011-02-22 10:00:00,54.109367
2011-02-22 11:00:00,67.00333
2011-02-22 12:00:00,78.2905
2011-02-22 13:00:00,72.87033
2011-02-22 14:00:00,69.38016
2011-02-22 15:00:00,71.40394
2011-02-22 16:00:00,69.77405
2011-02-22 17:00:00,63.04798
2011-02-22 18:00:00,71.237366
2011-02-22 19:00:00,72.56204
2011-02-22 20:00:00,68.215576
2011-02-22 21:00:00,70.84849
2011-02-22 22:00:00,75.06589
2011-02-22 23:00:00,75.06589
2011-02-23 00:00:00,61.62851
2011-02-23 01:00:00,65.10852
2011-02-23 02:00:00,58.072975
2011-02-23 03:00:00,59.825417
2011-02-23 05:00:00,56.836395
2011-02-23 06:00:00,56.836395
2011-02-23 07:00:00,52.847626
2011-02-23 08:00:00,54.65782
2011-02-23 09:00:00,72.64848
2011-02-23 10:00:00,92.52317
2011-02-23 11:00:00,88.17746
2011-02-23 12:00:00,106.82902
2011-02-23 13:00:00,128.89676
2011-02-23 14:00:00,140.04227
2011-02-23 15:00:00,151.99275
2011-02-23 16:00:00,141.81264
2011-02-23 17:00:00,151.99275
2011-02-23 18:00:00,140.96657
2011-02-23 19:00:00,120.81836
2011-02-23 20:00:00,81.749886
2011-02-23 21:00:00,97.87882
2011-02-23 22:00:00,97.87882
2011-02-23 23:00:00,87.64034
2011-02-24 00:00:00,87.64034
2011-02-24 01:00:00,83.140755
2011-02-24 02:00:00,73.07337
2011-02-24 03:00:00,72.42169
2011-02-24 05:00:00,67.9221
2011-02-24 06:00:00,69.109955
2011-02-24 07:00:00,65.31149
2011-02-24 08:00:00,79.787056
2011-02-24 09:00:00,47.613983
2011-02-24 10:00:00,53.51757
2011-02-24 11:00:00,101.17716
2011-02-24 12:00:00,121.35521
2011-02-24 13:00:00,127.35495
2011-02-24 14:00:00,149.93727
2011-02-24 15:00:00,161.79248
2011-02-24 16:00:00,96.57294
2011-02-24 17:00:00,70.75962
2011-02-24 18:00:00,77.07107
2011-02-24 19:00:00,55.914604
2011-02-24 20:00:00,78.225296
2011-02-24 21:00:00,77.07107
2011-02-24 22:00:00,55.14814
2011-02-24 23:00:00,90.237564
2011-02-25 00:00:00,105.41241
2011-02-25 01:00:00,81.55027
2011-02-25 02:00:00,81.55027
2011-02-25 03:00:00,90.077805
2011-02-25 05:00:00,90.077805
2011-02-25 06:00:00,103.78525
2011-02-25 07:00:00,100.25812
2011-02-25 08:00:00,96.8814
2011-02-25 09:00:00,48.92254
2011-02-25 10:00:00,81.75505
2011-02-25 11:00:00,173.00752
2011-02-25 12:00:00,196.18852
2011-02-25 13:00:00,196.18852
2011-02-25 14:00:00,238.0798
2011-02-25 15:00:00,145.60802
2011-02-25 16:00:00,131.71982
2011-02-25 17:00:00,108.89898
2011-02-25 18:00:00,129.681
2011-02-25 19:00:00,111.274
2011-02-25 20:00:00,109.73821
2011-02-25 21:00:00,109.37505
2011-02-25 22:00:00,102.35668
2011-02-25 23:00:00,88.00383
2011-02-26 00:00:00,44.917343
2011-02-26 01:00:00,53.366737
2011-02-26 02:00:00,41.983475
2011-02-26 03:00:00,40.73266
2011-02-26 04:00:00,35.86435
2011-02-26 05:00:00,30.685007
2011-02-26 06:00:00,60.908073
2011-02-26 07:00:00,52.19352
2011-02-26 08:00:00,51.41252
2011-02-26 09:00:00,50.011772
2011-02-26 10:00:00,64.92408
2011-02-26 11:00:00,103.38576
2011-02-26 12:00:00,90.74941
2011-02-26 13:00:00,128.37273
2011-02-26 14:00:00,168.83827
2011-02-26 15:00:00,148.72786
2011-02-26 16:00:00,117.96705
2011-02-26 17:00:00,126.09024
2011-02-26 18:00:00,103.817726
2011-02-26 19:00:00,84.728065
2011-02-26 20:00:00,75.74186
2011-02-26 21:00:00,52.929
2011-02-26 22:00:00,57.407303
2011-02-26 23:00:00,48.296394
2011-02-27 00:00:00,58.476807
2011-02-27 01:00:00,54.751274
2011-02-27 02:00:00,51.82016
2011-02-27 03:00:00,50.44802
2011-02-27 04:00:00,46.06672
2011-02-27 06:00:00,41.91938
2011-02-27 07:00:00,46.06672
2011-02-27 08:00:00,45.432045
2011-02-27 09:00:00,53.96068
2011-02-27 10:00:00,62.798035
2011-02-27 11:00:00,101.08947
2011-02-27 12:00:00,132.05753
2011-02-27 13:00:00,153.73076
2011-02-27 14:00:00,155.97993
2011-02-27 15:00:00,179.50249
2011-02-27 16:00:00,193.87903
2011-02-27 17:00:00,133.73997
2011-02-27 18:00:00,124.12147
2011-02-27 19:00:00,128.65959
2011-02-27 20:00:00,132.05753
2011-02-27 21:00:00,114.23882
2011-02-27 22:00:00,92.980286
2011-02-27 23:00:00,73.019936
2011-02-28 00:00:00,111.050865
2011-02-28 01:00:00,47.77485
2011-02-28 03:00:00,80.84282
2011-02-28 05:00:00,91.51314
2011-02-28 06:00:00,91.05992
2011-02-28 07:00:00,97.42312
2011-02-28 08:00:00,85.217384
2011-02-28 09:00:00,122.04526
2011-02-28 10:00:00,168.88899
2011-02-28 11:00:00,197.24063
2011-02-28 12:00:00,197.24062
2011-02-28 13:00:00,108.84679
2011-02-28 14:00:00,89.901375
2011-02-28 15:00:00,89.901375
2011-02-28 16:00:00,123.93451
2011-02-28 17:00:00,84.89219
2011-02-28 18:00:00,114.09678
2011-02-28 19:00:00,79.37473
2011-02-28 20:00:00,79.37473
2011-02-28 21:00:00,88.61486
2011-02-28 22:00:00,44.172073
2011-02-28 23:00:00,60.4254
2011-03-20 00:00:00,114.90984
2011-03-20 01:00:00,78.35738
2011-03-20 02:00:00,67.659035
2011-03-20 03:00:00,56.93289
2011-03-20 04:00:00,50.631927
2011-03-20 05:00:00,51.125275
2011-03-20 06:00:00,48.8524
2011-03-20 07:00:00,36.846825
2011-03-20 08:00:00,63.73632
2011-03-20 09:00:00,79.79424
2011-03-20 10:00:00,85.68639
2011-03-20 11:00:00,120.948524
2011-03-20 12:00:00,129.01862
2011-03-20 13:00:00,161.2823
2011-03-20 14:00:00,180.11563
2011-03-20 15:00:00,190.15218
2011-03-20 16:00:00,187.37367
2011-03-20 17:00:00,181.21768
2011-03-20 18:00:00,166.53093
2011-03-20 19:00:00,126.65622
2011-03-20 20:00:00,117.96705
2011-03-20 21:00:00,88.2834
2011-03-20 22:00:00,97.46411
2011-03-20 23:00:00,100.41195
2011-03-21 00:00:00,121.757576
2011-03-21 01:00:00,81.72887
2011-03-21 02:00:00,76.33839
2011-03-21 03:00:00,76.33839
2011-03-21 05:00:00,48.998688
2011-03-21 06:00:00,72.027405
2011-03-21 07:00:00,68.1622
2011-03-21 08:00:00,57.225388
2011-03-21 09:00:00,58.83203
2011-03-21 10:00:00,79.73088
2011-03-21 11:00:00,86.46834
2011-03-21 12:00:00,95.79351
2011-03-21 13:00:00,142.65034
2011-03-21 14:00:00,161.74739
2011-03-21 15:00:00,191.32701
2011-03-21 16:00:00,166.91197
2011-03-21 17:00:00,164.32536
2011-03-21 18:00:00,134.59343
2011-03-21 19:00:00,227.95476
2011-03-21 20:00:00,184.51305
2011-03-21 21:00:00,70.32079
2011-03-21 22:00:00,89.55074
2011-03-21 23:00:00,72.663284
2011-03-22 00:00:00,84.03313
2011-03-22 01:00:00,54.701035
2011-03-22 02:00:00,61.629776
2011-03-22 03:00:00,97.27902
2011-03-22 04:00:00,91.78361
2011-03-22 05:00:00,80.299255
2011-03-22 06:00:00,76.10966
2011-03-22 07:00:00,92.28176
2011-03-22 08:00:00,132.2301
2011-03-22 09:00:00,173.74269
2011-03-22 10:00:00,157.83601
2011-03-22 11:00:00,169.39339
2011-03-22 12:00:00,194.17528
2011-03-22 13:00:00,216.38002
2011-03-22 14:00:00,235.5443
2011-03-22 15:00:00,219.5805
2011-03-22 16:00:00,201.34053
2011-03-22 17:00:00,201.34053
2011-03-22 18:00:00,186.99455
2011-03-22 19:00:00,146.5098
2011-03-22 20:00:00,172.92918
2011-03-22 21:00:00,149.92238
2011-03-22 22:00:00,120.90388
2011-03-22 23:00:00,120.90388
2011-03-23 00:00:00,83.19486
2011-03-23 01:00:00,71.07546
2011-03-23 02:00:00,71.07546
2011-03-23 03:00:00,61.178833
2011-03-23 05:00:00,53.07834
2011-03-23 06:00:00,50.002388
2011-03-23 07:00:00,53.113785
2011-03-23 08:00:00,54.104126
2011-03-23 09:00:00,53.84362
2011-03-23 10:00:00,56.024986
2011-03-23 11:00:00,59.11329
2011-03-23 12:00:00,53.492577
2011-03-23 13:00:00,53.68582
2011-03-23 14:00:00,68.71462
2011-03-23 15:00:00,70.09034
2011-03-23 16:00:00,81.34846
2011-03-23 17:00:00,81.34846
2011-03-23 18:00:00,68.901825
2011-03-23 19:00:00,68.901825
2011-03-23 20:00:00,96.93301
2011-03-23 21:00:00,51.239998
2011-03-23 22:00:00,56.0589
2011-03-23 23:00:00,69.6371
2011-03-24 00:00:00,53.113785
2011-03-24 01:00:00,46.16674
2011-03-24 02:00:00,49.849396
2011-03-24 03:00:00,41.04499
2011-03-24 04:00:00,41.04499
2011-03-24 05:00:00,43.081383
2011-03-24 06:00:00,43.081383
2011-03-24 07:00:00,38.544434
2011-03-24 08:00:00,42.222603
2011-03-24 09:00:00,38.07219
2011-03-24 10:00:00,42.55134
2011-03-24 11:00:00,56.592903
2011-03-24 12:00:00,74.74748
2011-03-24 13:00:00,68.03039
2011-03-24 14:00:00,60.053833
2011-03-24 15:00:00,68.988815
2011-03-24 16:00:00,75.69899
2011-03-24 17:00:00,66.298096
2011-03-24 18:00:00,90.11549
2011-03-24 19:00:00,116.533104
2011-03-24 20:00:00,85.8288
2011-03-24 21:00:00,74.46201
2011-03-24 22:00:00,71.98297
2011-03-24 23:00:00,76.719795
2011-03-25 00:00:00,84.1506
2011-03-25 01:00:00,70.796684
2011-03-25 02:00:00,75.209274
2011-03-25 03:00:00,66.48152
2011-03-25 04:00:00,63.063126
2011-03-25 05:00:00,64.27586
2011-03-25 06:00:00,69.38101
2011-03-25 07:00:00,72.84466
2011-03-25 08:00:00,94.33971
2011-03-25 09:00:00,104.207436
2011-03-25 10:00:00,96.17143
2011-03-25 11:00:00,141.22205
2011-03-25 12:00:00,156.46571
2011-03-25 13:00:00,176.97032
2011-03-25 14:00:00,190.66576
2011-03-25 15:00:00,170.77486
2011-03-25 16:00:00,169.14928
2011-03-25 17:00:00,166.1447
2011-03-25 18:00:00,151.56645
2011-03-25 19:00:00,159.44229
2011-03-25 20:00:00,145.28453
2011-03-25 21:00:00,152.71326
2011-03-25 22:00:00,148.31866
2011-03-25 23:00:00,142.3055
2011-03-26 00:00:00,131.4163
2011-03-26 01:00:00,116.228905
2011-03-26 02:00:00,97.21095
2011-03-26 03:00:00,86.04436
2011-03-26 04:00:00,97.210945
2011-03-26 05:00:00,80.507126
2011-03-26 06:00:00,65.90231
2011-03-26 07:00:00,80.507126
2011-03-26 08:00:00,105.656654
2011-03-26 09:00:00,118.861786
2011-03-26 10:00:00,125.89082
2011-03-26 11:00:00,139.09596
2011-03-26 12:00:00,148.90044
2011-03-26 13:00:00,166.50105
2011-03-26 14:00:00,231.0265
2011-03-26 15:00:00,238.75542
2011-03-26 16:00:00,273.9614
2011-03-26 17:00:00,251.27402
2011-03-26 18:00:00,225.19478
2011-03-26 19:00:00,135.15381
2011-03-26 20:00:00,135.15381
2011-03-26 21:00:00,131.55614
2011-03-26 22:00:00,142.72276
2011-03-26 23:00:00,123.11045
2011-03-27 00:00:00,137.74078
2011-03-27 01:00:00,98.09666
2011-03-27 02:00:00,87.56326
2011-03-27 03:00:00,57.337036
2011-03-27 04:00:00,46.88108
2011-03-27 06:00:00,29.598526
2011-03-27 07:00:00,31.47382
2011-03-27 08:00:00,54.87899
2011-03-27 09:00:00,72.910706
2011-03-27 10:00:00,88.96857
2011-03-27 11:00:00,108.7722
2011-03-27 12:00:00,129.5176
2011-03-27 13:00:00,142.70897
2011-03-27 14:00:00,167.11752
2011-03-27 15:00:00,151.84386
2011-03-27 16:00:00,171.60222
2011-03-27 17:00:00,179.79857
2011-03-27 18:00:00,160.20737
2011-03-27 19:00:00,164.66222
2011-03-27 20:00:00,141.86456
2011-03-27 21:00:00,125.89082
2011-03-27 22:00:00,125.89082
2011-03-27 23:00:00,119.706184
2011-03-28 00:00:00,91.27454
2011-03-28 01:00:00,112.475586
2011-03-28 02:00:00,114.50729
2011-03-28 03:00:00,114.50729
2011-03-28 05:00:00,93.40319
2011-03-28 06:00:00,97.431625
2011-03-28 07:00:00,106.198044
2011-03-28 08:00:00,112.891014
2011-03-28 09:00:00,133.50713
2011-03-28 10:00:00,158.17271
2011-03-28 11:00:00,143.56456
2011-03-28 12:00:00,149.54321
2011-03-28 13:00:00,134.13998
2011-03-28 14:00:00,188.26144
2011-03-28 15:00:00,177.64981
2011-03-28 16:00:00,197.03171
2011-03-28 17:00:00,194.0471
2011-03-28 18:00:00,193.07152
2011-03-28 19:00:00,176.87386
2011-03-28 20:00:00,193.69179
2011-03-28 21:00:00,199.03156
2011-03-28 22:00:00,173.63448
2011-03-28 23:00:00,165.74498
2011-03-29 00:00:00,157.47917
2011-03-29 01:00:00,129.88075
2011-03-29 02:00:00,129.88075
2011-03-29 03:00:00,129.88075
2011-03-29 04:00:00,105.439735
2011-03-29 05:00:00,115.75857
2011-03-29 06:00:00,107.16694
2011-03-29 07:00:00,100.77511
2011-03-29 08:00:00,118.13319
2011-03-29 09:00:00,159.14116
2011-03-29 10:00:00,172.02388
2011-03-29 11:00:00,114.01917
2011-03-29 12:00:00,188.00609
2011-03-29 13:00:00,184.81999
2011-03-29 14:00:00,199.3955
2011-03-29 15:00:00,219.52861
2011-03-29 16:00:00,238.18915
2011-03-29 17:00:00,265.09213
2011-03-29 18:00:00,229.08833
2011-03-29 19:00:00,199.21352
2011-03-29 20:00:00,229.08833
2011-03-29 21:00:00,116.917015
2011-03-29 22:00:00,98.61466
2011-03-29 23:00:00,83.65767
2011-03-30 00:00:00,82.124115
2011-03-30 01:00:00,128.36865
2011-03-30 02:00:00,82.124115
2011-03-30 03:00:00,88.80589
2011-03-30 04:00:00,82.124115
2011-03-30 05:00:00,91.68814
2011-03-30 06:00:00,109.413475
2011-03-30 07:00:00,115.747826
2011-03-30 08:00:00,116.42673
2011-03-30 09:00:00,148.97229
2011-03-30 10:00:00,146.51608
2011-03-30 11:00:00,154.05005
2011-03-30 12:00:00,133.39891
2011-03-30 13:00:00,152.79411
2011-03-30 14:00:00,169.5088
2011-03-30 15:00:00,67.47196
2011-03-30 16:00:00,56.824463
2011-03-30 17:00:00,51.917587
2011-03-30 18:00:00,38.07219
2011-03-30 19:00:00,38.07219
2011-03-30 20:00:00,51.30677
2011-03-30 21:00:00,38.159378
2011-03-30 22:00:00,46.385674
2011-03-30 23:00:00,50.249725
2011-03-31 00:00:00,46.385674
2011-03-31 01:00:00,45.257027
2011-03-31 02:00:00,45.257027
2011-03-31 03:00:00,46.385674
2011-03-31 04:00:00,48.49975
2011-03-31 05:00:00,46.385674
2011-03-31 06:00:00,51.30677
2011-03-31 07:00:00,48.49975
2011-03-31 08:00:00,32.858414
2011-03-31 09:00:00,48.557487
2011-03-31 10:00:00,48.557487
2011-03-31 11:00:00,45.43595
2011-03-31 12:00:00,45.43595
2011-03-31 13:00:00,54.05645
2011-03-31 14:00:00,54.056442
2011-03-31 15:00:00,59.691696
2011-03-31 16:00:00,45.947853
2011-03-31 17:00:00,45.947853
2011-03-31 18:00:00,56.336662
2011-03-31 19:00:00,56.336662
2011-03-31 20:00:00,50.738876
2011-03-31 21:00:00,45.90931
2011-03-31 22:00:00,48.986427
2011-03-31 23:00:00,42.37655
2011-04-20 00:00:00,69.43272
2011-04-20 01:00:00,61.540398
2011-04-20 02:00:00,61.540398
2011-04-20 03:00:00,53.63308
2011-04-20 04:00:00,49.602554
2011-04-20 05:00:00,59.312073
2011-04-20 06:00:00,61.540398
2011-04-20 07:00:00,57.314964
2011-04-20 08:00:00,236.893
2011-04-20 09:00:00,277.4878
2011-04-20 10:00:00,179.86696
2011-04-20 11:00:00,179.86696
2011-04-20 12:00:00,335.51498
2011-04-20 13:00:00,335.51498
2011-04-20 14:00:00,424.03098
2011-04-20 15:00:00,426.8201
2011-04-20 16:00:00,426.8201
2011-04-20 17:00:00,398.40936
2011-04-20 18:00:00,476.90952
2011-04-20 19:00:00,435.15698
2011-04-20 20:00:00,371.36707
2011-04-20 21:00:00,368.37418
2011-04-20 22:00:00,300.455
2011-04-20 23:00:00,299.94846
2011-04-21 00:00:00,268.88474
2011-04-21 01:00:00,226.33943
2011-04-21 02:00:00,244.66426
2011-04-21 03:00:00,211.80876
2011-04-21 04:00:00,195.58162
2011-04-21 05:00:00,183.43517
2011-04-21 06:00:00,166.8076
2011-04-21 07:00:00,199.25899
2011-04-21 08:00:00,184.02402
2011-04-21 09:00:00,179.37263
2011-04-21 10:00:00,189.59126
2011-04-21 11:00:00,199.93561
2011-04-21 12:00:00,194.83226
2011-04-21 13:00:00,253.83229
2011-04-21 14:00:00,266.72076
2011-04-21 15:00:00,313.97278
2011-04-21 16:00:00,323.55673
2011-04-21 17:00:00,276.8165
2011-04-21 18:00:00,315.92526
2011-04-21 19:00:00,265.22983
2011-04-21 20:00:00,206.92873
2011-04-21 21:00:00,163.07887
2011-04-21 22:00:00,155.50287
2011-04-21 23:00:00,141.03812
2011-04-22 00:00:00,76.05533
2011-04-22 01:00:00,116.45834
2011-04-22 02:00:00,125.32722
2011-04-22 03:00:00,125.32722
2011-04-22 04:00:00,121.31737
2011-04-22 05:00:00,109.49881
2011-04-22 06:00:00,121.317375
2011-04-22 07:00:00,131.28748
2011-04-22 08:00:00,123.72825
2011-04-22 09:00:00,120.76358
2011-04-22 10:00:00,84.829346
2011-04-22 11:00:00,88.15721
2011-04-22 12:00:00,63.96495
2011-04-22 13:00:00,53.136093
2011-04-22 14:00:00,57.0026
2011-04-22 15:00:00,53.136093
2011-04-22 16:00:00,53.68582
2011-04-22 17:00:00,46.990303
2011-04-22 18:00:00,46.990303
2011-04-22 19:00:00,46.990303
2011-04-22 20:00:00,54.82833
2011-04-22 21:00:00,47.71485
2011-04-22 22:00:00,45.769188
2011-04-22 23:00:00,51.913033
2011-04-23 00:00:00,28.50517
2011-04-23 01:00:00,28.50517
2011-04-23 02:00:00,18.900028
2011-04-23 03:00:00,21.769297
2011-04-23 04:00:00,45.506157
2011-04-23 05:00:00,45.506157
2011-04-23 06:00:00,35.0995
2011-04-23 07:00:00,16.244072
2011-04-23 08:00:00,26.519798
2011-04-23 09:00:00,32.1353
2011-04-23 10:00:00,57.630547
2011-04-23 11:00:00,74.7857
2011-04-23 12:00:00,113.80372
2011-04-23 13:00:00,116.06897
2011-04-23 14:00:00,148.24129
2011-04-23 15:00:00,185.44322
2011-04-23 16:00:00,176.40308
2011-04-23 17:00:00,180.27867
2011-04-23 18:00:00,149.03311
2011-04-23 19:00:00,141.16777
2011-04-23 20:00:00,106.853325
2011-04-23 21:00:00,115.371086
2011-04-23 22:00:00,128.45726
2011-04-23 23:00:00,113.65673
2011-04-24 00:00:00,119.71764
2011-04-24 01:00:00,94.17948
2011-04-24 02:00:00,94.17948
2011-04-24 03:00:00,66.791626
2011-04-24 04:00:00,66.791626
2011-04-24 05:00:00,66.791626
2011-04-24 06:00:00,66.12058
2011-04-24 07:00:00,66.12058
2011-04-24 08:00:00,91.99497
2011-04-24 09:00:00,127.42812
2011-04-24 10:00:00,154.90945
2011-04-24 11:00:00,212.98244
2011-04-24 12:00:00,236.24211
2011-04-24 13:00:00,286.09705
2011-04-24 14:00:00,313.22952
2011-04-24 15:00:00,236.86562
2011-04-24 16:00:00,425.99023
2011-04-24 17:00:00,229.22447
2011-04-24 18:00:00,193.56102
2011-04-24 19:00:00,106.729546
2011-04-24 20:00:00,106.729546
2011-04-24 21:00:00,85.190765
2011-04-24 22:00:00,82.80946
2011-04-24 23:00:00,95.5878
2011-04-25 00:00:00,103.09231
2011-04-25 01:00:00,76.19998
2011-04-25 02:00:00,76.19998
2011-04-25 03:00:00,85.51932
2011-04-25 04:00:00,84.168785
2011-04-25 05:00:00,73.141624
2011-04-25 06:00:00,80.48694
2011-04-25 07:00:00,90.02123
2011-04-25 08:00:00,110.17687
2011-04-25 09:00:00,137.89922
2011-04-25 10:00:00,198.00615
2011-04-25 11:00:00,198.00615
2011-04-25 12:00:00,211.56778
2011-04-25 13:00:00,284.72906
2011-04-25 14:00:00,319.39407
2011-04-25 15:00:00,330.1428
2011-04-25 16:00:00,330.3032
2011-04-25 17:00:00,321.1832
2011-04-25 18:00:00,317.16656
2011-04-25 19:00:00,301.77255
2011-04-25 20:00:00,277.4878
2011-04-25 21:00:00,218.8127
2011-04-25 22:00:00,200.106
2011-04-25 23:00:00,170.23372
2011-04-26 00:00:00,221.3993
2011-04-26 01:00:00,205.11714
2011-04-26 02:00:00,158.48035
2011-04-26 03:00:00,130.21877
2011-04-26 04:00:00,144.69551
2011-04-26 05:00:00,124.701126
2011-04-26 06:00:00,126.59513
2011-04-26 07:00:00,160.38208
2011-04-26 08:00:00,160.38206
2011-04-26 09:00:00,222.66542
2011-04-26 10:00:00,245.21742
2011-04-26 11:00:00,270.38632
2011-04-26 12:00:00,304.77603
2011-04-26 13:00:00,350.5616
2011-04-26 14:00:00,331.44296
2011-04-26 15:00:00,307.8236
2011-04-26 16:00:00,326.22604
2011-04-26 17:00:00,290.775
2011-04-26 18:00:00,275.55087
2011-04-26 19:00:00,227.83
2011-04-26 20:00:00,222.66542
2011-04-26 21:00:00,189.0024
2011-04-26 22:00:00,166.28291
2011-04-26 23:00:00,164.01003
2011-04-27 00:00:00,154.00883
2011-04-27 01:00:00,159.50803
2011-04-27 02:00:00,139.51366
2011-04-27 03:00:00,148.68126
2011-04-27 04:00:00,111.47365
2011-04-27 05:00:00,138.36139
2011-04-27 06:00:00,116.9728
2011-04-27 07:00:00,148.68126
2011-04-27 08:00:00,145.27574
2011-04-27 09:00:00,143.6219
2011-04-27 10:00:00,168.0608
2011-04-27 11:00:00,181.2554
2011-04-27 12:00:00,210.60248
2011-04-27 13:00:00,195.18898
2011-04-27 14:00:00,230.59038
2011-04-27 15:00:00,289.70786
2011-04-27 16:00:00,266.87088
2011-04-27 17:00:00,170.93446
2011-04-27 18:00:00,170.93446
2011-04-27 19:00:00,189.0024
2011-04-27 20:00:00,184.14922
2011-04-27 21:00:00,155.86143
2011-04-27 22:00:00,158.99158
2011-04-27 23:00:00,156.72633
2011-04-28 00:00:00,203.58488
2011-04-28 01:00:00,164.84718
2011-04-28 02:00:00,170.01175
2011-04-28 03:00:00,190.29556
2011-04-28 04:00:00,167.42513
2011-04-28 05:00:00,164.84718
2011-04-28 06:00:00,196.7491
2011-04-28 07:00:00,195.46016
2011-04-28 08:00:00,206.45688
2011-04-28 09:00:00,133.19493
2011-04-28 10:00:00,162.39713
2011-04-28 11:00:00,168.0608
2011-04-28 12:00:00,175.97473
2011-04-28 13:00:00,166.92815
2011-04-28 14:00:00,175.1946
2011-04-28 15:00:00,242.63948
2011-04-28 16:00:00,183.48476
2011-04-28 17:00:00,310.05444
2011-04-28 18:00:00,310.05444
2011-04-28 19:00:00,303.54837
2011-04-28 20:00:00,258.328
2011-04-28 21:00:00,231.48048
2011-04-28 22:00:00,227.17882
2011-04-28 23:00:00,222.66324
2011-04-29 00:00:00,241.86032
2011-04-29 01:00:00,195.86389
2011-04-29 02:00:00,130.52322
2011-04-29 03:00:00,137.8546
2011-04-29 04:00:00,173.69872
2011-04-29 05:00:00,180.66325
2011-04-29 06:00:00,225.5
2011-04-29 07:00:00,224.97223
2011-04-29 08:00:00,255.03885
2011-04-29 09:00:00,259.67282
2011-04-29 10:00:00,261.91257
2011-04-29 11:00:00,294.40347
2011-04-29 12:00:00,268.04398
2011-04-29 13:00:00,272.9495
2011-04-29 14:00:00,359.39496
2011-04-29 15:00:00,229.11896
2011-04-29 16:00:00,238.02933
2011-04-29 17:00:00,234.9538
2011-04-29 18:00:00,233.43715
2011-04-29 19:00:00,168.7743
2011-04-29 20:00:00,203.2434
2011-04-29 21:00:00,170.65114
2011-04-29 22:00:00,128.25737
2011-04-29 23:00:00,121.80324
2011-04-30 00:00:00,136.43065
2011-04-30 01:00:00,113.80353
2011-04-30 02:00:00,128.8967
2011-04-30 03:00:00,117.19085
2011-04-30 04:00:00,124.75008
2011-04-30 05:00:00,143.75452
2011-04-30 06:00:00,100.865944
2011-04-30 07:00:00,139.622
2011-04-30 08:00:00,116.96958
2011-04-30 09:00:00,153.33696
2011-04-30 10:00:00,206.97743
2011-04-30 11:00:00,248.50034
2011-04-30 12:00:00,274.48047
2011-04-30 13:00:00,332.57492
2011-04-30 14:00:00,308.0143
2011-04-30 15:00:00,319.30692
2011-04-30 16:00:00,356.89255
2011-04-30 17:00:00,248.92744
2011-04-30 18:00:00,237.8196
2011-04-30 19:00:00,237.8196
2011-04-30 20:00:00,110.393974
2011-04-30 21:00:00,110.393974
2011-04-30 22:00:00,108.38294
2011-04-30 23:00:00,108.38294
2011-05-20 00:00:00,65.29324
2011-05-20 01:00:00,55.578903
2011-05-20 02:00:00,56.2303
2011-05-20 03:00:00,51.915466
2011-05-20 04:00:00,61.629776
2011-05-20 05:00:00,62.34733
2011-05-20 06:00:00,73.99325
2011-05-20 07:00:00,121.06912
2011-05-20 08:00:00,136.00594
2011-05-20 09:00:00,169.60683
2011-05-20 10:00:00,184.51305
2011-05-20 11:00:00,200.9968
2011-05-20 12:00:00,238.3966
2011-05-20 13:00:00,208.33664
2011-05-20 14:00:00,278.10098
2011-05-20 15:00:00,229.27661
2011-05-20 16:00:00,227.92471
2011-05-20 17:00:00,218.44795
2011-05-20 18:00:00,259.35187
2011-05-20 19:00:00,171.49992
2011-05-20 20:00:00,172.50217
2011-05-20 21:00:00,165.04732
2011-05-20 22:00:00,125.41161
2011-05-20 23:00:00,141.08968
2011-05-21 00:00:00,112.80552
2011-05-21 01:00:00,111.62757
2011-05-21 02:00:00,125.40673
2011-05-21 03:00:00,85.39181
2011-05-21 04:00:00,68.35016
2011-05-21 05:00:00,65.3379
2011-05-21 06:00:00,98.28411
2011-05-21 07:00:00,135.80501
2011-05-21 08:00:00,159.75487
2011-05-21 09:00:00,201.90462
2011-05-21 10:00:00,213.98802
2011-05-21 11:00:00,281.43942
2011-05-21 12:00:00,267.00983
2011-05-21 13:00:00,299.21802
2011-05-21 14:00:00,354.18863
2011-05-21 15:00:00,401.29224
2011-05-21 16:00:00,438.95676
2011-05-21 17:00:00,371.90945
2011-05-21 18:00:00,316.93887
2011-05-21 19:00:00,316.91345
2011-05-21 20:00:00,198.92336
2011-05-21 21:00:00,213.98802
2011-05-21 22:00:00,176.03018
2011-05-21 23:00:00,129.76755
2011-05-22 00:00:00,103.519005
2011-05-22 01:00:00,78.240685
2011-05-22 02:00:00,75.30168
2011-05-22 03:00:00,62.553017
2011-05-22 04:00:00,50.55117
2011-05-22 05:00:00,62.553017
2011-05-22 06:00:00,75.30168
2011-05-22 07:00:00,94.301025
2011-05-22 08:00:00,157.70044
2011-05-22 09:00:00,177.95038
2011-05-22 10:00:00,202.97969
2011-05-22 11:00:00,316.30624
2011-05-22 12:00:00,293.3771
2011-05-22 13:00:00,262.22986
2011-05-22 14:00:00,159.4824
2011-05-22 15:00:00,234.51971
2011-05-22 16:00:00,255.97243
2011-05-22 17:00:00,287.6008
2011-05-22 18:00:00,234.84746
2011-05-22 19:00:00,236.4175
2011-05-22 20:00:00,206.63988
2011-05-22 21:00:00,180.403
2011-05-22 22:00:00,132.80823
2011-05-22 23:00:00,135.30917
2011-05-23 00:00:00,133.90564
2011-05-23 01:00:00,110.17687
2011-05-23 02:00:00,123.37199
2011-05-23 03:00:00,114.00533
2011-05-23 04:00:00,101.98424
2011-05-23 05:00:00,101.98424
2011-05-23 06:00:00,89.27104
2011-05-23 07:00:00,118.53251
2011-05-23 08:00:00,131.9338
2011-05-23 09:00:00,137.45143
2011-05-23 10:00:00,225.03275
2011-05-23 11:00:00,258.80078
2011-05-23 12:00:00,258.80078
2011-05-23 13:00:00,319.66348
2011-05-23 14:00:00,312.40036
2011-05-23 15:00:00,314.2955
2011-05-23 16:00:00,291.4879
2011-05-23 17:00:00,262.01337
2011-05-23 18:00:00,245.63788
2011-05-23 19:00:00,227.69461
2011-05-23 20:00:00,164.86519
2011-05-23 21:00:00,149.74373
2011-05-23 22:00:00,125.76699
2011-05-23 23:00:00,160.71553
2011-05-24 00:00:00,130.26242
2011-05-24 01:00:00,126.051445
2011-05-24 02:00:00,130.26242
2011-05-24 03:00:00,125.78002
2011-05-24 04:00:00,120.56127
2011-05-24 05:00:00,145.78073
2011-05-24 06:00:00,134.76393
2011-05-24 07:00:00,159.86577
2011-05-24 08:00:00,146.80223
2011-05-24 09:00:00,192.5848
2011-05-24 10:00:00,309.34485
2011-05-24 11:00:00,330.1428
2011-05-24 12:00:00,372.95447
2011-05-24 13:00:00,364.4604
2011-05-24 14:00:00,368.63684
2011-05-24 15:00:00,287.70456
2011-05-24 16:00:00,216.63123
2011-05-24 17:00:00,260.1875
2011-05-24 18:00:00,236.70158
2011-05-24 19:00:00,197.3614
2011-05-24 20:00:00,178.77827
2011-05-24 21:00:00,158.97165
2011-05-24 22:00:00,141.13857
2011-05-24 23:00:00,190.17995
2011-05-25 00:00:00,138.21336
2011-05-25 01:00:00,131.91998
2011-05-25 02:00:00,109.204735
2011-05-25 03:00:00,80.189964
2011-05-25 04:00:00,77.529976
2011-05-25 05:00:00,108.846886
2011-05-25 06:00:00,96.13367
2011-05-25 07:00:00,174.05235
2011-05-25 08:00:00,215.61516
2011-05-25 09:00:00,233.80525
2011-05-25 10:00:00,254.41974
2011-05-25 11:00:00,298.21484
2011-05-25 12:00:00,306.36996
2011-05-25 13:00:00,306.36996
2011-05-25 14:00:00,317.90042
2011-05-25 15:00:00,347.2581
2011-05-25 16:00:00,339.30792
2011-05-25 17:00:00,330.1428
2011-05-25 18:00:00,315.47916
2011-05-25 19:00:00,271.723
2011-05-25 20:00:00,283.29718
2011-05-25 21:00:00,202.48973
2011-05-25 22:00:00,234.57451
2011-05-25 23:00:00,181.47171
2011-05-26 00:00:00,181.47171
2011-05-26 01:00:00,181.47171
2011-05-26 02:00:00,142.4868
2011-05-26 03:00:00,119.23127
2011-05-26 04:00:00,111.2335
2011-05-26 05:00:00,140.30006
2011-05-26 06:00:00,102.56866
2011-05-26 07:00:00,152.65472
2011-05-26 08:00:00,186.61244
2011-05-26 09:00:00,254.84181
2011-05-26 10:00:00,245.63788
2011-05-26 11:00:00,313.54788
2011-05-26 12:00:00,365.3928
2011-05-26 13:00:00,370.33047
2011-05-26 14:00:00,370.33047
2011-05-26 15:00:00,358.97348
2011-05-26 16:00:00,353.24884
2011-05-26 17:00:00,367.4935
2011-05-26 18:00:00,382.28217
2011-05-26 19:00:00,369.13992
2011-05-26 20:00:00,301.00473
2011-05-26 21:00:00,264.38666
2011-05-26 22:00:00,259.9896
2011-05-26 23:00:00,279.2488
2011-05-27 00:00:00,244.61043
2011-05-27 01:00:00,316.91592
2011-05-27 02:00:00,292.38315
2011-05-27 03:00:00,224.89772
2011-05-27 04:00:00,191.55269
2011-05-27 05:00:00,239.38298
2011-05-27 06:00:00,186.09917
2011-05-27 07:00:00,186.98933
2011-05-27 08:00:00,220.55443
2011-05-27 09:00:00,285.0601
2011-05-27 10:00:00,342.41135
2011-05-27 11:00:00,308.8586
2011-05-27 12:00:00,313.61874
2011-05-27 13:00:00,320.48257
2011-05-27 14:00:00,341.94724
2011-05-27 15:00:00,367.59198
2011-05-27 16:00:00,327.17532
2011-05-27 17:00:00,349.8502
2011-05-27 18:00:00,291.4879
2011-05-27 19:00:00,145.42831
2011-05-27 20:00:00,184.17467
2011-05-27 21:00:00,135.23924
2011-05-27 22:00:00,154.058
2011-05-27 23:00:00,120.08439
2011-05-28 00:00:00,112.81387
2011-05-28 01:00:00,123.83068
2011-05-28 02:00:00,101.28987
2011-05-28 03:00:00,121.928955
2011-05-28 04:00:00,127.42812
2011-05-28 05:00:00,121.928955
2011-05-28 06:00:00,147.44868
2011-05-28 07:00:00,154.84184
2011-05-28 08:00:00,167.80179
2011-05-28 09:00:00,191.21132
2011-05-28 10:00:00,244.24516
2011-05-28 11:00:00,244.24516
2011-05-28 12:00:00,305.19516
2011-05-28 13:00:00,284.72644
2011-05-28 14:00:00,324.23917
2011-05-28 15:00:00,340.0175
2011-05-28 16:00:00,359.64096
2011-05-28 17:00:00,342.52655
2011-05-28 18:00:00,283.22772
2011-05-28 19:00:00,243.25797
2011-05-28 20:00:00,244.24516
2011-05-28 21:00:00,203.15698
2011-05-28 22:00:00,184.17575
2011-05-28 23:00:00,154.68138
2011-05-29 00:00:00,160.19902
2011-05-29 01:00:00,129.16165
2011-05-29 02:00:00,119.12642
2011-05-29 03:00:00,119.12642
2011-05-29 04:00:00,110.575905
2011-05-29 05:00:00,99.077705
2011-05-29 06:00:00,142.26248
2011-05-29 07:00:00,137.7243
2011-05-29 08:00:00,139.98958
2011-05-29 09:00:00,131.6384
2011-05-29 10:00:00,162.8084
2011-05-29 11:00:00,158.27025
2011-05-29 12:00:00,207.38936
2011-05-29 13:00:00,250.47011
2011-05-29 14:00:00,261.05457
2011-05-29 15:00:00,262.33026
2011-05-29 16:00:00,261.05457
2011-05-29 17:00:00,261.05457
2011-05-29 18:00:00,243.83136
2011-05-29 19:00:00,241.27145
2011-05-29 20:00:00,198.88892
2011-05-29 21:00:00,171.93326
2011-05-29 22:00:00,135.9363
2011-05-29 23:00:00,141.45395
2011-05-30 00:00:00,135.34889
2011-05-30 01:00:00,127.77846
2011-05-30 02:00:00,135.34889
2011-05-30 03:00:00,135.34889
2011-05-30 04:00:00,124.360374
2011-05-30 05:00:00,132.63173
2011-05-30 06:00:00,138.40112
2011-05-30 07:00:00,129.7578
2011-05-30 08:00:00,160.684
2011-05-30 09:00:00,216.98526
2011-05-30 10:00:00,378.93222
2011-05-30 11:00:00,346.42087
2011-05-30 12:00:00,408.3029
2011-05-30 13:00:00,416.9144
2011-05-30 14:00:00,398.44766
2011-05-30 15:00:00,514.2722
2011-05-30 16:00:00,532.8736
2011-05-30 17:00:00,480.8619
2011-05-30 18:00:00,458.1207
2011-05-30 19:00:00,176.16837
2011-05-30 20:00:00,291.59082
2011-05-30 21:00:00,262.42844
2011-05-30 22:00:00,232.21327
2011-05-30 23:00:00,179.2069
2011-05-31 00:00:00,186.76268
2011-05-31 01:00:00,154.2428
2011-05-31 02:00:00,153.26537
2011-05-31 03:00:00,129.94649
2011-05-31 04:00:00,155.62483
2011-05-31 05:00:00,155.62483
2011-05-31 06:00:00,175.4315
2011-05-31 07:00:00,267.32855
2011-05-31 08:00:00,319.6093
2011-05-31 09:00:00,342.23663
2011-05-31 10:00:00,352.34384
2011-05-31 11:00:00,347.40472
2011-05-31 12:00:00,296.69992
2011-05-31 13:00:00,309.96875
2011-05-31 14:00:00,329.0285
2011-05-31 15:00:00,326.0082
2011-05-31 16:00:00,292.73096
2011-05-31 17:00:00,347.86526
2011-05-31 18:00:00,347.16733
2011-05-31 19:00:00,299.78125
2011-05-31 20:00:00,299.78125
2011-05-31 21:00:00,280.2288
2011-05-31 22:00:00,270.88528
2011-05-31 23:00:00,198.09386
2011-06-20 00:00:00,165.22389
2011-06-20 01:00:00,131.58046
2011-06-20 02:00:00,131.58046
2011-06-20 03:00:00,165.72032
2011-06-20 04:00:00,145.67671
2011-06-20 05:00:00,153.61327
2011-06-20 06:00:00,150.68806
2011-06-20 07:00:00,121.10671
2011-06-20 08:00:00,123.3311
2011-06-20 09:00:00,167.40845
2011-06-20 10:00:00,167.40845
2011-06-20 11:00:00,171.0131
2011-06-20 12:00:00,207.79854
2011-06-20 13:00:00,214.81432
2011-06-20 14:00:00,242.39883
2011-06-20 15:00:00,253.93431
2011-06-20 16:00:00,292.0972
2011-06-20 17:00:00,241.98163
2011-06-20 18:00:00,306.87167
2011-06-20 19:00:00,252.69197
2011-06-20 20:00:00,225.61787
2011-06-20 21:00:00,186.98935
2011-06-20 22:00:00,195.17139
2011-06-20 23:00:00,183.48476
2011-06-21 00:00:00,110.6422
2011-06-21 01:00:00,130.57907
2011-06-21 02:00:00,119.47865
2011-06-21 03:00:00,119.47865
2011-06-21 04:00:00,108.56523
2011-06-21 05:00:00,119.909935
2011-06-21 06:00:00,119.909935
2011-06-21 07:00:00,63.546227
2011-06-21 08:00:00,123.03083
2011-06-21 09:00:00,132.80824
2011-06-21 10:00:00,148.15965
2011-06-21 11:00:00,121.86024
2011-06-21 12:00:00,210.69792
2011-06-21 13:00:00,282.17313
2011-06-21 14:00:00,316.73282
2011-06-21 15:00:00,338.8283
2011-06-21 16:00:00,349.2436
2011-06-21 17:00:00,329.4631
2011-06-21 18:00:00,281.65372
2011-06-21 19:00:00,262.87473
2011-06-21 20:00:00,229.0069
2011-06-21 21:00:00,239.76192
2011-06-21 22:00:00,165.87036
2011-06-21 23:00:00,199.7558
2011-06-22 00:00:00,141.47137
2011-06-22 01:00:00,117.08326
2011-06-22 02:00:00,86.68054
2011-06-22 03:00:00,117.08326
2011-06-22 04:00:00,73.73606
2011-06-22 05:00:00,63.871773
2011-06-22 06:00:00,72.41682
2011-06-22 07:00:00,154.5999
2011-06-22 08:00:00,223.3579
2011-06-22 09:00:00,192.50345
2011-06-22 10:00:00,290.90634
2011-06-22 11:00:00,270.43976
2011-06-22 12:00:00,312.23935
2011-06-22 13:00:00,331.8699
2011-06-22 14:00:00,339.66348
2011-06-22 15:00:00,336.46008
2011-06-22 16:00:00,341.84244
2011-06-22 17:00:00,339.8607
2011-06-22 18:00:00,316.79178
2011-06-22 19:00:00,320.76263
2011-06-22 20:00:00,244.8133
2011-06-22 21:00:00,207.74628
2011-06-22 22:00:00,220.79771
2011-06-22 23:00:00,219.27138
2011-06-23 00:00:00,210.44673
2011-06-23 01:00:00,245.24214
2011-06-23 02:00:00,245.24214
2011-06-23 03:00:00,243.81854
2011-06-23 04:00:00,200.67351
2011-06-23 05:00:00,234.30002
2011-06-23 06:00:00,234.3
2011-06-23 07:00:00,239.2509
2011-06-23 08:00:00,259.0669
2011-06-23 09:00:00,249.94688
2011-06-23 10:00:00,267.68103
2011-06-23 11:00:00,251.29343
2011-06-23 12:00:00,290.48862
2011-06-23 13:00:00,291.2252
2011-06-23 14:00:00,292.7648
2011-06-23 15:00:00,310.934
2011-06-23 16:00:00,280.0345
2011-06-23 17:00:00,265.0818
2011-06-23 18:00:00,266.94073
2011-06-23 19:00:00,268.47644
2011-06-23 20:00:00,221.64001
2011-06-23 21:00:00,216.1598
2011-06-23 22:00:00,228.31726
2011-06-23 23:00:00,232.77057
2011-06-24 00:00:00,171.36508
2011-06-24 01:00:00,178.30711
2011-06-24 02:00:00,178.30711
2011-06-24 03:00:00,121.86024
2011-06-24 04:00:00,93.46039
2011-06-24 05:00:00,59.27034
2011-06-24 06:00:00,110.477455
2011-06-24 07:00:00,157.89232
2011-06-24 08:00:00,221.64001
2011-06-24 09:00:00,278.31317
2011-06-24 10:00:00,412.76883
2011-06-24 11:00:00,422.72314
2011-06-24 12:00:00,426.99908
2011-06-24 13:00:00,426.34665
2011-06-24 14:00:00,428.7574
2011-06-24 15:00:00,436.44803
2011-06-24 16:00:00,455.78955
2011-06-24 17:00:00,453.85733
2011-06-24 18:00:00,450.3465
2011-06-24 19:00:00,421.36392
2011-06-24 20:00:00,331.44666
2011-06-24 21:00:00,273.96472
2011-06-24 22:00:00,241.75041
2011-06-24 23:00:00,243.70708
2011-06-25 00:00:00,382.2785
2011-06-25 01:00:00,333.19186
2011-06-25 02:00:00,285.6002
2011-06-25 03:00:00,231.01874
2011-06-25 04:00:00,231.01874
2011-06-25 05:00:00,176.12459
2011-06-25 06:00:00,233.7275
2011-06-25 07:00:00,239.13602
2011-06-25 08:00:00,402.90482
2011-06-25 09:00:00,455.6391
2011-06-25 10:00:00,440.92566
2011-06-25 11:00:00,444.8315
2011-06-25 12:00:00,508.9048
2011-06-25 13:00:00,508.9048
2011-06-25 14:00:00,480.87936
2011-06-25 15:00:00,405.97272
2011-06-25 16:00:00,508.72263
2011-06-25 17:00:00,500.01297
2011-06-25 18:00:00,455.6391
2011-06-25 19:00:00,426.5785
2011-06-25 20:00:00,388.2334
2011-06-25 21:00:00,331.89554
2011-06-25 22:00:00,389.52225
2011-06-25 23:00:00,320.0048
2011-06-26 00:00:00,243.06873
2011-06-26 01:00:00,268.46613
2011-06-26 02:00:00,215.0845
2011-06-26 03:00:00,149.07208
2011-06-26 04:00:00,147.7553
2011-06-26 05:00:00,129.02715
2011-06-26 06:00:00,129.02715
2011-06-26 07:00:00,162.10858
2011-06-26 08:00:00,206.25865
2011-06-26 09:00:00,264.67526
2011-06-26 10:00:00,378.993
2011-06-26 11:00:00,426.21225
2011-06-26 12:00:00,511.29843
2011-06-26 13:00:00,471.7535
2011-06-26 14:00:00,504.85248
2011-06-26 15:00:00,471.7535
2011-06-26 16:00:00,492.64395
2011-06-26 17:00:00,418.8669
2011-06-26 18:00:00,411.35635
2011-06-26 19:00:00,340.02695
2011-06-26 20:00:00,312.5737
2011-06-26 21:00:00,250.31842
2011-06-26 22:00:00,303.29074
2011-06-26 23:00:00,287.2816
2011-06-27 00:00:00,174.55972
2011-06-27 01:00:00,153.18925
2011-06-27 02:00:00,127.99247
2011-06-27 03:00:00,127.99247
2011-06-27 04:00:00,136.68645
2011-06-27 05:00:00,145.27534
2011-06-27 06:00:00,150.9164
2011-06-27 07:00:00,177.09822
2011-06-27 08:00:00,173.86223
2011-06-27 09:00:00,233.033
2011-06-27 10:00:00,253.54913
2011-06-27 11:00:00,218.80634
2011-06-27 12:00:00,233.033
2011-06-27 13:00:00,262.96945
2011-06-27 14:00:00,242.45332
2011-06-27 15:00:00,241.90234
2011-06-27 16:00:00,282.30966
2011-06-27 17:00:00,296.26556
2011-06-27 18:00:00,227.933
2011-06-27 19:00:00,292.26962
2011-06-27 20:00:00,227.17674
2011-06-27 21:00:00,172.1553
2011-06-27 22:00:00,147.52412
2011-06-27 23:00:00,147.52412
2011-06-28 00:00:00,166.92772
2011-06-28 01:00:00,115.38221
2011-06-28 02:00:00,180.29091
2011-06-28 03:00:00,180.29091
2011-06-28 04:00:00,115.38221
2011-06-28 05:00:00,86.68054
2011-06-28 06:00:00,121.86024
2011-06-28 07:00:00,160.92986
2011-06-28 08:00:00,177.45596
2011-06-28 09:00:00,207.28755
2011-06-28 10:00:00,351.03186
2011-06-28 11:00:00,345.37143
2011-06-28 12:00:00,359.1844
2011-06-28 13:00:00,382.22495
2011-06-28 14:00:00,361.3432
2011-06-28 15:00:00,368.85184
2011-06-28 16:00:00,355.28073
2011-06-28 17:00:00,299.5099
2011-06-28 18:00:00,289.7678
2011-06-28 19:00:00,309.38556
2011-06-28 20:00:00,211.87723
2011-06-28 21:00:00,311.64938
2011-06-28 22:00:00,247.35527
2011-06-28 23:00:00,248.11589
2011-06-29 00:00:00,186.84763
2011-06-29 01:00:00,202.77332
2011-06-29 02:00:00,144.58772
2011-06-29 03:00:00,154.4269
2011-06-29 04:00:00,99.13276
2011-06-29 05:00:00,95.63491
2011-06-29 06:00:00,221.97968
2011-06-29 07:00:00,286.165
2011-06-29 08:00:00,310.25632
2011-06-29 09:00:00,389.9222
2011-06-29 10:00:00,409.55692
2011-06-29 11:00:00,449.62112
2011-06-29 12:00:00,447.2858
2011-06-29 13:00:00,430.7734
2011-06-29 14:00:00,419.20444
2011-06-29 15:00:00,408.46152
2011-06-29 16:00:00,450.91446
2011-06-29 17:00:00,452.18695
2011-06-29 18:00:00,423.51627
2011-06-29 19:00:00,459.97946
2011-06-29 20:00:00,455.22745
2011-06-29 21:00:00,421.53287
2011-06-29 22:00:00,365.17078
2011-06-29 23:00:00,289.76535
2011-06-30 00:00:00,234.5681
2011-06-30 01:00:00,221.11345
2011-06-30 02:00:00,216.75487
2011-06-30 03:00:00,207.102
2011-06-30 04:00:00,166.66478
2011-06-30 05:00:00,169.93053
2011-06-30 06:00:00,207.6515
2011-06-30 07:00:00,227.83147
2011-06-30 08:00:00,297.03342
2011-06-30 09:00:00,372.43884
2011-06-30 10:00:00,376.4776
2011-06-30 11:00:00,437.429
2011-06-30 12:00:00,454.2997
2011-06-30 13:00:00,445.39273
2011-06-30 14:00:00,429.02863
2011-06-30 15:00:00,415.14722
2011-06-30 16:00:00,407.454
2011-06-30 17:00:00,450.26898
2011-06-30 18:00:00,427.57077
2011-06-30 19:00:00,455.21683
2011-06-30 20:00:00,455.21683
2011-06-30 21:00:00,417.70078
2011-06-30 22:00:00,357.92706
2011-06-30 23:00:00,194.00104
2011-07-20 00:00:00,153.26915
2011-07-20 01:00:00,139.33516
2011-07-20 02:00:00,139.33516
2011-07-20 03:00:00,153.26915
2011-07-20 04:00:00,102.729294
2011-07-20 05:00:00,136.7028
2011-07-20 06:00:00,150.68095
2011-07-20 07:00:00,174.65771
2011-07-20 08:00:00,205.48096
2011-07-20 09:00:00,241.56233
2011-07-20 10:00:00,220.09819
2011-07-20 11:00:00,300.79648
2011-07-20 12:00:00,290.17398
2011-07-20 13:00:00,354.53668
2011-07-20 14:00:00,318.2081
2011-07-20 15:00:00,312.9217
2011-07-20 16:00:00,311.07565
2011-07-20 17:00:00,366.58395
2011-07-20 18:00:00,367.2819
2011-07-20 19:00:00,338.8525
2011-07-20 20:00:00,329.58792
2011-07-20 21:00:00,324.86655
2011-07-20 22:00:00,323.34256
2011-07-20 23:00:00,281.79025
2011-07-21 00:00:00,270.70712
2011-07-21 01:00:00,213.8964
2011-07-21 02:00:00,213.8964
2011-07-21 03:00:00,240.89381
2011-07-21 04:00:00,195.40099
2011-07-21 05:00:00,195.40099
2011-07-21 06:00:00,195.40099
2011-07-21 07:00:00,210.83247
2011-07-21 08:00:00,265.4182
2011-07-21 09:00:00,310.29156
2011-07-21 10:00:00,326.98083
2011-07-21 11:00:00,366.55905
2011-07-21 12:00:00,312.2644
2011-07-21 13:00:00,306.38028
2011-07-21 14:00:00,362.38632
2011-07-21 15:00:00,277.80875
2011-07-21 16:00:00,323.70474
2011-07-21 17:00:00,354.55634
2011-07-21 18:00:00,306.0627
2011-07-21 19:00:00,376.64804
2011-07-21 20:00:00,367.12173
2011-07-21 21:00:00,350.49997
2011-07-21 22:00:00,331.11185
2011-07-21 23:00:00,314.21893
2011-07-22 00:00:00,336.09274
2011-07-22 01:00:00,266.11264
2011-07-22 02:00:00,264.63748
2011-07-22 03:00:00,266.47568
2011-07-22 04:00:00,249.55629
2011-07-22 05:00:00,196.88026
2011-07-22 06:00:00,243.78856
2011-07-22 07:00:00,293.56992
2011-07-22 08:00:00,329.31656
2011-07-22 09:00:00,347.1547
2011-07-22 10:00:00,280.51596
2011-07-22 11:00:00,268.51755
2011-07-22 12:00:00,253.71864
2011-07-22 13:00:00,237.92377
2011-07-22 14:00:00,342.93295
2011-07-22 15:00:00,321.14307
2011-07-22 16:00:00,508.08408
2011-07-22 17:00:00,296.72427
2011-07-22 18:00:00,357.57608
2011-07-22 19:00:00,440.2941
2011-07-22 20:00:00,311.07565
2011-07-22 21:00:00,325.05655
2011-07-22 22:00:00,325.64993
2011-07-22 23:00:00,341.20932
2011-07-23 00:00:00,338.7485
2011-07-23 01:00:00,417.12445
2011-07-23 02:00:00,382.58328
2011-07-23 03:00:00,309.9625
2011-07-23 04:00:00,298.9988
2011-07-23 05:00:00,315.44333
2011-07-23 06:00:00,403.68173
2011-07-23 07:00:00,393.77
2011-07-23 08:00:00,470.01505
2011-07-23 09:00:00,451.89758
2011-07-23 10:00:00,472.18
2011-07-23 11:00:00,439.38968
2011-07-23 12:00:00,422.06732
2011-07-23 13:00:00,414.60315
2011-07-23 14:00:00,388.72812
2011-07-23 15:00:00,407.42957
2011-07-23 16:00:00,412.7413
2011-07-23 17:00:00,412.7413
2011-07-23 18:00:00,428.6851
2011-07-23 19:00:00,325.1846
2011-07-23 20:00:00,381.14206
2011-07-23 21:00:00,381.14206
2011-07-23 22:00:00,358.7374
2011-07-23 23:00:00,344.99744
2011-07-24 00:00:00,344.99744
2011-07-24 01:00:00,315.7632
2011-07-24 02:00:00,334.72632
2011-07-24 03:00:00,334.72632
2011-07-24 04:00:00,315.7632
2011-07-24 05:00:00,309.9625
2011-07-24 06:00:00,300.80826
2011-07-24 07:00:00,349.5723
2011-07-24 08:00:00,432.6626
2011-07-24 09:00:00,468.4255
2011-07-24 10:00:00,483.2866
2011-07-24 11:00:00,447.9089
2011-07-24 12:00:00,429.2438
2011-07-24 13:00:00,462.22418
2011-07-24 14:00:00,466.22122
2011-07-24 15:00:00,447.07877
2011-07-24 16:00:00,447.07877
2011-07-24 17:00:00,448.19894
2011-07-24 18:00:00,460.21548
2011-07-24 19:00:00,450.13913
2011-07-24 20:00:00,451.89758
2011-07-24 21:00:00,346.36893
2011-07-24 22:00:00,275.0799
2011-07-24 23:00:00,264.77066
2011-07-25 00:00:00,227.75531
2011-07-25 01:00:00,251.59802
2011-07-25 02:00:00,228.08379
2011-07-25 03:00:00,193.4409
2011-07-25 04:00:00,165.85126
2011-07-25 05:00:00,165.85126
2011-07-25 06:00:00,194.39879
2011-07-25 07:00:00,209.50981
2011-07-25 08:00:00,225.0111
2011-07-25 09:00:00,261.3053
2011-07-25 10:00:00,290.17398
2011-07-25 11:00:00,335.5568
2011-07-25 12:00:00,335.5568
2011-07-25 13:00:00,249.18709
2011-07-25 14:00:00,220.79771
2011-07-25 15:00:00,212.84682
2011-07-25 16:00:00,175.30273
2011-07-25 17:00:00,198.4258
2011-07-25 18:00:00,233.82166
2011-07-25 19:00:00,241.56233
2011-07-25 20:00:00,228.8198
2011-07-25 21:00:00,139.33516
2011-07-25 22:00:00,139.33516
2011-07-25 23:00:00,150.51955
2011-07-26 00:00:00,165.87036
2011-07-26 01:00:00,165.87036
2011-07-26 02:00:00,128.77586
2011-07-26 03:00:00,134.79158
2011-07-26 04:00:00,142.82947
2011-07-26 05:00:00,66.34382
2011-07-26 06:00:00,166.4475
2011-07-26 07:00:00,298.85632
2011-07-26 08:00:00,307.20804
2011-07-26 09:00:00,432.50253
2011-07-26 10:00:00,416.86124
2011-07-26 11:00:00,413.00098
2011-07-26 12:00:00,404.93387
2011-07-26 13:00:00,406.31625
2011-07-26 14:00:00,396.17545
2011-07-26 15:00:00,403.80826
2011-07-26 16:00:00,388.93625
2011-07-26 17:00:00,411.16483
2011-07-26 18:00:00,424.9642
2011-07-26 19:00:00,406.10922
2011-07-26 20:00:00,394.83994
2011-07-26 21:00:00,345.63297
2011-07-26 22:00:00,309.08936
2011-07-26 23:00:00,291.4113
2011-07-27 00:00:00,291.97543
2011-07-27 01:00:00,340.99902
2011-07-27 02:00:00,340.31198
2011-07-27 03:00:00,285.70312
2011-07-27 04:00:00,299.21478
2011-07-27 05:00:00,301.02496
2011-07-27 06:00:00,286.165
2011-07-27 07:00:00,318.82693
2011-07-27 08:00:00,402.28885
2011-07-27 09:00:00,447.2858
2011-07-27 10:00:00,421.8646
2011-07-27 11:00:00,419.43146
2011-07-27 12:00:00,410.89706
2011-07-27 13:00:00,425.75723
2011-07-27 14:00:00,387.3921
2011-07-27 15:00:00,390.57047
2011-07-27 16:00:00,377.2027
2011-07-27 17:00:00,389.2762
2011-07-27 18:00:00,406.5685
2011-07-27 19:00:00,420.81448
2011-07-27 20:00:00,368.5647
2011-07-27 21:00:00,290.44714
2011-07-27 22:00:00,253.08112
2011-07-27 23:00:00,324.6125
2011-07-28 00:00:00,262.62448
2011-07-28 01:00:00,220.95076
2011-07-28 02:00:00,267.3865
2011-07-28 03:00:00,212.13326
2011-07-28 04:00:00,235.50102
2011-07-28 05:00:00,227.17674
2011-07-28 06:00:00,208.92618
2011-07-28 07:00:00,260.72925
2011-07-28 08:00:00,282.17313
2011-07-28 09:00:00,329.5759
2011-07-28 10:00:00,362.29556
2011-07-28 11:00:00,356.6281
2011-07-28 12:00:00,343.93613
2011-07-28 13:00:00,349.22818
2011-07-28 14:00:00,378.44263
2011-07-28 15:00:00,318.9542
2011-07-28 16:00:00,331.11066
2011-07-28 17:00:00,342.54257
2011-07-28 18:00:00,355.2346
2011-07-28 19:00:00,359.6434
2011-07-28 20:00:00,341.20935
2011-07-28 21:00:00,338.5831
2011-07-28 22:00:00,315.07513
2011-07-28 23:00:00,270.8481
2011-07-29 00:00:00,207.74628
2011-07-29 01:00:00,202.26604
2011-07-29 02:00:00,193.4409
2011-07-29 03:00:00,193.4409
2011-07-29 04:00:00,174.1
2011-07-29 05:00:00,156.5192
2011-07-29 06:00:00,193.77126
2011-07-29 07:00:00,228.08379
2011-07-29 08:00:00,229.63579
2011-07-29 09:00:00,349.22818
2011-07-29 10:00:00,360.15768
2011-07-29 11:00:00,363.04892
2011-07-29 12:00:00,351.82925
2011-07-29 13:00:00,335.00894
2011-07-29 14:00:00,334.75717
2011-07-29 15:00:00,343.63663
2011-07-29 16:00:00,403.06253
2011-07-29 17:00:00,360.10788
2011-07-29 18:00:00,378.18808
2011-07-29 19:00:00,337.28348
2011-07-29 20:00:00,393.6047
2011-07-29 21:00:00,360.7339
2011-07-29 22:00:00,364.3408
2011-07-29 23:00:00,319.6635
2011-07-30 00:00:00,345.21332
2011-07-30 01:00:00,317.31763
2011-07-30 02:00:00,319.60504
2011-07-30 03:00:00,298.59177
2011-07-30 04:00:00,259.3327
2011-07-30 05:00:00,232.90868
2011-07-30 06:00:00,234.19765
2011-07-30 07:00:00,300.38354
2011-07-30 08:00:00,349.017
2011-07-30 09:00:00,502.68015
2011-07-30 10:00:00,495.47928
2011-07-30 11:00:00,488.60092
2011-07-30 12:00:00,487.93497
2011-07-30 13:00:00,471.56766
2011-07-30 14:00:00,454.1259
2011-07-30 15:00:00,436.26633
2011-07-30 16:00:00,428.9494
2011-07-30 17:00:00,441.6733
2011-07-30 18:00:00,448.0305
2011-07-30 19:00:00,535.83826
2011-07-30 20:00:00,491.8986
2011-07-30 21:00:00,450.9056
2011-07-30 22:00:00,370.41556
2011-07-30 23:00:00,317.31766
2011-07-31 00:00:00,317.31763
2011-07-31 01:00:00,290.04834
2011-07-31 02:00:00,271.5563
2011-07-31 03:00:00,246.82906
2011-07-31 04:00:00,200.5754
2011-07-31 05:00:00,208.23256
2011-07-31 06:00:00,221.09615
2011-07-31 07:00:00,308.10922
2011-07-31 08:00:00,355.1583
2011-07-31 09:00:00,396.32434
2011-07-31 10:00:00,492.15198
2011-07-31 11:00:00,463.71164
2011-07-31 12:00:00,426.84372
2011-07-31 13:00:00,430.9213
2011-07-31 14:00:00,427.3583
2011-07-31 15:00:00,459.97763
2011-07-31 16:00:00,446.64862
2011-07-31 17:00:00,417.44437
2011-07-31 18:00:00,468.38168
2011-07-31 19:00:00,436.62473
2011-07-31 20:00:00,436.62473
2011-07-31 21:00:00,360.46954
2011-07-31 22:00:00,245.19435
2011-07-31 23:00:00,273.38052
2011-08-20 00:00:00,47.346535
2011-08-20 01:00:00,54.24752
2011-08-20 02:00:00,61.40255
2011-08-20 03:00:00,61.40255
2011-08-20 04:00:00,68.37334
2011-08-20 05:00:00,54.501564
2011-08-20 06:00:00,112.01367
2011-08-20 07:00:00,54.24752
2011-08-20 08:00:00,118.28492
2011-08-20 09:00:00,196.64075
2011-08-20 10:00:00,288.58334
2011-08-20 11:00:00,236.56761
2011-08-20 12:00:00,308.10922
2011-08-20 13:00:00,325.35663
2011-08-20 14:00:00,460.81726
2011-08-20 15:00:00,513.6595
2011-08-20 16:00:00,492.47067
2011-08-20 17:00:00,460.81726
2011-08-20 18:00:00,341.05154
2011-08-20 19:00:00,297.13663
2011-08-20 20:00:00,295.6766
2011-08-20 21:00:00,229.71342
2011-08-20 22:00:00,186.72957
2011-08-20 23:00:00,187.36511
2011-08-21 00:00:00,202.60545
2011-08-21 01:00:00,175.14503
2011-08-21 02:00:00,167.25418
2011-08-21 03:00:00,140.2383
2011-08-21 04:00:00,161.7813
2011-08-21 05:00:00,141.4172
2011-08-21 06:00:00,135.84921
2011-08-21 07:00:00,170.01302
2011-08-21 08:00:00,190.71013
2011-08-21 09:00:00,220.75713
2011-08-21 10:00:00,234.30159
2011-08-21 11:00:00,368.62146
2011-08-21 12:00:00,401.21732
2011-08-21 13:00:00,414.64584
2011-08-21 14:00:00,175.64865
2011-08-21 15:00:00,181.39275
2011-08-21 16:00:00,188.39256
2011-08-21 17:00:00,179.40591
2011-08-21 18:00:00,208.85315
2011-08-21 19:00:00,230.32205
2011-08-21 20:00:00,193.28809
2011-08-21 21:00:00,193.28809
2011-08-21 22:00:00,172.24763
2011-08-21 23:00:00,196.35179
2011-08-22 00:00:00,164.71497
2011-08-22 01:00:00,136.31511
2011-08-22 02:00:00,227.30238
2011-08-22 03:00:00,197.22716
2011-08-22 04:00:00,257.3229
2011-08-22 05:00:00,243.37836
2011-08-22 06:00:00,267.93454
2011-08-22 07:00:00,270.577
2011-08-22 08:00:00,270.577
2011-08-22 09:00:00,277.12653
2011-08-22 10:00:00,310.25632
2011-08-22 11:00:00,452.97552
2011-08-22 12:00:00,465.77072
2011-08-22 13:00:00,493.70682
2011-08-22 14:00:00,468.79883
2011-08-22 15:00:00,438.4454
2011-08-22 16:00:00,468.79883
2011-08-22 17:00:00,450.30466
2011-08-22 18:00:00,445.54138
2011-08-22 19:00:00,453.13565
2011-08-22 20:00:00,419.88977
2011-08-22 21:00:00,379.4008
2011-08-22 22:00:00,381.59302
2011-08-22 23:00:00,343.6987
2011-08-23 00:00:00,291.56866
2011-08-23 01:00:00,247.60928
2011-08-23 02:00:00,238.68996
2011-08-23 03:00:00,258.3404
2011-08-23 04:00:00,219.79878
2011-08-23 05:00:00,226.26674
2011-08-23 06:00:00,191.8473
2011-08-23 07:00:00,232.41443
2011-08-23 08:00:00,193.50768
2011-08-23 09:00:00,203.15144
2011-08-23 10:00:00,380.99225
2011-08-23 11:00:00,444.18118
2011-08-23 12:00:00,377.58066
2011-08-23 13:00:00,457.379
2011-08-23 14:00:00,458.54675
2011-08-23 15:00:00,461.22275
2011-08-23 16:00:00,461.61526
2011-08-23 17:00:00,461.22275
2011-08-23 18:00:00,462.12958
2011-08-23 19:00:00,252.14418
2011-08-23 20:00:00,256.00067
2011-08-23 21:00:00,160.08409
2011-08-23 22:00:00,216.75487
2011-08-23 23:00:00,199.0619
2011-08-24 00:00:00,216.75487
2011-08-24 01:00:00,183.49252
2011-08-24 02:00:00,132.4674
2011-08-24 03:00:00,132.4674
2011-08-24 04:00:00,94.6564
2011-08-24 05:00:00,94.6564
2011-08-24 06:00:00,95.566154
2011-08-24 07:00:00,167.32312
2011-08-24 08:00:00,157.67125
2011-08-24 09:00:00,192.79204
2011-08-24 10:00:00,296.7577
2011-08-24 11:00:00,314.2206
2011-08-24 12:00:00,328.0375
2011-08-24 13:00:00,395.82724
2011-08-24 14:00:00,395.82724
2011-08-24 15:00:00,405.46454
2011-08-24 16:00:00,358.8168
2011-08-24 17:00:00,349.5644
2011-08-24 18:00:00,323.4036
2011-08-24 19:00:00,323.4036
2011-08-24 20:00:00,308.99326
2011-08-24 21:00:00,304.09402
2011-08-24 22:00:00,277.5223
2011-08-24 23:00:00,236.94963
2011-08-25 00:00:00,218.49446
2011-08-25 01:00:00,240.72758
2011-08-25 02:00:00,240.72758
2011-08-25 03:00:00,210.08434
2011-08-25 04:00:00,199.095
2011-08-25 05:00:00,187.19104
2011-08-25 06:00:00,178.30711
2011-08-25 07:00:00,190.72322
2011-08-25 08:00:00,224.50908
2011-08-25 09:00:00,265.0713
2011-08-25 10:00:00,279.29794
2011-08-25 11:00:00,186.41914
2011-08-25 12:00:00,186.41914
2011-08-25 13:00:00,165.87036
2011-08-25 14:00:00,208.5767
2011-08-25 15:00:00,217.11131
2011-08-25 16:00:00,156.5192
2011-08-25 17:00:00,156.5192
2011-08-25 18:00:00,197.40544
2011-08-25 19:00:00,178.05455
2011-08-25 20:00:00,184.44737
2011-08-25 21:00:00,164.01256
2011-08-25 22:00:00,72.91785
2011-08-25 23:00:00,71.30642
2011-08-26 00:00:00,74.888016
2011-08-26 01:00:00,72.91785
2011-08-26 02:00:00,65.07562
2011-08-26 03:00:00,62.690018
2011-08-26 04:00:00,65.76987
2011-08-26 05:00:00,94.91984
2011-08-26 06:00:00,65.76987
2011-08-26 07:00:00,73.73606
2011-08-26 08:00:00,99.13276
2011-08-26 09:00:00,177.0588
2011-08-26 10:00:00,253.2957
2011-08-26 11:00:00,247.03578
2011-08-26 12:00:00,263.1287
2011-08-26 13:00:00,280.5326
2011-08-26 14:00:00,275.70685
2011-08-26 15:00:00,307.67175
2011-08-26 16:00:00,292.57816
2011-08-26 17:00:00,266.69754
2011-08-26 18:00:00,249.18709
2011-08-26 19:00:00,183.49635
2011-08-26 20:00:00,182.49413
2011-08-26 21:00:00,192.50345
2011-08-26 22:00:00,183.4964
2011-08-26 23:00:00,150.51956
2011-08-27 00:00:00,148.60298
2011-08-27 01:00:00,159.61977
2011-08-27 02:00:00,165.11894
2011-08-27 03:00:00,160.35228
2011-08-27 04:00:00,160.35228
2011-08-27 05:00:00,166.80583
2011-08-27 06:00:00,166.80583
2011-08-27 07:00:00,171.97041
2011-08-27 08:00:00,162.93027
2011-08-27 09:00:00,177.13496
2011-08-27 10:00:00,195.49251
2011-08-27 11:00:00,125.16416
2011-08-27 12:00:00,172.15996
2011-08-27 13:00:00,145.76582
2011-08-27 14:00:00,154.98497
2011-08-27 15:00:00,154.98497
2011-08-27 16:00:00,147.45103
2011-08-27 17:00:00,212.15561
2011-08-28 07:00:00,129.92744
2011-08-28 08:00:00,145.02063
2011-08-28 09:00:00,195.41292
2011-08-28 10:00:00,280.38318
2011-08-28 11:00:00,281.21292
2011-08-28 12:00:00,436.12317
2011-08-28 13:00:00,498.5179
2011-08-28 14:00:00,520.36115
2011-08-28 15:00:00,524.6965
2011-08-28 16:00:00,509.00363
2011-08-28 17:00:00,525.0159
2011-08-28 18:00:00,500.01297
2011-08-28 19:00:00,378.99292
2011-08-28 20:00:00,418.86792
2011-08-28 21:00:00,208.02948
2011-08-28 22:00:00,128.2051
2011-08-28 23:00:00,92.15391
2011-08-29 00:00:00,99.0083
2011-08-29 01:00:00,124.63936
2011-08-29 02:00:00,153.01286
2011-08-29 03:00:00,124.63936
2011-08-29 04:00:00,127.060326
2011-08-29 05:00:00,98.57269
2011-08-29 06:00:00,98.57269
2011-08-29 07:00:00,224.54564
2011-08-29 08:00:00,251.64212
2011-08-29 09:00:00,252.50029
2011-08-29 10:00:00,285.734
2011-08-29 11:00:00,271.22223
2011-08-29 12:00:00,264.47678
2011-08-29 13:00:00,288.39923
2011-08-29 14:00:00,318.12613
2011-08-29 15:00:00,357.92706
2011-08-29 16:00:00,369.2339
2011-08-29 17:00:00,262.46918
2011-08-29 18:00:00,292.97772
2011-08-29 19:00:00,292.97772
2011-08-29 20:00:00,229.84982
2011-08-29 21:00:00,238.55705
2011-08-29 22:00:00,216.75487
2011-08-29 23:00:00,175.64735
2011-08-30 00:00:00,98.57269
2011-08-30 01:00:00,126.40058
2011-08-30 02:00:00,94.658516
2011-08-30 03:00:00,107.581345
2011-08-30 04:00:00,90.59902
2011-08-30 05:00:00,84.6217
2011-08-30 06:00:00,94.658516
2011-08-30 07:00:00,127.060326
2011-08-30 08:00:00,216.75487
2011-08-30 09:00:00,252.14418
2011-08-30 10:00:00,410.22604
2011-08-30 11:00:00,439.45633
2011-08-30 12:00:00,392.2991
2011-08-30 13:00:00,454.43436
2011-08-30 14:00:00,457.55228
2011-08-30 15:00:00,459.4453
2011-08-30 16:00:00,444.798
2011-08-30 17:00:00,376.4776
2011-08-30 18:00:00,320.13986
2011-08-30 19:00:00,215.30132
2011-08-30 20:00:00,194.00104
2011-08-30 21:00:00,169.16228
2011-08-30 22:00:00,152.0428
2011-08-30 23:00:00,152.0428
2011-08-31 00:00:00,124.80281
2011-08-31 01:00:00,124.80281
2011-08-31 02:00:00,95.56614
2011-08-31 03:00:00,81.89315
2011-08-31 04:00:00,95.56614
2011-08-31 05:00:00,71.33135
2011-08-31 06:00:00,83.784195
2011-08-31 07:00:00,80.31988
2011-08-31 08:00:00,127.314354
2011-08-31 09:00:00,148.75282
2011-08-31 10:00:00,305.62808
2011-08-31 11:00:00,361.96585
2011-08-31 12:00:00,360.66953
2011-08-31 13:00:00,430.12753
2011-08-31 14:00:00,399.58408
2011-08-31 15:00:00,399.58408
2011-08-31 16:00:00,373.2653
2011-08-31 17:00:00,324.17865
2011-08-31 18:00:00,289.00323
2011-08-31 19:00:00,365.21683
2011-08-31 20:00:00,223.75563
2011-08-31 21:00:00,194.1771
2011-08-31 22:00:00,130.70575
2011-08-31 23:00:00,82.323044
2011-09-20 00:00:00,105.72728
2011-09-20 01:00:00,95.08836
2011-09-20 02:00:00,95.08836
2011-09-20 03:00:00,98.8256
2011-09-20 04:00:00,68.62975
2011-09-20 05:00:00,99.004295
2011-09-20 06:00:00,99.004295
2011-09-20 07:00:00,95.08836
2011-09-20 08:00:00,79.366936
2011-09-20 09:00:00,76.676216
2011-09-20 10:00:00,91.51021
2011-09-20 11:00:00,91.51021
2011-09-20 12:00:00,100.67665
2011-09-20 13:00:00,94.159065
2011-09-20 14:00:00,123.6305
2011-09-20 15:00:00,155.45451
2011-09-20 16:00:00,136.68645
2011-09-20 17:00:00,72.51065
2011-09-20 18:00:00,72.51065
2011-09-20 19:00:00,65.198654
2011-09-20 20:00:00,55.588417
2011-09-20 21:00:00,55.58841
2011-09-20 22:00:00,55.58841
2011-09-20 23:00:00,55.58841
2011-09-21 00:00:00,45.971115
2011-09-21 01:00:00,55.835396
2011-09-21 02:00:00,55.835396
2011-09-21 03:00:00,61.207123
2011-09-21 04:00:00,68.44669
2011-09-21 05:00:00,78.16204
2011-09-21 06:00:00,83.66123
2011-09-21 07:00:00,83.66123
2011-09-21 08:00:00,59.94114
2011-09-21 09:00:00,73.89619
2011-09-21 10:00:00,76.71195
2011-09-21 11:00:00,145.27534
2011-09-21 12:00:00,156.85915
2011-09-21 13:00:00,190.10072
2011-09-21 14:00:00,188.57948
2011-09-21 15:00:00,193.14828
2011-09-21 16:00:00,193.14828
2011-09-21 17:00:00,172.29782
2011-09-21 18:00:00,124.62823
2011-09-21 19:00:00,115.775475
2011-09-21 20:00:00,115.775475
2011-09-21 21:00:00,49.825607
2011-09-21 22:00:00,70.21025
2011-09-21 23:00:00,52.541847
2011-09-22 00:00:00,52.541847
2011-09-22 01:00:00,58.617622
2011-09-22 02:00:00,62.510864
2011-09-22 03:00:00,58.617615
2011-09-22 04:00:00,58.617615
2011-09-22 05:00:00,62.510864
2011-09-22 06:00:00,47.98198
2011-09-22 07:00:00,49.005997
2011-09-22 08:00:00,57.996185
2011-09-22 09:00:00,120.46918
2011-09-22 10:00:00,143.21751
2011-09-22 11:00:00,144.44589
2011-09-22 12:00:00,162.43047
2011-09-22 13:00:00,160.1652
2011-09-22 14:00:00,157.89232
2011-09-22 15:00:00,176.51851
2011-09-22 16:00:00,208.72243
2011-09-22 17:00:00,166.67534
2011-09-22 18:00:00,143.05138
2011-09-22 19:00:00,125.18034
2011-09-22 20:00:00,109.452385
2011-09-22 21:00:00,125.18034
2011-09-22 22:00:00,51.756393
2011-09-22 23:00:00,70.21025
2011-09-23 00:00:00,106.893196
2011-09-23 01:00:00,96.76127
2011-09-23 02:00:00,97.31771
2011-09-23 03:00:00,96.76127
2011-09-23 04:00:00,102.01744
2011-09-23 05:00:00,104.23405
2011-09-23 06:00:00,106.893196
2011-09-23 07:00:00,113.854836
2011-09-23 08:00:00,113.854836
2011-09-23 09:00:00,104.07508
2011-09-23 10:00:00,102.261
2011-09-23 11:00:00,102.261
2011-09-23 12:00:00,112.04076
2011-09-23 13:00:00,101.27791
2011-09-23 14:00:00,101.27791
2011-09-23 15:00:00,112.04076
2011-09-23 16:00:00,109.49023
2011-09-23 17:00:00,96.76127
2011-09-23 18:00:00,91.50509
2011-09-23 19:00:00,104.76512
2011-09-23 20:00:00,100.297104
2011-09-23 21:00:00,96.3915
2011-09-23 22:00:00,110.13817
2011-09-23 23:00:00,94.706985
2011-09-24 00:00:00,72.40341
2011-09-24 01:00:00,91.39304
2011-09-24 02:00:00,91.39304
2011-09-24 03:00:00,78.67112
2011-09-24 04:00:00,86.8876
2011-09-24 05:00:00,92.341896
2011-09-24 06:00:00,92.341896
2011-09-24 07:00:00,105.246346
2011-09-24 08:00:00,99.75091
2011-09-24 09:00:00,106.4961
2011-09-24 10:00:00,106.4961
2011-09-24 11:00:00,128.78432
2011-09-24 12:00:00,128.78432
2011-09-24 13:00:00,166.33304
2011-09-24 14:00:00,211.54185
2011-09-24 15:00:00,211.54185
2011-09-24 16:00:00,172.4441
2011-09-24 17:00:00,206.238
2011-09-24 18:00:00,168.64662
2011-09-24 19:00:00,93.17832
2011-09-24 20:00:00,118.1659
2011-09-24 21:00:00,128.55997
2011-09-24 22:00:00,98.73562
2011-09-24 23:00:00,106.4961
2011-09-25 00:00:00,98.73773
2011-09-25 01:00:00,109.44579
2011-09-25 02:00:00,92.23074
2011-09-25 03:00:00,92.23074
2011-09-25 04:00:00,100.406296
2011-09-25 05:00:00,107.29126
2011-09-25 06:00:00,109.44579
2011-09-25 07:00:00,98.18272
2011-09-25 08:00:00,98.73562
2011-09-25 09:00:00,128.97522
2011-09-25 10:00:00,128.97522
2011-09-25 11:00:00,179.12102
2011-09-25 12:00:00,175.21172
2011-09-25 13:00:00,213.00835
2011-09-25 14:00:00,175.21172
2011-09-25 15:00:00,175.21172
2011-09-25 16:00:00,248.94933
2011-09-25 17:00:00,209.33153
2011-09-25 18:00:00,209.33153
2011-09-25 19:00:00,139.52309
2011-09-25 20:00:00,131.89226
2011-09-25 21:00:00,88.171196
2011-09-25 22:00:00,108.47413
2011-09-25 23:00:00,95.074715
2011-09-26 00:00:00,104.23405
2011-09-26 01:00:00,121.76418
2011-09-26 02:00:00,121.76418
2011-09-26 03:00:00,104.23403
2011-09-26 04:00:00,106.89318
2011-09-26 05:00:00,123.86776
2011-09-26 06:00:00,106.893196
2011-09-26 07:00:00,104.23405
2011-09-26 08:00:00,104.23405
2011-09-26 09:00:00,134.77089
2011-09-26 10:00:00,134.77089
2011-09-26 11:00:00,205.5608
2011-09-26 12:00:00,208.18678
2011-09-26 13:00:00,240.43513
2011-09-26 14:00:00,284.13272
2011-09-26 15:00:00,297.9545
2011-09-26 16:00:00,300.9158
2011-09-26 17:00:00,277.78363
2011-09-26 18:00:00,165.32593
2011-09-26 19:00:00,173.5454
2011-09-26 20:00:00,125.321815
2011-09-26 21:00:00,125.321815
2011-09-26 22:00:00,104.76512
2011-09-26 23:00:00,104.76512
2011-09-27 00:00:00,104.76512
2011-09-27 01:00:00,109.15739
2011-09-27 02:00:00,102.3774
2011-09-27 03:00:00,104.23405
2011-09-27 04:00:00,111.13371
2011-09-27 05:00:00,111.13371
2011-09-27 06:00:00,108.08706
2011-09-27 07:00:00,108.08706
2011-09-27 08:00:00,118.48293
2011-09-27 09:00:00,137.95476
2011-09-27 10:00:00,115.759575
2011-09-27 11:00:00,119.665764
2011-09-27 12:00:00,124.75299
2011-09-27 13:00:00,253.52814
2011-09-27 14:00:00,206.44899
2011-09-27 15:00:00,171.76599
2011-09-27 16:00:00,171.2576
2011-09-27 17:00:00,135.83101
2011-09-27 18:00:00,140.69006
2011-09-27 19:00:00,123.570145
2011-09-27 20:00:00,192.91861
2011-09-27 21:00:00,146.77788
2011-09-27 22:00:00,119.78937
2011-09-27 23:00:00,119.78937
2011-09-28 00:00:00,109.45618
2011-09-28 01:00:00,109.45618
2011-09-28 02:00:00,147.80324
2011-09-28 03:00:00,108.14954
2011-09-28 04:00:00,109.45618
2011-09-28 05:00:00,105.55328
2011-09-28 06:00:00,116.884834
2011-09-28 07:00:00,116.884834
2011-09-28 08:00:00,121.58572
2011-09-28 09:00:00,121.58572
2011-09-28 10:00:00,104.23405
2011-09-28 11:00:00,168.70181
2011-09-28 12:00:00,194.60149
2011-09-28 13:00:00,252.55556
2011-09-28 14:00:00,324.13724
2011-09-28 15:00:00,277.78363
2011-09-28 16:00:00,287.26337
2011-09-28 17:00:00,288.11935
2011-09-28 18:00:00,177.6334
2011-09-28 19:00:00,177.6334
2011-09-28 20:00:00,182.44466
2011-09-28 21:00:00,152.33388
2011-09-28 22:00:00,119.78937
2011-09-28 23:00:00,106.021484
2011-09-29 00:00:00,115.225395
2011-09-29 01:00:00,104.4889
2011-09-29 02:00:00,104.4889
2011-09-29 03:00:00,116.47532
2011-09-29 04:00:00,137.3314
2011-09-29 05:00:00,120.58132
2011-09-29 06:00:00,118.92925
2011-09-29 07:00:00,127.42021
2011-09-29 08:00:00,146.77788
2011-09-29 09:00:00,198.6183
2011-09-29 10:00:00,311.23215
2011-09-29 11:00:00,320.75842
2011-09-29 12:00:00,317.05222
2011-09-29 13:00:00,319.50992
2011-09-29 14:00:00,379.04916
2011-09-29 15:00:00,412.66788
2011-09-29 16:00:00,436.66824
2011-09-29 17:00:00,387.8819
2011-09-29 18:00:00,411.43454
2011-09-29 19:00:00,338.3899
2011-09-29 20:00:00,315.66617
2011-09-29 21:00:00,308.85297
2011-09-29 22:00:00,264.19052
2011-09-29 23:00:00,178.73256
2011-09-30 00:00:00,137.7301
2011-09-30 01:00:00,178.40266
2011-09-30 02:00:00,137.7301
2011-09-30 03:00:00,137.7301
2011-09-30 04:00:00,153.00883
2011-09-30 05:00:00,153.00883
2011-09-30 06:00:00,158.11313
2011-09-30 07:00:00,158.11313
2011-09-30 08:00:00,184.79936
2011-09-30 09:00:00,225.76279
2011-09-30 10:00:00,264.77844
2011-09-30 11:00:00,310.2178
2011-09-30 12:00:00,308.6044
2011-09-30 13:00:00,340.94937
2011-09-30 14:00:00,328.50412
2011-09-30 15:00:00,357.56796
2011-09-30 16:00:00,338.65268
2011-09-30 17:00:00,339.65482
2011-09-30 18:00:00,324.05948
2011-09-30 19:00:00,314.74728
2011-09-30 20:00:00,314.74728
2011-09-30 21:00:00,312.21677
2011-09-30 22:00:00,292.86145
2011-09-30 23:00:00,292.86145
2011-10-20 00:00:00,124.25081
2011-10-20 01:00:00,162.45406
2011-10-20 02:00:00,180.19179
2011-10-20 03:00:00,171.92235
2011-10-20 04:00:00,171.92235
2011-10-20 05:00:00,169.99483
2011-10-20 06:00:00,147.80473
2011-10-20 07:00:00,143.6202
2011-10-20 08:00:00,161.44475
2011-10-20 09:00:00,157.37448
2011-10-20 10:00:00,203.09547
2011-10-20 11:00:00,220.09839
2011-10-20 12:00:00,257.35367
2011-10-20 13:00:00,272.5502
2011-10-20 14:00:00,263.5941
2011-10-20 15:00:00,272.29245
2011-10-20 16:00:00,272.29245
2011-10-20 17:00:00,273.55563
2011-10-20 18:00:00,271.02518
2011-10-20 19:00:00,266.91135
2011-10-20 20:00:00,270.023
2011-10-20 21:00:00,267.68124
2011-10-20 22:00:00,260.59387
2011-10-20 23:00:00,227.64809
2011-10-21 00:00:00,192.97835
2011-10-21 01:00:00,200.04202
2011-10-21 02:00:00,179.5072
2011-10-21 03:00:00,141.7547
2011-10-21 04:00:00,139.43098
2011-10-21 05:00:00,121.41016
2011-10-21 06:00:00,139.43098
2011-10-21 07:00:00,139.43098
2011-10-21 08:00:00,207.12938
2011-10-21 09:00:00,265.6998
2011-10-21 10:00:00,293.41043
2011-10-21 11:00:00,302.48425
2011-10-21 12:00:00,299.98386
2011-10-21 13:00:00,293.44055
2011-10-21 14:00:00,313.13544
2011-10-21 15:00:00,300.4833
2011-10-21 16:00:00,301.4854
2011-10-21 17:00:00,272.52673
2011-10-21 18:00:00,266.98557
2011-10-21 19:00:00,243.7804
2011-10-21 20:00:00,267.98434
2011-10-21 21:00:00,248.8628
2011-10-21 22:00:00,270.1515
2011-10-21 23:00:00,200.04202
2011-10-22 00:00:00,172.98482
2011-10-22 01:00:00,172.98482
2011-10-22 02:00:00,158.83379
2011-10-22 03:00:00,187.13582
2011-10-22 04:00:00,163.0455
2011-10-22 05:00:00,182.6711
2011-10-22 06:00:00,137.24173
2011-10-22 07:00:00,128.01208
2011-10-22 08:00:00,161.21364
2011-10-22 09:00:00,184.50148
2011-10-22 10:00:00,234.28175
2011-10-22 11:00:00,234.28175
2011-10-22 12:00:00,275.1458
2011-10-22 13:00:00,360.93027
2011-10-22 14:00:00,298.64142
2011-10-22 15:00:00,277.9977
2011-10-22 16:00:00,357.49362
2011-10-22 17:00:00,264.55032
2011-10-22 18:00:00,267.0869
2011-10-22 19:00:00,206.2385
2011-10-22 20:00:00,200.8314
2011-10-22 21:00:00,131.48746
2011-10-22 22:00:00,131.48746
2011-10-22 23:00:00,105.134705
2011-10-23 00:00:00,94.07014
2011-10-23 01:00:00,94.07014
2011-10-23 02:00:00,97.90018
2011-10-23 03:00:00,94.080505
2011-10-23 04:00:00,94.080505
2011-10-23 05:00:00,94.6443
2011-10-23 06:00:00,90.78571
2011-10-23 07:00:00,97.90018
2011-10-23 08:00:00,101.71533
2011-10-23 09:00:00,131.48746
2011-10-23 10:00:00,165.45839
2011-10-23 11:00:00,177.10779
2011-10-23 12:00:00,241.73767
2011-10-23 13:00:00,290.57452
2011-10-23 14:00:00,283.48718
2011-10-23 15:00:00,313.6047
2011-10-23 16:00:00,290.57452
2011-10-23 17:00:00,248.75099
2011-10-23 18:00:00,255.81465
2011-10-23 19:00:00,130.5719
2011-10-23 20:00:00,167.4652
2011-10-23 21:00:00,167.4652
2011-10-23 22:00:00,146.05981
2011-10-23 23:00:00,152.06642
2011-10-24 00:00:00,149.35696
2011-10-24 01:00:00,134.12349
2011-10-24 02:00:00,115.44311
2011-10-24 03:00:00,129.93253
2011-10-24 04:00:00,119.41085
2011-10-24 05:00:00,112.567894
2011-10-24 06:00:00,115.44311
2011-10-24 07:00:00,107.21993
2011-10-24 08:00:00,122.43662
2011-10-24 09:00:00,148.91516
2011-10-24 10:00:00,167.69327
2011-10-24 11:00:00,221.99759
2011-10-24 12:00:00,260.05502
2011-10-24 13:00:00,296.43323
2011-10-24 14:00:00,301.79822
2011-10-24 15:00:00,326.99542
2011-10-24 16:00:00,290.21652
2011-10-24 17:00:00,256.3364
2011-10-24 18:00:00,317.01578
2011-10-24 19:00:00,135.98
2011-10-24 20:00:00,139.82852
2011-10-24 21:00:00,116.41039
2011-10-24 22:00:00,186.32549
2011-10-24 23:00:00,162.16817
2011-10-25 00:00:00,164.15817
2011-10-25 01:00:00,164.15817
2011-10-25 02:00:00,141.39563
2011-10-25 03:00:00,111.10794
2011-10-25 04:00:00,113.45846
2011-10-25 05:00:00,113.45846
2011-10-25 06:00:00,122.98879
2011-10-25 07:00:00,153.25598
2011-10-25 08:00:00,197.51079
2011-10-25 09:00:00,290.85355
2011-10-25 10:00:00,302.9609
2011-10-25 11:00:00,307.49234
2011-10-25 12:00:00,344.31876
2011-10-25 13:00:00,370.1514
2011-10-25 14:00:00,354.9293
2011-10-25 15:00:00,375.17532
2011-10-25 16:00:00,373.5898
2011-10-25 17:00:00,375.17532
2011-10-25 18:00:00,316.57214
2011-10-25 19:00:00,234.07475
2011-10-25 20:00:00,239.0121
2011-10-25 21:00:00,190.94984
2011-10-25 22:00:00,220.67772
2011-10-25 23:00:00,190.94984
2011-10-26 00:00:00,180.68573
2011-10-26 01:00:00,193.14561
2011-10-26 02:00:00,214.3603
2011-10-26 03:00:00,200.20926
2011-10-26 04:00:00,165.15947
2011-10-26 05:00:00,167.1912
2011-10-26 06:00:00,167.1912
2011-10-26 07:00:00,179.67447
2011-10-26 08:00:00,220.6007
2011-10-26 09:00:00,261.58023
2011-10-26 10:00:00,286.61685
2011-10-26 11:00:00,271.57272
2011-10-26 12:00:00,293.77652
2011-10-26 13:00:00,270.0157
2011-10-26 14:00:00,179.79488
2011-10-26 15:00:00,179.79488
2011-10-26 16:00:00,182.1776
2011-10-26 17:00:00,182.61133
2011-10-26 18:00:00,180.05428
2011-10-26 19:00:00,128.26521
2011-10-26 20:00:00,108.21484
2011-10-26 21:00:00,179.79488
2011-10-26 22:00:00,117.72063
2011-10-26 23:00:00,117.72063
2011-10-27 00:00:00,98.8516
2011-10-27 01:00:00,98.8516
2011-10-27 02:00:00,108.847565
2011-10-27 03:00:00,108.84757
2011-10-27 04:00:00,117.62424
2011-10-27 05:00:00,120.35558
2011-10-27 06:00:00,140.39342
2011-10-27 07:00:00,104.45103
2011-10-27 08:00:00,132.103
2011-10-27 09:00:00,152.08176
2011-10-27 10:00:00,133.1631
2011-10-27 11:00:00,123.161255
2011-10-27 12:00:00,123.161255
2011-10-27 13:00:00,124.079865
2011-10-27 14:00:00,131.9554
2011-10-27 15:00:00,136.64253
2011-10-27 16:00:00,229.53331
2011-10-27 17:00:00,197.6154
2011-10-27 18:00:00,195.48477
2011-10-27 19:00:00,177.36496
2011-10-27 20:00:00,154.4157
2011-10-27 21:00:00,150.24646
2011-10-27 22:00:00,119.31107
2011-10-27 23:00:00,122.25114
2011-10-28 00:00:00,128.86142
2011-10-28 01:00:00,119.79386
2011-10-28 02:00:00,117.75534
2011-10-28 03:00:00,103.1659
2011-10-28 04:00:00,110.08744
2011-10-28 05:00:00,137.38736
2011-10-28 06:00:00,103.05841
2011-10-28 07:00:00,103.05841
2011-10-28 08:00:00,116.9959
2011-10-28 09:00:00,165.81676
2011-10-28 10:00:00,179.21378
2011-10-28 11:00:00,232.28206
2011-10-28 12:00:00,247.72093
2011-10-28 13:00:00,246.2118
2011-10-28 14:00:00,244.2159
2011-10-28 15:00:00,242.62953
2011-10-28 16:00:00,245.21468
2011-10-28 17:00:00,247.2005
2011-10-28 18:00:00,243.77061
2011-10-28 19:00:00,247.2005
2011-10-28 20:00:00,184.53325
2011-10-28 21:00:00,146.3955
2011-10-28 22:00:00,119.9443
2011-10-28 23:00:00,106.247154
2011-10-29 00:00:00,80.03847
2011-10-29 01:00:00,89.090645
2011-10-29 02:00:00,89.090645
2011-10-29 03:00:00,89.25599
2011-10-29 04:00:00,89.25599
2011-10-29 05:00:00,61.67182
2011-10-29 06:00:00,64.579025
2011-10-29 07:00:00,64.579025
2011-10-29 08:00:00,75.968185
2011-10-29 09:00:00,75.968185
2011-10-29 10:00:00,65.37104
2011-10-29 11:00:00,57.960228
2011-10-29 12:00:00,44.033585
2011-10-29 13:00:00,41.99504
2011-10-29 14:00:00,47.08116
2011-10-29 15:00:00,66.77502
2011-10-29 16:00:00,56.94744
2011-10-29 17:00:00,56.94744
2011-10-29 18:00:00,56.94744
2011-10-29 19:00:00,41.653687
2011-10-29 20:00:00,41.653687
2011-10-29 21:00:00,41.653656
2011-10-29 22:00:00,54.6697
2011-10-29 23:00:00,58.93978
2011-10-30 00:00:00,54.6697
2011-10-30 01:00:00,50.970512
2011-10-30 02:00:00,47.258896
2011-10-30 03:00:00,48.42321
2011-10-30 04:00:00,39.21753
2011-10-30 05:00:00,52.493484
2011-10-30 06:00:00,57.88479
2011-10-30 07:00:00,77.65786
2011-10-30 08:00:00,78.22718
2011-10-30 09:00:00,101.2368
2011-10-30 10:00:00,147.06523
2011-10-30 11:00:00,182.17094
2011-10-30 12:00:00,223.45384
2011-10-30 13:00:00,272.3659
2011-10-30 14:00:00,340.03735
2011-10-30 15:00:00,358.16824
2011-10-30 16:00:00,376.30093
2011-10-30 17:00:00,344.59894
2011-10-30 18:00:00,272.59766
2011-10-30 19:00:00,361.21866
2011-10-30 20:00:00,205.40535
2011-10-30 21:00:00,144.1247
2011-10-30 22:00:00,101.54054
2011-10-30 23:00:00,84.76622
2011-10-31 00:00:00,97.34978
2011-10-31 01:00:00,91.43625
2011-10-31 02:00:00,93.96542
2011-10-31 03:00:00,82.55386
2011-10-31 04:00:00,93.9654
2011-10-31 05:00:00,97.05299
2011-10-31 06:00:00,93.96542
2011-10-31 07:00:00,100.45272
2011-10-31 08:00:00,125.80343
2011-10-31 09:00:00,126.23968
2011-10-31 10:00:00,222.48195
2011-10-31 11:00:00,275.33755
2011-10-31 12:00:00,277.13785
2011-10-31 13:00:00,265.52524
2011-10-31 14:00:00,266.26294
2011-10-31 15:00:00,286.1479
2011-10-31 16:00:00,270.1515
2011-10-31 17:00:00,277.23886
2011-10-31 18:00:00,208.90193
2011-10-31 19:00:00,208.90193
2011-10-31 20:00:00,208.90193
2011-10-31 21:00:00,142.32771
2011-10-31 22:00:00,142.32771
2011-10-31 23:00:00,142.32771
2011-11-20 00:00:00,149.17403
2011-11-20 01:00:00,158.83379
2011-11-20 02:00:00,155.63832
2011-11-20 03:00:00,161.9511
2011-11-20 04:00:00,155.02953
2011-11-20 05:00:00,169.61897
2011-11-20 06:00:00,171.65749
2011-11-20 07:00:00,161.83926
2011-11-20 08:00:00,164.08174
2011-11-20 09:00:00,168.05556
2011-11-20 10:00:00,173.59877
2011-11-20 11:00:00,264.28043
2011-11-20 12:00:00,262.0551
2011-11-20 13:00:00,290.66473
2011-11-20 14:00:00,233.84608
2011-11-20 15:00:00,229.23721
2011-11-20 16:00:00,270.5237
2011-11-20 17:00:00,261.30118
2011-11-20 18:00:00,269.03238
2011-11-20 19:00:00,186.83672
2011-11-20 20:00:00,226.63196
2011-11-20 21:00:00,149.42058
2011-11-20 22:00:00,105.621155
2011-11-20 23:00:00,105.621155
2011-11-21 00:00:00,104.10778
2011-11-21 01:00:00,114.27488
2011-11-21 02:00:00,101.830315
2011-11-21 03:00:00,98.19605
2011-11-21 04:00:00,98.19605
2011-11-21 05:00:00,96.47404
2011-11-21 06:00:00,98.40666
2011-11-21 07:00:00,110.237236
2011-11-21 08:00:00,104.10778
2011-11-21 09:00:00,105.63451
2011-11-21 10:00:00,131.9554
2011-11-21 11:00:00,136.64253
2011-11-21 12:00:00,178.10301
2011-11-21 13:00:00,178.10301
2011-11-21 14:00:00,156.92096
2011-11-21 15:00:00,116.010506
2011-11-21 16:00:00,116.010506
2011-11-21 17:00:00,121.63574
2011-11-21 18:00:00,128.95023
2011-11-21 19:00:00,114.02971
2011-11-21 20:00:00,138.47623
2011-11-21 21:00:00,126.657684
2011-11-21 22:00:00,124.81546
2011-11-21 23:00:00,126.657684
2011-11-22 00:00:00,108.505325
2011-11-22 01:00:00,110.395454
2011-11-22 02:00:00,99.48793
2011-11-22 03:00:00,99.48793
2011-11-22 04:00:00,112.13957
2011-11-22 05:00:00,112.13957
2011-11-22 06:00:00,107.21993
2011-11-22 07:00:00,115.77383
2011-11-22 08:00:00,115.77383
2011-11-22 09:00:00,109.57895
2011-11-22 10:00:00,109.57895
2011-11-22 11:00:00,110.395454
2011-11-22 12:00:00,97.26668
2011-11-22 13:00:00,95.67669
2011-11-22 14:00:00,95.67669
2011-11-22 15:00:00,109.00787
2011-11-22 16:00:00,109.00787
2011-11-22 17:00:00,95.47492
2011-11-22 18:00:00,100.07965
2011-11-22 19:00:00,108.82655
2011-11-22 20:00:00,101.51149
2011-11-22 21:00:00,103.32557
2011-11-22 22:00:00,112.21193
2011-11-22 23:00:00,115.76163
2011-11-23 00:00:00,115.76163
2011-11-23 01:00:00,121.60458
2011-11-23 02:00:00,137.66718
2011-11-23 03:00:00,137.66719
2011-11-23 04:00:00,166.71541
2011-11-23 05:00:00,112.051315
2011-11-23 06:00:00,96.47404
2011-11-23 07:00:00,91.17104
2011-11-23 08:00:00,105.63451
2011-11-23 09:00:00,112.28798
2011-11-23 10:00:00,112.28798
2011-11-23 11:00:00,200.66985
2011-11-23 12:00:00,244.86864
2011-11-23 13:00:00,219.03387
2011-11-23 14:00:00,199.3964
2011-11-23 15:00:00,216.23232
2011-11-23 16:00:00,166.1667
2011-11-23 17:00:00,161.57646
2011-11-23 18:00:00,167.63368
2011-11-23 19:00:00,169.01236
2011-11-23 20:00:00,134.2877
2011-11-23 21:00:00,133.80153
2011-11-23 22:00:00,120.212616
2011-11-23 23:00:00,126.32138
2011-11-24 00:00:00,154.44606
2011-11-24 01:00:00,114.51537
2011-11-24 02:00:00,111.40389
2011-11-24 03:00:00,109.315025
2011-11-24 04:00:00,156.45805
2011-11-24 05:00:00,152.92622
2011-11-24 06:00:00,156.45805
2011-11-24 07:00:00,88.436104
2011-11-24 08:00:00,135.16934
2011-11-24 09:00:00,204.47456
2011-11-24 10:00:00,241.57631
2011-11-24 11:00:00,300.29874
2011-11-24 12:00:00,362.4705
2011-11-24 13:00:00,394.71136
2011-11-24 14:00:00,420.29898
2011-11-24 15:00:00,420.5458
2011-11-24 16:00:00,402.70847
2011-11-24 17:00:00,396.82657
2011-11-24 18:00:00,297.75235
2011-11-24 19:00:00,259.55078
2011-11-24 20:00:00,128.28868
2011-11-24 21:00:00,135.21022
2011-11-24 22:00:00,135.21022
2011-11-24 23:00:00,125.62829
2011-11-25 00:00:00,122.63609
2011-11-25 01:00:00,112.572365
2011-11-25 02:00:00,94.144394
2011-11-25 03:00:00,100.233284
2011-11-25 04:00:00,105.72356
2011-11-25 05:00:00,98.06905
2011-11-25 06:00:00,90.65763
2011-11-25 07:00:00,91.43625
2011-11-25 08:00:00,91.78416
2011-11-25 09:00:00,104.24923
2011-11-25 10:00:00,139.43098
2011-11-25 11:00:00,207.05533
2011-11-25 12:00:00,295.4114
2011-11-25 13:00:00,302.48425
2011-11-25 14:00:00,332.05994
2011-11-25 15:00:00,350.1926
2011-11-25 16:00:00,318.47955
2011-11-25 17:00:00,348.8755
2011-11-25 18:00:00,294.18942
2011-11-25 19:00:00,219.60039
2011-11-25 20:00:00,253.16455
2011-11-25 21:00:00,154.80547
2011-11-25 22:00:00,134.52164
2011-11-25 23:00:00,119.71319
2011-11-26 00:00:00,118.95988
2011-11-26 01:00:00,110.90817
2011-11-26 02:00:00,92.63632
2011-11-26 03:00:00,89.5021
2011-11-26 04:00:00,89.5021
2011-11-26 05:00:00,102.22442
2011-11-26 06:00:00,115.090256
2011-11-26 07:00:00,76.18177
2011-11-26 08:00:00,110.90817
2011-11-26 09:00:00,119.97573
2011-11-26 10:00:00,107.350136
2011-11-26 11:00:00,194.1995
2011-11-26 12:00:00,304.29184
2011-11-26 13:00:00,352.171
2011-11-26 14:00:00,301.6445
2011-11-26 15:00:00,330.27924
2011-11-26 16:00:00,295.1273
2011-11-26 17:00:00,295.1273
2011-11-26 18:00:00,206.7336
2011-11-26 19:00:00,168.25615
2011-11-26 20:00:00,266.94357
2011-11-26 21:00:00,109.981926
2011-11-26 22:00:00,131.09065
2011-11-26 23:00:00,107.350136
2011-11-27 00:00:00,107.350136
2011-11-27 01:00:00,107.350136
2011-11-27 02:00:00,103.801956
2011-11-27 03:00:00,94.080505
2011-11-27 04:00:00,97.94744
2011-11-27 05:00:00,104.361176
2011-11-27 06:00:00,127.0251
2011-11-27 07:00:00,116.0333
2011-11-27 08:00:00,126.93631
2011-11-27 09:00:00,168.96725
2011-11-27 10:00:00,168.96725
2011-11-27 11:00:00,195.67876
2011-11-27 12:00:00,277.41098
2011-11-27 13:00:00,277.36066
2011-11-27 14:00:00,457.24185
2011-11-27 15:00:00,460.41464
2011-11-27 16:00:00,336.82272
2011-11-27 17:00:00,298.64938
2011-11-27 18:00:00,241.66362
2011-11-27 19:00:00,192.84285
2011-11-27 20:00:00,220.44893
2011-11-27 21:00:00,184.95639
2011-11-27 22:00:00,180.07338
2011-11-27 23:00:00,180.07338
2011-11-28 00:00:00,172.93488
2011-11-28 01:00:00,171.91902
2011-11-28 03:00:00,131.16066
2011-11-28 04:00:00,134.93343
2011-11-28 05:00:00,111.10794
2011-11-28 06:00:00,133.7648
2011-11-28 07:00:00,109.21691
2011-11-28 08:00:00,104.8279
2011-11-28 09:00:00,132.73181
2011-11-28 10:00:00,172.71393
2011-11-28 11:00:00,260.05502
2011-11-28 12:00:00,319.035
2011-11-28 13:00:00,283.92758
2011-11-28 14:00:00,286.2018
2011-11-28 15:00:00,330.8443
2011-11-28 16:00:00,324.88626
2011-11-28 17:00:00,331.2843
2011-11-28 18:00:00,296.5102
2011-11-28 19:00:00,221.24413
2011-11-28 20:00:00,226.74956
2011-11-28 21:00:00,191.46268
2011-11-28 22:00:00,136.64253
2011-11-28 23:00:00,142.54192
2011-11-29 00:00:00,125.63047
2011-11-29 01:00:00,135.1865
2011-11-29 02:00:00,113.471016
2011-11-29 03:00:00,113.471016
2011-11-29 04:00:00,180.96704
2011-11-29 05:00:00,144.88652
2011-11-29 06:00:00,168.91429
2011-11-29 07:00:00,185.09764
2011-11-29 08:00:00,197.9625
2011-11-29 09:00:00,238.32283
2011-11-29 10:00:00,238.32283
2011-11-29 11:00:00,153.85052
2011-11-29 12:00:00,162.43712
2011-11-29 13:00:00,178.51506
2011-11-29 14:00:00,114.02972
2011-11-29 15:00:00,152.56537
2011-11-29 16:00:00,138.47623
2011-11-29 17:00:00,142.75394
2011-11-29 18:00:00,149.67548
2011-11-29 19:00:00,147.63695
2011-11-29 20:00:00,136.7407
2011-11-29 21:00:00,136.7407
2011-11-29 22:00:00,128.75789
2011-11-29 23:00:00,114.90736
2011-11-30 00:00:00,132.25597
2011-11-30 01:00:00,121.43159
2011-11-30 02:00:00,122.69553
2011-11-30 03:00:00,122.69553
2011-11-30 04:00:00,100.31461
2011-11-30 05:00:00,96.63171
2011-11-30 06:00:00,86.05552
2011-11-30 07:00:00,90.65763
2011-11-30 08:00:00,96.63171
2011-11-30 09:00:00,96.24433
2011-11-30 10:00:00,131.31416
2011-11-30 11:00:00,211.53947
2011-11-30 12:00:00,213.0366
2011-11-30 13:00:00,241.9564
2011-11-30 14:00:00,241.9564
2011-11-30 15:00:00,226.36862
2011-11-30 16:00:00,236.98781
2011-11-30 17:00:00,207.89311
2011-11-30 18:00:00,194.58905
2011-11-30 19:00:00,164.96983
2011-11-30 20:00:00,164.96983
2011-11-30 21:00:00,145.76825
2011-11-30 22:00:00,137.64302
2011-11-30 23:00:00,149.0825
2011-12-20 00:00:00,225.74483
2011-12-20 01:00:00,268.02634
2011-12-20 02:00:00,231.56532
2011-12-20 03:00:00,231.56532
2011-12-20 04:00:00,247.79224
2011-12-20 05:00:00,251.12602
2011-12-20 06:00:00,251.126
2011-12-20 07:00:00,239.64015
2011-12-20 08:00:00,266.21432
2011-12-20 09:00:00,218.35147
2011-12-20 10:00:00,255.10321
2011-12-20 11:00:00,227.49712
2011-12-20 12:00:00,270.9875
2011-12-20 13:00:00,270.9875
2011-12-20 14:00:00,272.96994
2011-12-20 15:00:00,275.48877
2011-12-20 16:00:00,291.13943
2011-12-20 17:00:00,214.19301
2011-12-20 18:00:00,172.44353
2011-12-20 19:00:00,201.23415
2011-12-20 20:00:00,188.67351
2011-12-20 21:00:00,180.9504
2011-12-20 22:00:00,218.35147
2011-12-20 23:00:00,253.02121
2011-12-21 00:00:00,95.7926
2011-12-21 01:00:00,111.050865
2011-12-21 02:00:00,114.99317
2011-12-21 03:00:00,114.99317
2011-12-21 04:00:00,114.99317
2011-12-21 05:00:00,113.78987
2011-12-21 06:00:00,100.594505
2011-12-21 07:00:00,102.82259
2011-12-21 08:00:00,112.757744
2011-12-21 09:00:00,114.61605
2011-12-21 10:00:00,130.10419
2011-12-21 11:00:00,130.10419
2011-12-21 12:00:00,95.3146
2011-12-21 13:00:00,90.890114
2011-12-21 14:00:00,131.97305
2011-12-21 15:00:00,129.7002
2011-12-21 16:00:00,91.42274
2011-12-21 17:00:00,91.42274
2011-12-21 18:00:00,118.44822
2011-12-21 19:00:00,140.13531
2011-12-21 20:00:00,137.87003
2011-12-21 21:00:00,136.54881
2011-12-21 22:00:00,131.03119
2011-12-21 23:00:00,124.46948
2011-12-22 00:00:00,150.26266
2011-12-22 01:00:00,95.73779
2011-12-22 02:00:00,121.97334
2011-12-22 03:00:00,145.23463
2011-12-22 04:00:00,97.662224
2011-12-22 05:00:00,91.19479
2011-12-22 06:00:00,83.03178
2011-12-22 07:00:00,73.95039
2011-12-22 08:00:00,100.594505
2011-12-22 09:00:00,108.57276
2011-12-22 10:00:00,116.754234
2011-12-22 11:00:00,129.8407
2011-12-22 12:00:00,177.35997
2011-12-22 13:00:00,166.72533
2011-12-22 14:00:00,166.72533
2011-12-22 15:00:00,181.15079
2011-12-22 16:00:00,166.72533
2011-12-22 17:00:00,138.90744
2011-12-22 18:00:00,150.96605
2011-12-22 19:00:00,161.62369
2011-12-22 20:00:00,131.38875
2011-12-22 21:00:00,131.38875
2011-12-22 22:00:00,105.457115
2011-12-22 23:00:00,125.502525
2011-12-23 00:00:00,91.34418
2011-12-23 01:00:00,91.34418
2011-12-23 02:00:00,107.40089
2011-12-23 03:00:00,107.40089
2011-12-23 04:00:00,76.96962
2011-12-23 05:00:00,81.38456
2011-12-23 06:00:00,106.019806
2011-12-23 07:00:00,101.97707
2011-12-23 08:00:00,124.25593
2011-12-23 09:00:00,137.78493
2011-12-23 10:00:00,136.22108
2011-12-23 11:00:00,155.55782
2011-12-23 12:00:00,160.27718
2011-12-23 13:00:00,170.56526
2011-12-23 14:00:00,164.55675
2011-12-23 15:00:00,148.39545
2011-12-23 16:00:00,154.81642
2011-12-23 17:00:00,125.22804
2011-12-23 18:00:00,126.20882
2011-12-23 19:00:00,118.91204
2011-12-23 20:00:00,93.13093
2011-12-23 21:00:00,101.07459
2011-12-23 22:00:00,101.41747
2011-12-23 23:00:00,98.24789
2011-12-24 00:00:00,52.30578
2011-12-24 01:00:00,84.772865
2011-12-24 02:00:00,65.85757
2011-12-24 03:00:00,65.68355
2011-12-24 04:00:00,54.08529
2011-12-24 05:00:00,54.08529
2011-12-24 06:00:00,42.238655
2011-12-24 07:00:00,47.91053
2011-12-24 08:00:00,57.038857
2011-12-24 09:00:00,120.384445
2011-12-24 10:00:00,117.13467
2011-12-24 11:00:00,139.001
2011-12-24 12:00:00,127.275276
2011-12-24 13:00:00,128.04034
2011-12-24 14:00:00,128.04034
2011-12-24 15:00:00,111.11399
2011-12-24 16:00:00,104.43682
2011-12-24 17:00:00,74.34215
2011-12-24 18:00:00,91.08024
2011-12-24 19:00:00,86.631454
2011-12-24 20:00:00,60.859604
2011-12-24 21:00:00,55.170074
2011-12-24 22:00:00,77.87696
2011-12-24 23:00:00,64.07818
2011-12-25 00:00:00,39.119698
2011-12-25 01:00:00,48.770927
2011-12-25 02:00:00,48.938347
2011-12-25 03:00:00,50.10907
2011-12-25 05:00:00,43.188156
2011-12-25 06:00:00,43.188156
2011-12-25 07:00:00,44.14615
2011-12-25 08:00:00,43.218025
2011-12-25 09:00:00,48.48342
2011-12-25 10:00:00,53.796776
2011-12-25 11:00:00,69.51356
2011-12-25 12:00:00,51.560516
2011-12-25 13:00:00,67.85972
2011-12-25 14:00:00,80.45252
2011-12-25 15:00:00,88.40736
2011-12-25 16:00:00,108.99583
2011-12-25 17:00:00,92.94548
2011-12-25 18:00:00,75.83718
2011-12-25 19:00:00,89.57542
2011-12-25 20:00:00,96.53236
2011-12-25 21:00:00,78.01475
2011-12-25 22:00:00,61.511932
2011-12-25 23:00:00,57.27021
2011-12-26 00:00:00,52.35132
2011-12-26 01:00:00,59.55458
2011-12-26 02:00:00,103.16343
2011-12-26 04:00:00,105.01838
2011-12-26 05:00:00,131.80347
2011-12-26 06:00:00,100.22767
2011-12-26 07:00:00,97.075096
2011-12-26 08:00:00,96.47889
2011-12-26 09:00:00,105.01838
2011-12-26 10:00:00,140.81133
2011-12-26 11:00:00,132.19496
2011-12-26 12:00:00,151.14288
2011-12-26 13:00:00,162.78987
2011-12-26 14:00:00,165.76968
2011-12-26 15:00:00,158.81822
2011-12-26 16:00:00,127.98365
2011-12-26 17:00:00,103.16343
2011-12-26 18:00:00,94.61589
2011-12-26 19:00:00,82.18049
2011-12-26 20:00:00,82.93549
2011-12-26 21:00:00,65.08844
2011-12-26 22:00:00,65.08844
2011-12-26 23:00:00,64.839645
2011-12-27 00:00:00,79.489265
2011-12-27 01:00:00,80.8352
2011-12-27 02:00:00,80.8352
2011-12-27 03:00:00,66.71164
2011-12-27 04:00:00,64.93216
2011-12-27 05:00:00,62.847046
2011-12-27 06:00:00,69.83295
2011-12-27 07:00:00,61.95307
2011-12-27 08:00:00,73.49195
2011-12-27 09:00:00,68.12378
2011-12-27 10:00:00,96.81927
2011-12-27 11:00:00,68.12378
2011-12-27 12:00:00,79.99191
2011-12-27 13:00:00,75.28936
2011-12-27 14:00:00,80.82873
2011-12-27 15:00:00,80.82873
2011-12-27 16:00:00,91.28654
2011-12-27 17:00:00,104.02416
2011-12-27 18:00:00,103.80198
2011-12-27 19:00:00,81.66713
2011-12-27 20:00:00,71.797516
2011-12-27 21:00:00,77.19704
2011-12-27 22:00:00,77.19704
2011-12-27 23:00:00,67.48243
2011-12-28 00:00:00,78.003685
2011-12-28 01:00:00,87.902756
2011-12-28 02:00:00,98.80932
2011-12-28 03:00:00,98.80932
2011-12-28 05:00:00,89.22849
2011-12-28 06:00:00,100.58881
2011-12-28 07:00:00,100.58881
2011-12-28 08:00:00,89.2285
2011-12-28 09:00:00,94.91043
2011-12-28 10:00:00,111.44297
2011-12-28 11:00:00,146.83453
2011-12-28 12:00:00,136.1159
2011-12-28 13:00:00,152.05534
2011-12-28 14:00:00,150.68153
2011-12-28 15:00:00,152.61128
2011-12-28 16:00:00,143.61073
2011-12-28 17:00:00,120.84467
2011-12-28 18:00:00,126.70185
2011-12-28 19:00:00,97.439064
2011-12-28 20:00:00,89.90512
2011-12-28 21:00:00,72.572
2011-12-28 22:00:00,78.253944
2011-12-28 23:00:00,80.29738
2011-12-29 00:00:00,80.76387
2011-12-29 01:00:00,69.89006
2011-12-29 02:00:00,74.33522
2011-12-29 03:00:00,62.238075
2011-12-29 04:00:00,67.84711
2011-12-29 05:00:00,79.037
2011-12-29 06:00:00,78.84823
2011-12-29 07:00:00,69.3915
2011-12-29 08:00:00,86.69634
2011-12-29 09:00:00,54.346886
2011-12-29 10:00:00,53.13833
2011-12-29 11:00:00,68.14436
2011-12-29 12:00:00,65.90332
2011-12-29 13:00:00,74.64226
2011-12-29 14:00:00,107.89969
2011-12-29 15:00:00,89.00785
2011-12-29 16:00:00,104.46705
2011-12-29 17:00:00,100.46314
2011-12-29 18:00:00,104.960396
2011-12-29 19:00:00,107.86053
2011-12-29 20:00:00,87.58161
2011-12-29 21:00:00,69.51368
2011-12-29 22:00:00,89.01667
2011-12-29 23:00:00,94.590805
2011-12-30 00:00:00,84.51707
2011-12-30 01:00:00,85.98647
2011-12-30 02:00:00,75.7367
2011-12-30 03:00:00,75.7367
2011-12-30 04:00:00,75.01918
2011-12-30 05:00:00,69.642
2011-12-30 06:00:00,75.01918
2011-12-30 07:00:00,70.5196
2011-12-30 08:00:00,85.776085
2011-12-30 09:00:00,75.45829
2011-12-30 10:00:00,90.19361
2011-12-30 11:00:00,101.41747
2011-12-30 12:00:00,116.49955
2011-12-30 13:00:00,106.24236
2011-12-30 14:00:00,129.91733
2011-12-30 15:00:00,167.54375
2011-12-30 16:00:00,176.42863
2011-12-30 17:00:00,144.74352
2011-12-30 18:00:00,115.412186
2011-12-30 19:00:00,147.4971
2011-12-30 20:00:00,102.65728
2011-12-30 21:00:00,111.050865
2011-12-30 22:00:00,89.44201
2011-12-30 23:00:00,87.943375
2011-12-31 00:00:00,84.35652
2011-12-31 01:00:00,91.4777
2011-12-31 02:00:00,91.4777
2011-12-31 03:00:00,91.4777
2011-12-31 04:00:00,105.69678
2011-12-31 05:00:00,62.253487
2011-12-31 06:00:00,102.82902
2011-12-31 07:00:00,83.42568
2011-12-31 08:00:00,67.421364
2011-12-31 09:00:00,80.519806
2011-12-31 10:00:00,103.0738
2011-12-31 11:00:00,123.06812
2011-12-31 12:00:00,255.1028
2011-12-31 13:00:00,216.85703
2011-12-31 14:00:00,176.0191
2011-12-31 15:00:00,183.99503
2011-12-31 16:00:00,170.21721
2011-12-31 17:00:00,133.73997
2011-12-31 18:00:00,137.22585
2011-12-31 19:00:00,136.32658
2011-12-31 20:00:00,136.32658
2011-12-31 21:00:00,122.34196
2011-12-31 22:00:00,116.511696
2011-12-31 23:00:00,94.48797
2012-01-20 00:00:00,102.952736
2012-01-20 01:00:00,91.36431
2012-01-20 02:00:00,91.36431
2012-01-20 03:00:00,85.1986
2012-01-20 04:00:00,81.05399
2012-01-20 05:00:00,81.05399
2012-01-20 06:00:00,63.514015
2012-01-20 07:00:00,74.582405
2012-01-20 08:00:00,67.22185
2012-01-20 09:00:00,92.052505
2012-01-20 10:00:00,110.364746
2012-01-20 11:00:00,102.83466
2012-01-20 12:00:00,116.8637
2012-01-20 13:00:00,121.27244
2012-01-20 14:00:00,128.88077
2012-01-20 15:00:00,128.84302
2012-01-20 16:00:00,108.49907
2012-01-20 17:00:00,104.83833
2012-01-20 18:00:00,97.95087
2012-01-20 19:00:00,95.55139
2012-01-20 20:00:00,97.95087
2012-01-20 21:00:00,91.12075
2012-01-20 22:00:00,121.46086
2012-01-20 23:00:00,67.392334
2012-01-21 00:00:00,47.10955
2012-01-21 01:00:00,28.780481
2012-01-21 02:00:00,33.504936
2012-01-21 03:00:00,21.491447
2012-01-21 04:00:00,26.467329
2012-01-21 05:00:00,24.957722
2012-01-21 06:00:00,15.416679
2012-01-21 07:00:00,15.416679
2012-01-21 08:00:00,12.705336
2012-01-21 09:00:00,12.705336
2012-01-21 10:00:00,14.102339
2012-01-21 11:00:00,38.01879
2012-01-21 12:00:00,20.876295
2012-01-21 13:00:00,17.87453
2012-01-21 14:00:00,24.576092
2012-01-21 15:00:00,24.576092
2012-01-21 16:00:00,20.68156
2012-01-21 17:00:00,27.037985
2012-01-21 18:00:00,33.569675
2012-01-21 19:00:00,26.609056
2012-01-21 20:00:00,20.623802
2012-01-21 21:00:00,19.27501
2012-01-21 22:00:00,28.461842
2012-01-21 23:00:00,17.385395
2012-01-22 00:00:00,19.081814
2012-01-22 01:00:00,28.461842
2012-01-22 02:00:00,27.404797
2012-01-22 03:00:00,33.936485
2012-01-22 04:00:00,30.074648
2012-01-22 05:00:00,34.046165
2012-01-22 06:00:00,23.109348
2012-01-22 07:00:00,23.109348
2012-01-22 08:00:00,23.109348
2012-01-22 09:00:00,23.109348
2012-01-22 10:00:00,26.975857
2012-01-22 11:00:00,28.322218
2012-01-22 12:00:00,15.271319
2012-01-22 13:00:00,17.538988
2012-01-22 14:00:00,14.515035
2012-01-22 15:00:00,13.943338
2012-01-22 16:00:00,13.943338
2012-01-22 17:00:00,23.868364
2012-01-22 18:00:00,24.957722
2012-01-22 19:00:00,24.957722
2012-01-22 20:00:00,20.57605
2012-01-22 21:00:00,24.957722
2012-01-22 22:00:00,36.988365
2012-01-22 23:00:00,35.742046
2012-01-23 00:00:00,68.431274
2012-01-23 01:00:00,67.87359
2012-01-23 02:00:00,67.87359
2012-01-23 03:00:00,68.43133
2012-01-23 04:00:00,77.5127
2012-01-23 05:00:00,72.113174
2012-01-23 06:00:00,72.113174
2012-01-23 07:00:00,82.93372
2012-01-23 08:00:00,48.615036
2012-01-23 09:00:00,70.8379
2012-01-23 10:00:00,65.81378
2012-01-23 11:00:00,64.538475
2012-01-23 12:00:00,69.47721
2012-01-23 13:00:00,74.72143
2012-01-23 14:00:00,48.039833
2012-01-23 15:00:00,62.779854
2012-01-23 16:00:00,72.672005
2012-01-23 17:00:00,69.9016
2012-01-23 18:00:00,71.23218
2012-01-23 19:00:00,76.35389
2012-01-23 20:00:00,70.05447
2012-01-23 21:00:00,73.00009
2012-01-23 22:00:00,73.00009
2012-01-23 23:00:00,66.67392
2012-01-24 00:00:00,83.14968
2012-01-24 01:00:00,89.19473
2012-01-24 02:00:00,90.237564
2012-01-24 03:00:00,91.51287
2012-01-24 04:00:00,79.397385
2012-01-24 05:00:00,79.397385
2012-01-24 06:00:00,91.602
2012-01-24 07:00:00,91.51284
2012-01-24 08:00:00,91.51284
2012-01-24 09:00:00,94.75976
2012-01-24 10:00:00,71.797516
2012-01-24 11:00:00,80.22724
2012-01-24 12:00:00,81.66713
2012-01-24 13:00:00,81.66713
2012-01-24 14:00:00,93.87646
2012-01-24 15:00:00,120.98556
2012-01-24 16:00:00,119.00475
2012-01-24 17:00:00,130.71077
2012-01-24 18:00:00,134.08461
2012-01-24 19:00:00,171.86018
2012-01-24 20:00:00,85.58557
2012-01-24 21:00:00,97.43044
2012-01-24 22:00:00,81.08599
2012-01-24 23:00:00,85.58557
2012-01-25 00:00:00,59.25979
2012-01-25 01:00:00,93.98887
2012-01-25 02:00:00,85.84657
2012-01-25 03:00:00,76.42474
2012-01-25 04:00:00,78.39678
2012-01-25 05:00:00,78.39678
2012-01-25 06:00:00,75.88317
2012-01-25 07:00:00,73.2806
2012-01-25 08:00:00,76.88947
2012-01-25 09:00:00,76.88947
2012-01-25 10:00:00,56.32705
2012-01-25 11:00:00,69.83295
2012-01-25 12:00:00,118.30058
2012-01-25 13:00:00,125.2297
2012-01-25 14:00:00,132.0669
2012-01-25 15:00:00,144.67422
2012-01-25 16:00:00,121.17731
2012-01-25 17:00:00,129.76619
2012-01-25 18:00:00,98.24789
2012-01-25 19:00:00,124.666855
2012-01-25 20:00:00,106.78675
2012-01-25 21:00:00,91.80277
2012-01-25 22:00:00,93.331795
2012-01-25 23:00:00,105.702065
2012-01-26 00:00:00,92.29931
2012-01-26 01:00:00,96.7029
2012-01-26 02:00:00,77.35813
2012-01-26 03:00:00,97.710335
2012-01-26 04:00:00,79.140175
2012-01-26 05:00:00,99.39707
2012-01-26 06:00:00,91.30338
2012-01-26 07:00:00,92.813934
2012-01-26 08:00:00,92.813934
2012-01-26 09:00:00,94.96682
2012-01-26 10:00:00,95.84418
2012-01-26 11:00:00,91.813866
2012-01-26 12:00:00,103.189476
2012-01-26 13:00:00,120.838295
2012-01-26 14:00:00,131.21164
2012-01-26 15:00:00,139.60524
2012-01-26 16:00:00,133.76387
2012-01-26 17:00:00,135.30634
2012-01-26 18:00:00,135.30634
2012-01-26 19:00:00,126.8193
2012-01-26 20:00:00,118.90685
2012-01-26 21:00:00,126.8193
2012-01-26 22:00:00,96.22716
2012-01-26 23:00:00,112.4394
2012-01-27 00:00:00,108.275696
2012-01-27 01:00:00,114.61605
2012-01-27 02:00:00,94.20854
2012-01-27 03:00:00,116.30482
2012-01-27 04:00:00,110.75842
2012-01-27 05:00:00,111.05784
2012-01-27 06:00:00,115.70229
2012-01-27 07:00:00,114.59452
2012-01-27 08:00:00,120.41343
2012-01-27 09:00:00,120.41343
2012-01-27 10:00:00,132.33025
2012-01-27 11:00:00,122.798454
2012-01-27 12:00:00,142.87831
2012-01-27 13:00:00,203.91809
2012-01-27 14:00:00,201.65254
2012-01-27 15:00:00,209.42976
2012-01-27 16:00:00,179.8011
2012-01-27 17:00:00,175.76051
2012-01-27 18:00:00,168.05789
2012-01-27 19:00:00,137.83557
2012-01-27 20:00:00,110.99473
2012-01-27 21:00:00,128.82787
2012-01-27 22:00:00,125.16686
2012-01-27 23:00:00,120.85646
2012-01-28 00:00:00,67.659035
2012-01-28 01:00:00,77.52137
2012-01-28 02:00:00,71.017555
2012-01-28 03:00:00,67.03072
2012-01-28 04:00:00,53.390556
2012-01-28 05:00:00,49.81591
2012-01-28 06:00:00,55.590775
2012-01-28 07:00:00,47.40931
2012-01-28 08:00:00,39.510452
2012-01-28 09:00:00,42.909714
2012-01-28 10:00:00,60.13154
2012-01-28 11:00:00,78.01475
2012-01-28 12:00:00,61.024513
2012-01-28 13:00:00,82.23205
2012-01-28 14:00:00,140.15367
2012-01-28 15:00:00,154.675
2012-01-28 16:00:00,176.90857
2012-01-28 17:00:00,178.64537
2012-01-28 18:00:00,173.97963
2012-01-28 19:00:00,187.89671
2012-01-28 20:00:00,197.71767
2012-01-28 21:00:00,189.73634
2012-01-28 22:00:00,138.57439
2012-01-28 23:00:00,136.41882
2012-01-29 00:00:00,129.03667
2012-01-29 01:00:00,150.27098
2012-01-29 02:00:00,147.65977
2012-01-29 03:00:00,134.85672
2012-01-29 04:00:00,78.4844
2012-01-29 05:00:00,38.915665
2012-01-29 06:00:00,57.893105
2012-01-29 07:00:00,68.35256
2012-01-29 08:00:00,57.865326
2012-01-29 09:00:00,52.224792
2012-01-29 10:00:00,85.29508
2012-01-29 11:00:00,146.54848
2012-01-29 12:00:00,201.10225
2012-01-29 13:00:00,201.10225
2012-01-29 14:00:00,195.4351
2012-01-29 15:00:00,248.01753
2012-01-29 16:00:00,187.80113
2012-01-29 17:00:00,187.80115
2012-01-29 18:00:00,207.63579
2012-01-29 19:00:00,165.98912
2012-01-29 20:00:00,103.04655
2012-01-29 21:00:00,144.12984
2012-01-29 22:00:00,169.7507
2012-01-29 23:00:00,143.13708
2012-01-30 00:00:00,91.8813
2012-01-30 01:00:00,60.567696
2012-01-30 02:00:00,91.391136
2012-01-30 03:00:00,71.40394
2012-01-30 04:00:00,68.25271
2012-01-30 05:00:00,68.25271
2012-01-30 06:00:00,80.29738
2012-01-30 07:00:00,87.856606
2012-01-30 08:00:00,68.215576
2012-01-30 09:00:00,68.215576
2012-01-30 10:00:00,100.85166
2012-01-30 11:00:00,106.840935
2012-01-30 12:00:00,126.77463
2012-01-30 13:00:00,136.7079
2012-01-30 14:00:00,149.92873
2012-01-30 15:00:00,157.68324
2012-01-30 16:00:00,164.41055
2012-01-30 17:00:00,192.56744
2012-01-30 18:00:00,161.99184
2012-01-30 19:00:00,115.55862
2012-01-30 20:00:00,121.96523
2012-01-30 21:00:00,113.27608
2012-01-30 22:00:00,89.70284
2012-01-30 23:00:00,83.282906
2012-01-31 00:00:00,85.65807
2012-01-31 01:00:00,116.84526
2012-01-31 02:00:00,113.87229
2012-01-31 03:00:00,105.18313
2012-01-31 04:00:00,100.11973
2012-01-31 05:00:00,100.11973
2012-01-31 06:00:00,92.461494
2012-01-31 07:00:00,83.28292
2012-01-31 08:00:00,88.3993
2012-01-31 09:00:00,98.7851
2012-01-31 10:00:00,82.769554
2012-01-31 11:00:00,202.18944
2012-01-31 12:00:00,186.08788
2012-01-31 13:00:00,223.96797
2012-01-31 14:00:00,273.40866
2012-01-31 15:00:00,231.8535
2012-01-31 16:00:00,231.8535
2012-01-31 17:00:00,247.39641
2012-01-31 18:00:00,263.05832
2012-01-31 19:00:00,259.37585
2012-01-31 20:00:00,143.89006
2012-01-31 21:00:00,226.80103
2012-01-31 22:00:00,218.97783
2012-01-31 23:00:00,216.45052
2012-02-20 00:00:00,53.807632
2012-02-20 01:00:00,53.807632
2012-02-20 02:00:00,53.807632
2012-02-20 03:00:00,22.967829
2012-02-20 05:00:00,47.165
2012-02-20 06:00:00,71.052826
2012-02-20 07:00:00,55.937637
2012-02-20 08:00:00,32.986717
2012-02-20 09:00:00,32.986717
2012-02-20 10:00:00,63.61586
2012-02-20 11:00:00,79.564415
2012-02-20 12:00:00,73.09989
2012-02-20 13:00:00,99.250435
2012-02-20 14:00:00,123.1426
2012-02-20 15:00:00,137.92009
2012-02-20 16:00:00,170.48662
2012-02-20 17:00:00,237.13795
2012-02-20 18:00:00,137.92009
2012-02-20 19:00:00,137.92009
2012-02-20 20:00:00,140.67735
2012-02-20 21:00:00,100.87874
2012-02-20 22:00:00,87.82914
2012-02-20 23:00:00,103.64599
2012-02-21 00:00:00,84.457466
2012-02-21 01:00:00,92.55671
2012-02-21 02:00:00,85.29362
2012-02-21 04:00:00,78.01208
2012-02-21 05:00:00,69.849045
2012-02-21 06:00:00,64.44957
2012-02-21 07:00:00,78.01208
2012-02-21 08:00:00,68.57378
2012-02-21 09:00:00,63.8918
2012-02-21 10:00:00,75.498436
2012-02-21 11:00:00,53.51757
2012-02-21 12:00:00,101.36221
2012-02-21 13:00:00,127.744835
2012-02-21 14:00:00,118.503914
2012-02-21 15:00:00,127.744835
2012-02-21 16:00:00,151.99908
2012-02-21 17:00:00,181.01582
2012-02-21 18:00:00,181.01582
2012-02-21 19:00:00,141.66995
2012-02-21 20:00:00,110.9572
2012-02-21 21:00:00,115.37321
2012-02-21 22:00:00,85.10752
2012-02-21 23:00:00,99.467064
2012-02-22 00:00:00,99.467064
2012-02-22 01:00:00,94.64822
2012-02-22 02:00:00,102.90092
2012-02-22 03:00:00,79.41799
2012-02-22 04:00:00,96.06579
2012-02-22 05:00:00,93.21316
2012-02-22 06:00:00,87.902756
2012-02-22 07:00:00,87.09614
2012-02-22 08:00:00,84.332634
2012-02-22 09:00:00,92.49561
2012-02-22 10:00:00,95.27759
2012-02-22 11:00:00,110.19134
2012-02-22 12:00:00,140.69708
2012-02-22 13:00:00,165.19408
2012-02-22 14:00:00,178.77742
2012-02-22 15:00:00,255.39821
2012-02-22 16:00:00,233.30363
2012-02-22 17:00:00,272.8757
2012-02-22 18:00:00,209.92946
2012-02-22 19:00:00,189.9258
2012-02-22 20:00:00,163.97197
2012-02-22 21:00:00,199.62083
2012-02-22 22:00:00,174.43303
2012-02-22 23:00:00,193.12625
2012-02-23 00:00:00,174.43303
2012-02-23 01:00:00,147.44037
2012-02-23 02:00:00,136.59367
2012-02-23 03:00:00,110.84548
2012-02-23 04:00:00,118.75677
2012-02-23 05:00:00,118.75677
2012-02-23 06:00:00,86.78407
2012-02-23 07:00:00,93.87646
2012-02-23 08:00:00,83.1022
2012-02-23 09:00:00,95.474785
2012-02-23 10:00:00,143.31444
2012-02-23 11:00:00,214.24336
2012-02-23 12:00:00,242.01494
2012-02-23 13:00:00,246.0548
2012-02-23 14:00:00,260.98276
2012-02-23 15:00:00,256.33667
2012-02-23 16:00:00,247.92215
2012-02-23 17:00:00,262.2413
2012-02-23 18:00:00,249.25554
2012-02-23 19:00:00,220.1469
2012-02-23 20:00:00,201.74579
2012-02-23 21:00:00,178.42644
2012-02-23 22:00:00,172.31523
2012-02-23 23:00:00,157.50581
2012-02-24 00:00:00,151.14006
2012-02-24 01:00:00,163.33502
2012-02-24 02:00:00,90.99679
2012-02-24 03:00:00,105.00752
2012-02-24 04:00:00,96.84454
2012-02-24 05:00:00,117.282234
2012-02-24 06:00:00,115.847145
2012-02-24 07:00:00,113.21026
2012-02-24 08:00:00,96.6777
2012-02-24 09:00:00,59.014816
2012-02-24 10:00:00,76.425385
2012-02-24 11:00:00,108.22211
2012-02-24 12:00:00,125.88963
2012-02-24 13:00:00,139.60524
2012-02-24 14:00:00,156.58992
2012-02-24 15:00:00,91.34418
2012-02-24 16:00:00,91.34418
2012-02-24 17:00:00,123.41819
2012-02-24 18:00:00,105.303825
2012-02-24 19:00:00,119.41756
2012-02-24 20:00:00,163.34883
2012-02-24 21:00:00,100.719765
2012-02-24 22:00:00,175.0349
2012-02-24 23:00:00,132.73434
2012-02-25 00:00:00,139.64404
2012-02-25 01:00:00,130.13847
2012-02-25 02:00:00,96.31364
2012-02-25 03:00:00,93.77108
2012-02-25 04:00:00,114.32537
2012-02-25 05:00:00,129.27428
2012-02-25 06:00:00,129.27428
2012-02-25 07:00:00,106.981575
2012-02-25 08:00:00,70.36546
2012-02-25 09:00:00,40.331444
2012-02-25 10:00:00,45.454575
2012-02-25 11:00:00,112.472595
2012-02-25 12:00:00,90.21843
2012-02-25 13:00:00,143.18027
2012-02-25 14:00:00,123.5231
2012-02-25 15:00:00,155.07924
2012-02-25 16:00:00,108.44936
2012-02-25 17:00:00,141.09824
2012-02-25 18:00:00,99.98281
2012-02-25 19:00:00,112.25369
2012-02-25 20:00:00,99.34775
2012-02-25 21:00:00,110.91555
2012-02-25 22:00:00,95.26661
2012-02-25 23:00:00,94.174416
2012-02-26 00:00:00,100.562065
2012-02-26 01:00:00,91.10482
2012-02-26 02:00:00,91.10482
2012-02-26 03:00:00,72.26676
2012-02-26 04:00:00,72.26676
2012-02-26 05:00:00,62.684288
2012-02-26 06:00:00,86.9723
2012-02-26 07:00:00,51.775818
2012-02-26 08:00:00,48.716904
2012-02-26 09:00:00,55.279198
2012-02-26 10:00:00,71.01083
2012-02-26 11:00:00,103.198326
2012-02-26 12:00:00,96.964676
2012-02-26 13:00:00,111.70861
2012-02-26 14:00:00,140.91539
2012-02-26 15:00:00,151.97304
2012-02-26 16:00:00,159.68336
2012-02-26 17:00:00,157.21999
2012-02-26 18:00:00,139.41394
2012-02-26 19:00:00,135.99643
2012-02-26 20:00:00,101.85887
2012-02-26 21:00:00,82.90841
2012-02-26 22:00:00,91.45835
2012-02-26 23:00:00,55.170074
2012-02-27 00:00:00,74.15796
2012-02-27 01:00:00,83.65139
2012-02-27 02:00:00,74.53286
2012-02-27 03:00:00,71.30779
2012-02-27 04:00:00,61.70488
2012-02-27 05:00:00,61.70488
2012-02-27 06:00:00,76.88947
2012-02-27 07:00:00,72.63897
2012-02-27 08:00:00,76.89923
2012-02-27 09:00:00,83.28292
2012-02-27 10:00:00,118.72756
2012-02-27 11:00:00,146.48354
2012-02-27 12:00:00,202.81953
2012-02-27 13:00:00,184.7989
2012-02-27 14:00:00,227.3972
2012-02-27 15:00:00,225.84818
2012-02-27 16:00:00,231.8535
2012-02-27 17:00:00,216.48161
2012-02-27 18:00:00,241.22005
2012-02-27 19:00:00,258.17722
2012-02-27 20:00:00,236.52754
2012-02-27 21:00:00,227.3972
2012-02-27 22:00:00,201.2791
2012-02-27 23:00:00,165.16151
2012-02-28 00:00:00,164.17152
2012-02-28 01:00:00,135.60399
2012-02-28 02:00:00,152.36552
2012-02-28 03:00:00,202.19112
2012-02-28 04:00:00,136.08508
2012-02-28 05:00:00,136.08508
2012-02-28 06:00:00,111.40943
2012-02-28 07:00:00,99.717674
2012-02-28 08:00:00,78.809
2012-02-28 09:00:00,114.810875
2012-02-28 10:00:00,116.84525
2012-02-28 11:00:00,155.79175
2012-02-28 12:00:00,155.64857
2012-02-28 13:00:00,156.73735
2012-02-28 14:00:00,184.43086
2012-02-28 15:00:00,196.88115
2012-02-28 16:00:00,193.03133
2012-02-28 17:00:00,196.88115
2012-02-28 18:00:00,204.59294
2012-02-28 19:00:00,182.99483
2012-02-28 20:00:00,186.8496
2012-02-28 21:00:00,132.26888
2012-02-28 22:00:00,132.26888
2012-02-28 23:00:00,104.63361
2012-02-29 00:00:00,120.92214
2012-02-29 01:00:00,122.34539
2012-02-29 02:00:00,94.73273
2012-02-29 03:00:00,85.150314
2012-02-29 05:00:00,76.98731
2012-02-29 06:00:00,97.710335
2012-02-29 07:00:00,88.171234
2012-02-29 08:00:00,92.29931
2012-02-29 09:00:00,61.886047
2012-02-29 10:00:00,61.886047
2012-02-29 11:00:00,60.363014
2012-02-29 12:00:00,49.52237
2012-02-29 13:00:00,85.36738
2012-02-29 14:00:00,85.36738
2012-02-29 15:00:00,106.00283
2012-02-29 16:00:00,84.744286
2012-02-29 17:00:00,115.847145
2012-02-29 18:00:00,125.50257
2012-02-29 19:00:00,112.972176
2012-02-29 20:00:00,103.68554
2012-02-29 21:00:00,103.68554
2012-02-29 22:00:00,91.72881
2012-02-29 23:00:00,91.72881
2012-03-20 00:00:00,179.1237
2012-03-20 01:00:00,121.64799
2012-03-20 02:00:00,129.64572
2012-03-20 03:00:00,142.71678
2012-03-20 04:00:00,147.45695
2012-03-20 05:00:00,123.67632
2012-03-20 06:00:00,137.41267
2012-03-20 07:00:00,134.07454
2012-03-20 08:00:00,144.79698
2012-03-20 09:00:00,157.37341
2012-03-20 10:00:00,138.96457
2012-03-20 11:00:00,158.69806
2012-03-20 12:00:00,197.26038
2012-03-20 13:00:00,186.24356
2012-03-20 14:00:00,212.06369
2012-03-20 15:00:00,229.43343
2012-03-20 16:00:00,233.71666
2012-03-20 17:00:00,202.80093
2012-03-20 18:00:00,223.89871
2012-03-20 19:00:00,179.88673
2012-03-20 20:00:00,186.4911
2012-03-20 21:00:00,160.65147
2012-03-20 22:00:00,144.95549
2012-03-20 23:00:00,124.994774
2012-03-21 00:00:00,86.38107
2012-03-21 01:00:00,104.9732
2012-03-21 02:00:00,91.12127
2012-03-21 03:00:00,120.234184
2012-03-21 04:00:00,112.1901
2012-03-21 05:00:00,112.1901
2012-03-21 06:00:00,103.23719
2012-03-21 07:00:00,84.127144
2012-03-21 08:00:00,99.00367
2012-03-21 09:00:00,114.858986
2012-03-21 10:00:00,134.23792
2012-03-21 11:00:00,134.23792
2012-03-21 12:00:00,138.00499
2012-03-21 13:00:00,125.291756
2012-03-21 14:00:00,143.10658
2012-03-21 15:00:00,143.10658
2012-03-21 16:00:00,139.87965
2012-03-21 17:00:00,172.44759
2012-03-21 18:00:00,166.9189
2012-03-21 19:00:00,192.77977
2012-03-21 20:00:00,130.03552
2012-03-21 21:00:00,113.55073
2012-03-21 22:00:00,113.367035
2012-03-21 23:00:00,116.936165
2012-03-22 00:00:00,104.9732
2012-03-22 01:00:00,104.9732
2012-03-22 02:00:00,104.9732
2012-03-22 03:00:00,104.9732
2012-03-22 04:00:00,81.13833
2012-03-22 05:00:00,81.13833
2012-03-22 06:00:00,81.13833
2012-03-22 07:00:00,81.13833
2012-03-22 08:00:00,95.486916
2012-03-22 09:00:00,95.486916
2012-03-22 10:00:00,84.80178
2012-03-22 11:00:00,94.73668
2012-03-22 12:00:00,135.07286
2012-03-22 13:00:00,137.2831
2012-03-22 14:00:00,165.1162
2012-03-22 15:00:00,201.63731
2012-03-22 16:00:00,231.2183
2012-03-22 17:00:00,241.74988
2012-03-22 18:00:00,241.74988
2012-03-22 19:00:00,210.56837
2012-03-22 20:00:00,205.11714
2012-03-22 21:00:00,148.2001
2012-03-22 22:00:00,133.6787
2012-03-22 23:00:00,119.441216
2012-03-23 00:00:00,111.44344
2012-03-23 01:00:00,93.6286
2012-03-23 02:00:00,101.62638
2012-03-23 03:00:00,95.70885
2012-03-23 04:00:00,96.81691
2012-03-23 05:00:00,87.489174
2012-03-23 06:00:00,100.20236
2012-03-23 07:00:00,101.59577
2012-03-23 08:00:00,99.476906
2012-03-23 09:00:00,111.209915
2012-03-23 10:00:00,131.24568
2012-03-23 11:00:00,189.5407
2012-03-23 12:00:00,247.79619
2012-03-23 13:00:00,247.01126
2012-03-23 14:00:00,278.5884
2012-03-23 15:00:00,283.16327
2012-03-23 16:00:00,287.75348
2012-03-23 17:00:00,287.75348
2012-03-23 18:00:00,310.7081
2012-03-23 19:00:00,289.59116
2012-03-23 20:00:00,284.81644
2012-03-23 21:00:00,256.0888
2012-03-23 22:00:00,229.48311
2012-03-23 23:00:00,207.81596
2012-03-24 00:00:00,141.81862
2012-03-24 01:00:00,134.94939
2012-03-24 02:00:00,120.22486
2012-03-24 03:00:00,120.22486
2012-03-24 04:00:00,96.31781
2012-03-24 05:00:00,107.29226
2012-03-24 06:00:00,107.29226
2012-03-24 07:00:00,98.75184
2012-03-24 08:00:00,91.54441
2012-03-24 09:00:00,109.56513
2012-03-24 10:00:00,102.802605
2012-03-24 11:00:00,91.54441
2012-03-24 12:00:00,72.06376
2012-03-24 13:00:00,69.79849
2012-03-24 14:00:00,64.59756
2012-03-24 15:00:00,56.96817
2012-03-24 16:00:00,57.80406
2012-03-24 17:00:00,66.14413
2012-03-24 18:00:00,46.319748
2012-03-24 19:00:00,54.54731
2012-03-24 20:00:00,37.35708
2012-03-24 21:00:00,37.35708
2012-03-24 22:00:00,32.818924
2012-03-24 23:00:00,59.012016
2012-03-25 00:00:00,59.012016
2012-03-25 01:00:00,50.026764
2012-03-25 02:00:00,27.963978
2012-03-25 03:00:00,39.24504
2012-03-25 04:00:00,47.01763
2012-03-25 05:00:00,42.49756
2012-03-25 06:00:00,42.49756
2012-03-25 07:00:00,38.45134
2012-03-25 08:00:00,38.45134
2012-03-25 09:00:00,44.129715
2012-03-25 10:00:00,41.56552
2012-03-25 11:00:00,44.129715
2012-03-25 12:00:00,46.395004
2012-03-25 13:00:00,62.16868
2012-03-25 14:00:00,70.75758
2012-03-25 15:00:00,68.49232
2012-03-25 16:00:00,86.56523
2012-03-25 17:00:00,115.237785
2012-03-25 18:00:00,115.237785
2012-03-25 19:00:00,122.5903
2012-03-25 20:00:00,114.06493
2012-03-25 21:00:00,109.00982
2012-03-25 22:00:00,83.4716
2012-03-25 23:00:00,90.890945
2012-03-26 00:00:00,117.52765
2012-03-26 01:00:00,117.59074
2012-03-26 02:00:00,89.55074
2012-03-26 03:00:00,99.15458
2012-03-26 04:00:00,86.26223
2012-03-26 05:00:00,98.86346
2012-03-26 06:00:00,84.342064
2012-03-26 07:00:00,116.96385
2012-03-26 08:00:00,130.52861
2012-03-26 09:00:00,192.64894
2012-03-26 10:00:00,262.10858
2012-03-26 11:00:00,221.60974
2012-03-26 12:00:00,260.95456
2012-03-26 13:00:00,176.31224
2012-03-26 14:00:00,258.19293
2012-03-26 15:00:00,193.51405
2012-03-26 16:00:00,169.5591
2012-03-26 17:00:00,224.09508
2012-03-26 18:00:00,224.04292
2012-03-26 19:00:00,240.59248
2012-03-26 20:00:00,165.00525
2012-03-26 21:00:00,158.54198
2012-03-26 22:00:00,197.54424
2012-03-26 23:00:00,131.09999
2012-03-27 00:00:00,129.60626
2012-03-27 01:00:00,140.83846
2012-03-27 02:00:00,153.9222
2012-03-27 03:00:00,146.8348
2012-03-27 04:00:00,122.2861
2012-03-27 05:00:00,113.72004
2012-03-27 06:00:00,122.16575
2012-03-27 07:00:00,122.16575
2012-03-27 08:00:00,112.704155
2012-03-27 09:00:00,127.51209
2012-03-27 10:00:00,149.84206
2012-03-27 11:00:00,175.94942
2012-03-27 12:00:00,182.22073
2012-03-27 13:00:00,177.3368
2012-03-27 14:00:00,241.62148
2012-03-27 15:00:00,282.09824
2012-03-27 16:00:00,282.09824
2012-03-27 17:00:00,320.20682
2012-03-27 18:00:00,298.11395
2012-03-27 19:00:00,299.7012
2012-03-27 20:00:00,298.11395
2012-03-27 21:00:00,179.33763
2012-03-27 22:00:00,172.78017
2012-03-27 23:00:00,185.87315
2012-03-28 00:00:00,176.0175
2012-03-28 01:00:00,157.9961
2012-03-28 02:00:00,145.04184
2012-03-28 03:00:00,158.10341
2012-03-28 04:00:00,170.14679
2012-03-28 05:00:00,170.14679
2012-03-28 06:00:00,161.92361
2012-03-28 07:00:00,163.91527
2012-03-28 08:00:00,172.64874
2012-03-28 09:00:00,185.01707
2012-03-28 10:00:00,225.58571
2012-03-28 11:00:00,244.66426
2012-03-28 12:00:00,246.65257
2012-03-28 13:00:00,264.33234
2012-03-28 14:00:00,343.62234
2012-03-28 15:00:00,268.76776
2012-03-28 16:00:00,198.99788
2012-03-28 17:00:00,250.17938
2012-03-28 18:00:00,250.17938
2012-03-28 19:00:00,263.9042
2012-03-28 20:00:00,279.868
2012-03-28 21:00:00,213.75002
2012-03-28 22:00:00,170.5465
2012-03-28 23:00:00,153.07239
2012-03-29 00:00:00,164.08919
2012-03-29 01:00:00,191.14067
2012-03-29 02:00:00,394.36115
2012-03-29 03:00:00,363.75366
2012-03-29 04:00:00,242.73672
2012-03-29 05:00:00,216.38002
2012-03-29 06:00:00,150.72656
2012-03-29 07:00:00,182.93782
2012-03-29 08:00:00,199.96855
2012-03-29 09:00:00,207.78828
2012-03-29 10:00:00,206.60564
2012-03-29 11:00:00,233.22292
2012-03-29 12:00:00,237.44649
2012-03-29 13:00:00,210.29073
2012-03-29 14:00:00,240.09662
2012-03-29 15:00:00,253.25647
2012-03-29 16:00:00,262.56128
2012-03-29 17:00:00,257.42654
2012-03-29 18:00:00,234.17711
2012-03-29 19:00:00,221.9648
2012-03-29 20:00:00,215.34839
2012-03-29 21:00:00,195.52913
2012-03-29 22:00:00,178.43373
2012-03-29 23:00:00,167.39558
2012-03-30 00:00:00,157.3705
2012-03-30 01:00:00,136.46184
2012-03-30 02:00:00,125.32722
2012-03-30 03:00:00,74.40502
2012-03-30 04:00:00,86.86951
2012-03-30 05:00:00,69.6281
2012-03-30 06:00:00,81.2746
2012-03-30 07:00:00,84.38063
2012-03-30 08:00:00,65.78479
2012-03-30 09:00:00,84.465195
2012-03-30 10:00:00,87.12876
2012-03-30 11:00:00,91.60022
2012-03-30 12:00:00,99.48479
2012-03-30 13:00:00,92.54191
2012-03-30 14:00:00,92.56761
2012-03-30 15:00:00,92.37478
2012-03-30 16:00:00,133.64452
2012-03-30 17:00:00,96.04318
2012-03-30 18:00:00,138.08073
2012-03-30 19:00:00,113.37348
2012-03-30 20:00:00,117.911644
2012-03-30 21:00:00,98.83662
2012-03-30 22:00:00,55.939705
2012-03-30 23:00:00,53.899574
2012-03-31 00:00:00,64.86337
2012-03-31 01:00:00,56.67569
2012-03-31 02:00:00,60.25891
2012-03-31 03:00:00,75.26496
2012-03-31 04:00:00,73.573814
2012-03-31 05:00:00,77.530235
2012-03-31 06:00:00,30.036215
2012-03-31 07:00:00,30.036215
2012-03-31 08:00:00,27.77095
2012-03-31 09:00:00,56.67569
2012-03-31 10:00:00,61.213837
2012-03-31 11:00:00,108.674034
2012-03-31 12:00:00,107.75388
2012-03-31 13:00:00,159.04375
2012-03-31 14:00:00,122.814354
2012-03-31 15:00:00,147.98323
2012-03-31 16:00:00,126.68995
2012-03-31 17:00:00,130.34297
2012-03-31 18:00:00,111.29907
2012-03-31 19:00:00,88.38408
2012-03-31 20:00:00,73.39826
2012-03-31 21:00:00,73.39826
2012-03-31 22:00:00,62.385567
2012-03-31 23:00:00,51.00003
2012-04-20 00:00:00,127.8616
2012-04-20 01:00:00,99.15458
2012-04-20 02:00:00,76.639946
2012-04-20 03:00:00,67.74684
2012-04-20 04:00:00,58.665443
2012-04-20 05:00:00,53.63308
2012-04-20 06:00:00,59.032578
2012-04-20 07:00:00,53.63308
2012-04-20 08:00:00,57.314964
2012-04-20 09:00:00,72.663284
2012-04-20 10:00:00,126.568306
2012-04-20 11:00:00,158.59001
2012-04-20 12:00:00,243.09215
2012-04-20 13:00:00,287.3528
2012-04-20 14:00:00,297.26968
2012-04-20 15:00:00,286.861
2012-04-20 16:00:00,299.84354
2012-04-20 17:00:00,300.74734
2012-04-20 18:00:00,290.42148
2012-04-20 19:00:00,267.10468
2012-04-20 20:00:00,235.33934
2012-04-20 21:00:00,160.46552
2012-04-20 22:00:00,168.6157
2012-04-20 23:00:00,135.57207
2012-04-21 00:00:00,131.22003
2012-04-21 01:00:00,131.22003
2012-04-21 02:00:00,118.30469
2012-04-21 03:00:00,114.818565
2012-04-21 04:00:00,118.1415
2012-04-21 05:00:00,118.1415
2012-04-21 06:00:00,114.818565
2012-04-21 07:00:00,115.86865
2012-04-21 08:00:00,127.1753
2012-04-21 09:00:00,131.24167
2012-04-21 10:00:00,207.0692
2012-04-21 11:00:00,226.03206
2012-04-21 12:00:00,251.45259
2012-04-21 13:00:00,283.34534
2012-04-21 14:00:00,393.5455
2012-04-21 15:00:00,475.8501
2012-04-21 16:00:00,445.72528
2012-04-21 17:00:00,475.54364
2012-04-21 18:00:00,379.27322
2012-04-21 19:00:00,161.84694
2012-04-21 20:00:00,68.74937
2012-04-21 21:00:00,84.041855
2012-04-21 22:00:00,106.16976
2012-04-21 23:00:00,72.91682
2012-04-22 00:00:00,79.72784
2012-04-22 01:00:00,69.51129
2012-04-22 02:00:00,103.162285
2012-04-22 03:00:00,73.42685
2012-04-22 04:00:00,75.651245
2012-04-22 05:00:00,71.11308
2012-04-22 06:00:00,77.34573
2012-04-22 07:00:00,89.142
2012-04-22 08:00:00,56.02977
2012-04-22 09:00:00,56.02977
2012-04-22 10:00:00,61.03585
2012-04-22 11:00:00,48.935204
2012-04-22 12:00:00,51.63495
2012-04-22 13:00:00,63.726555
2012-04-22 14:00:00,51.63495
2012-04-22 15:00:00,57.02542
2012-04-22 16:00:00,62.415894
2012-04-22 17:00:00,45.47071
2012-04-22 18:00:00,45.47071
2012-04-22 19:00:00,63.487617
2012-04-22 20:00:00,43.75067
2012-04-22 21:00:00,52.341026
2012-04-22 22:00:00,60.76912
2012-04-22 23:00:00,69.70993
2012-04-23 00:00:00,80.923676
2012-04-23 01:00:00,64.04488
2012-04-23 02:00:00,51.304985
2012-04-23 03:00:00,55.96479
2012-04-23 04:00:00,66.843864
2012-04-23 05:00:00,66.843864
2012-04-23 06:00:00,56.592903
2012-04-23 07:00:00,64.72269
2012-04-23 08:00:00,66.55211
2012-04-23 09:00:00,70.78736
2012-04-23 10:00:00,77.46597
2012-04-23 11:00:00,79.176994
2012-04-23 12:00:00,92.539894
2012-04-23 13:00:00,121.757576
2012-04-23 14:00:00,154.88287
2012-04-23 15:00:00,122.85422
2012-04-23 16:00:00,71.76497
2012-04-23 17:00:00,68.34454
2012-04-23 18:00:00,58.84484
2012-04-23 19:00:00,58.488113
2012-04-23 20:00:00,54.397156
2012-04-23 21:00:00,51.729546
2012-04-23 22:00:00,49.165237
2012-04-23 23:00:00,47.354156
2012-04-24 00:00:00,54.70025
2012-04-24 01:00:00,60.155876
2012-04-24 02:00:00,40.96779
2012-04-24 03:00:00,44.654236
2012-04-24 04:00:00,62.54811
2012-04-24 05:00:00,62.54811
2012-04-24 06:00:00,63.838676
2012-04-24 07:00:00,74.403534
2012-04-24 08:00:00,82.959404
2012-04-24 09:00:00,172.4637
2012-04-24 10:00:00,167.39558
2012-04-24 11:00:00,251.11305
2012-04-24 12:00:00,279.5709
2012-04-24 13:00:00,296.2058
2012-04-24 14:00:00,292.29916
2012-04-24 15:00:00,261.99918
2012-04-24 16:00:00,325.18332
2012-04-24 17:00:00,284.92087
2012-04-24 18:00:00,352.36343
2012-04-24 19:00:00,309.7758
2012-04-24 20:00:00,278.5059
2012-04-24 21:00:00,219.53407
2012-04-24 22:00:00,178.34012
2012-04-24 23:00:00,155.50287
2012-04-25 00:00:00,147.16281
2012-04-25 01:00:00,128.6792
2012-04-25 02:00:00,68.69601
2012-04-25 03:00:00,53.28054
2012-04-25 04:00:00,58.551086
2012-04-25 05:00:00,62.373863
2012-04-25 06:00:00,62.373863
2012-04-25 07:00:00,55.263916
2012-04-25 08:00:00,46.320915
2012-04-25 09:00:00,117.168945
2012-04-25 10:00:00,207.26773
2012-04-25 11:00:00,246.93408
2012-04-25 12:00:00,331.5618
2012-04-25 13:00:00,357.78064
2012-04-25 14:00:00,330.18845
2012-04-25 15:00:00,412.0728
2012-04-25 16:00:00,360.53204
2012-04-25 17:00:00,376.07492
2012-04-25 18:00:00,383.8204
2012-04-25 19:00:00,430.39706
2012-04-25 20:00:00,378.6217
2012-04-25 21:00:00,205.18407
2012-04-25 22:00:00,162.72926
2012-04-25 23:00:00,154.83537
2012-04-26 00:00:00,146.06592
2012-04-26 01:00:00,148.09969
2012-04-26 02:00:00,142.90813
2012-04-26 03:00:00,140.63194
2012-04-26 04:00:00,138.1669
2012-04-26 05:00:00,128.25322
2012-04-26 06:00:00,134.26183
2012-04-26 07:00:00,85.27961
2012-04-26 08:00:00,80.876816
2012-04-26 09:00:00,80.62153
2012-04-26 10:00:00,87.67774
2012-04-26 11:00:00,95.817856
2012-04-26 12:00:00,130.03195
2012-04-26 13:00:00,126.0939
2012-04-26 14:00:00,143.23079
2012-04-26 15:00:00,121.7561
2012-04-26 16:00:00,129.69975
2012-04-26 17:00:00,135.90782
2012-04-26 18:00:00,143.23079
2012-04-26 19:00:00,140.9579
2012-04-26 20:00:00,141.407
2012-04-26 21:00:00,124.38383
2012-04-26 22:00:00,113.367035
2012-04-26 23:00:00,93.790146
2012-04-27 00:00:00,194.43852
2012-04-27 01:00:00,189.4811
2012-04-27 02:00:00,175.928
2012-04-27 03:00:00,194.46541
2012-04-27 04:00:00,179.96005
2012-04-27 05:00:00,189.59126
2012-04-27 06:00:00,169.55449
2012-04-27 07:00:00,136.46184
2012-04-27 08:00:00,107.21472
2012-04-27 09:00:00,189.49199
2012-04-27 10:00:00,221.37956
2012-04-27 11:00:00,216.67113
2012-04-27 12:00:00,228.24847
2012-04-27 13:00:00,239.31902
2012-04-27 14:00:00,237.43874
2012-04-27 15:00:00,282.96912
2012-04-27 16:00:00,308.30685
2012-04-27 17:00:00,314.73892
2012-04-27 18:00:00,322.71182
2012-04-27 19:00:00,307.1777
2012-04-27 20:00:00,248.19643
2012-04-27 21:00:00,220.67288
2012-04-27 22:00:00,190.26717
2012-04-27 23:00:00,180.9413
2012-04-28 00:00:00,129.99602
2012-04-28 01:00:00,129.16046
2012-04-28 02:00:00,133.13571
2012-04-28 03:00:00,117.99906
2012-04-28 04:00:00,104.08752
2012-04-28 05:00:00,112.16929
2012-04-28 06:00:00,109.986885
2012-04-28 07:00:00,104.08752
2012-04-28 08:00:00,145.34802
2012-04-28 09:00:00,131.25217
2012-04-28 10:00:00,172.78622
2012-04-28 11:00:00,154.55
2012-04-28 12:00:00,114.00572
2012-04-28 13:00:00,134.8379
2012-04-28 14:00:00,187.3765
2012-04-28 15:00:00,158.55386
2012-04-28 16:00:00,198.3864
2012-04-28 17:00:00,167.94122
2012-04-28 18:00:00,111.93555
2012-04-28 19:00:00,60.49379
2012-04-28 20:00:00,71.26478
2012-04-28 21:00:00,65.884254
2012-04-28 22:00:00,47.90641
2012-04-28 23:00:00,56.022865
2012-04-29 00:00:00,41.69201
2012-04-29 01:00:00,34.97838
2012-04-29 02:00:00,40.490143
2012-04-29 03:00:00,27.77093
2012-04-29 04:00:00,32.309105
2012-04-29 05:00:00,13.79836
2012-04-29 06:00:00,8.74067
2012-04-29 07:00:00,27.111412
2012-04-29 08:00:00,68.96805
2012-04-29 09:00:00,88.98862
2012-04-29 10:00:00,98.213974
2012-04-29 11:00:00,139.46205
2012-04-29 12:00:00,193.64183
2012-04-29 13:00:00,204.3611
2012-04-29 14:00:00,294.64517
2012-04-29 15:00:00,319.30692
2012-04-29 16:00:00,460.5901
2012-04-29 17:00:00,480.56128
2012-04-29 18:00:00,474.42593
2012-04-29 19:00:00,344.15955
2012-04-29 20:00:00,366.57092
2012-04-29 21:00:00,199.24803
2012-04-29 22:00:00,190.8884
2012-04-29 23:00:00,124.70481
2012-04-30 00:00:00,100.674614
2012-04-30 01:00:00,81.502754
2012-04-30 02:00:00,101.04792
2012-04-30 03:00:00,86.57122
2012-04-30 04:00:00,102.5193
2012-04-30 05:00:00,102.5193
2012-04-30 06:00:00,147.38896
2012-04-30 07:00:00,138.69981
2012-04-30 08:00:00,164.21883
2012-04-30 09:00:00,159.92358
2012-04-30 10:00:00,160.14659
2012-04-30 11:00:00,136.87286
2012-04-30 12:00:00,137.3525
2012-04-30 13:00:00,144.89923
2012-04-30 14:00:00,157.39662
2012-04-30 15:00:00,162.80367
2012-04-30 16:00:00,197.5887
2012-04-30 17:00:00,196.6209
2012-04-30 18:00:00,191.32701
2012-04-30 19:00:00,164.32536
2012-04-30 20:00:00,165.35237
2012-04-30 21:00:00,165.35237
2012-04-30 22:00:00,171.92365
2012-04-30 23:00:00,181.0436
2012-05-20 00:00:00,218.79393
2012-05-20 01:00:00,208.09277
2012-05-20 02:00:00,208.09277
2012-05-20 03:00:00,166.76237
2012-05-20 04:00:00,132.73811
2012-05-20 05:00:00,117.98738
2012-05-20 06:00:00,135.67049
2012-05-20 07:00:00,137.49683
2012-05-20 08:00:00,184.18239
2012-05-20 09:00:00,455.0449
2012-05-20 10:00:00,467.8359
2012-05-20 11:00:00,457.57236
2012-05-20 12:00:00,473.1589
2012-05-20 13:00:00,477.26913
2012-05-20 14:00:00,485.10577
2012-05-20 15:00:00,433.15707
2012-05-20 16:00:00,467.11752
2012-05-20 17:00:00,426.138
2012-05-20 18:00:00,335.26865
2012-05-20 19:00:00,250.92377
2012-05-20 20:00:00,250.9238
2012-05-20 21:00:00,214.42363
2012-05-20 22:00:00,186.6768
2012-05-20 23:00:00,132.05453
2012-05-21 00:00:00,121.751915
2012-05-21 01:00:00,117.21377
2012-05-21 02:00:00,113.89931
2012-05-21 03:00:00,138.9597
2012-05-21 04:00:00,113.16301
2012-05-21 05:00:00,113.16301
2012-05-21 06:00:00,113.16301
2012-05-21 07:00:00,113.16301
2012-05-21 08:00:00,116.56858
2012-05-21 09:00:00,118.83382
2012-05-21 10:00:00,122.88456
2012-05-21 11:00:00,164.38057
2012-05-21 12:00:00,161.74477
2012-05-21 13:00:00,135.9481
2012-05-21 14:00:00,140.48627
2012-05-21 15:00:00,192.5848
2012-05-21 16:00:00,197.74934
2012-05-21 17:00:00,222.47607
2012-05-21 18:00:00,175.97255
2012-05-21 19:00:00,199.48305
2012-05-21 20:00:00,191.55269
2012-05-21 21:00:00,179.86696
2012-05-21 22:00:00,185.00252
2012-05-21 23:00:00,205.11714
2012-05-22 00:00:00,152.11487
2012-05-22 01:00:00,151.74754
2012-05-22 02:00:00,149.08757
2012-05-22 03:00:00,149.08757
2012-05-22 04:00:00,136.96684
2012-05-22 05:00:00,121.10671
2012-05-22 06:00:00,132.88602
2012-05-22 07:00:00,132.88602
2012-05-22 08:00:00,133.90564
2012-05-22 09:00:00,156.30806
2012-05-22 10:00:00,169.68309
2012-05-22 11:00:00,161.68535
2012-05-22 12:00:00,178.2336
2012-05-22 13:00:00,198.97112
2012-05-22 14:00:00,198.93123
2012-05-22 15:00:00,254.41974
2012-05-22 16:00:00,251.30638
2012-05-22 17:00:00,250.51683
2012-05-22 18:00:00,262.84186
2012-05-22 19:00:00,225.61787
2012-05-22 20:00:00,206.16638
2012-05-22 21:00:00,161.45116
2012-05-22 22:00:00,166.42912
2012-05-22 23:00:00,168.55319
2012-05-23 00:00:00,161.45116
2012-05-23 01:00:00,142.99205
2012-05-23 02:00:00,164.38057
2012-05-23 03:00:00,149.94429
2012-05-23 04:00:00,131.91998
2012-05-23 05:00:00,116.56858
2012-05-23 06:00:00,110.17687
2012-05-23 07:00:00,118.69099
2012-05-23 08:00:00,118.69099
2012-05-23 09:00:00,168.90584
2012-05-23 10:00:00,155.8348
2012-05-23 11:00:00,165.67888
2012-05-23 12:00:00,223.84981
2012-05-23 13:00:00,201.7128
2012-05-23 14:00:00,251.10849
2012-05-23 15:00:00,234.85301
2012-05-23 16:00:00,212.548
2012-05-23 17:00:00,176.4579
2012-05-23 18:00:00,176.4579
2012-05-23 19:00:00,171.79996
2012-05-23 20:00:00,162.22565
2012-05-23 21:00:00,154.22786
2012-05-23 22:00:00,171.79996
2012-05-23 23:00:00,137.89922
2012-05-24 00:00:00,133.90927
2012-05-24 01:00:00,119.23127
2012-05-24 02:00:00,111.2335
2012-05-24 03:00:00,141.63007
2012-05-24 04:00:00,147.8232
2012-05-24 05:00:00,147.8232
2012-05-24 06:00:00,147.8232
2012-05-24 07:00:00,135.23924
2012-05-24 08:00:00,174.05235
2012-05-24 09:00:00,179.56999
2012-05-24 10:00:00,220.2762
2012-05-24 11:00:00,236.26965
2012-05-24 12:00:00,268.98752
2012-05-24 13:00:00,310.36136
2012-05-24 14:00:00,327.74307
2012-05-24 15:00:00,332.25186
2012-05-24 16:00:00,348.06287
2012-05-24 17:00:00,336.7758
2012-05-24 18:00:00,335.20508
2012-05-24 19:00:00,310.8712
2012-05-24 20:00:00,222.88799
2012-05-24 21:00:00,162.13103
2012-05-24 22:00:00,181.37042
2012-05-24 23:00:00,186.27669
2012-05-25 00:00:00,145.14677
2012-05-25 01:00:00,141.15681
2012-05-25 02:00:00,154.22786
2012-05-25 03:00:00,148.85059
2012-05-25 04:00:00,139.52284
2012-05-25 05:00:00,147.52058
2012-05-25 06:00:00,148.85059
2012-05-25 07:00:00,155.21637
2012-05-25 08:00:00,153.97925
2012-05-25 09:00:00,156.63924
2012-05-25 10:00:00,186.68039
2012-05-25 11:00:00,181.16275
2012-05-25 12:00:00,258.42102
2012-05-25 13:00:00,286.57825
2012-05-25 14:00:00,298.03378
2012-05-25 15:00:00,322.11844
2012-05-25 16:00:00,353.11606
2012-05-25 17:00:00,343.13416
2012-05-25 18:00:00,322.11844
2012-05-25 19:00:00,325.70038
2012-05-25 20:00:00,271.56375
2012-05-25 21:00:00,259.9896
2012-05-25 22:00:00,180.84544
2012-05-25 23:00:00,188.8419
2012-05-26 00:00:00,149.18222
2012-05-26 01:00:00,143.66458
2012-05-26 02:00:00,128.54314
2012-05-26 03:00:00,119.12642
2012-05-26 04:00:00,123.64402
2012-05-26 05:00:00,162.2612
2012-05-26 06:00:00,134.66083
2012-05-26 07:00:00,144.52773
2012-05-26 08:00:00,160.22195
2012-05-26 09:00:00,154.68138
2012-05-26 10:00:00,193.03102
2012-05-26 11:00:00,214.59706
2012-05-26 12:00:00,275.0653
2012-05-26 13:00:00,300.08102
2012-05-26 14:00:00,298.51096
2012-05-26 15:00:00,295.37613
2012-05-26 16:00:00,369.36142
2012-05-26 17:00:00,336.1898
2012-05-26 18:00:00,312.4981
2012-05-26 19:00:00,271.60275
2012-05-26 20:00:00,296.7289
2012-05-26 21:00:00,281.69742
2012-05-26 22:00:00,225.8432
2012-05-26 23:00:00,225.8432
2012-05-27 00:00:00,201.14165
2012-05-27 01:00:00,196.70343
2012-05-27 02:00:00,188.63338
2012-05-27 03:00:00,182.32318
2012-05-27 04:00:00,151.24442
2012-05-27 05:00:00,151.24442
2012-05-27 06:00:00,145.74522
2012-05-27 07:00:00,129.16165
2012-05-27 08:00:00,154.68138
2012-05-27 09:00:00,171.57454
2012-05-27 10:00:00,210.27814
2012-05-27 11:00:00,258.6453
2012-05-27 12:00:00,273.50052
2012-05-27 13:00:00,344.42697
2012-05-27 14:00:00,347.7529
2012-05-27 15:00:00,383.02808
2012-05-27 16:00:00,383.02808
2012-05-27 17:00:00,425.26288
2012-05-27 18:00:00,345.49985
2012-05-27 19:00:00,344.42697
2012-05-27 20:00:00,330.85236
2012-05-27 21:00:00,196.21623
2012-05-27 22:00:00,145.29637
2012-05-27 23:00:00,126.66764
2012-05-28 00:00:00,165.84494
2012-05-28 01:00:00,155.0598
2012-05-28 02:00:00,158.07896
2012-05-28 03:00:00,183.11086
2012-05-28 04:00:00,157.30206
2012-05-28 05:00:00,157.30206
2012-05-28 06:00:00,183.11086
2012-05-28 07:00:00,159.0854
2012-05-28 08:00:00,193.38152
2012-05-28 09:00:00,252.27562
2012-05-28 10:00:00,252.27562
2012-05-28 11:00:00,278.5584
2012-05-28 12:00:00,323.45285
2012-05-28 13:00:00,377.4105
2012-05-28 14:00:00,377.4105
2012-05-28 15:00:00,398.77426
2012-05-28 16:00:00,403.50143
2012-05-28 17:00:00,398.77426
2012-05-28 18:00:00,382.87744
2012-05-28 19:00:00,386.01517
2012-05-28 20:00:00,354.333
2012-05-28 21:00:00,311.599
2012-05-28 22:00:00,267.66507
2012-05-28 23:00:00,232.21327
2012-05-29 00:00:00,203.55508
2012-05-29 01:00:00,203.55508
2012-05-29 02:00:00,171.08179
2012-05-29 03:00:00,208.71399
2012-05-29 04:00:00,188.8419
2012-05-29 05:00:00,188.8419
2012-05-29 06:00:00,188.8419
2012-05-29 07:00:00,188.8419
2012-05-29 08:00:00,218.70793
2012-05-29 09:00:00,271.24582
2012-05-29 10:00:00,292.3489
2012-05-29 11:00:00,345.38855
2012-05-29 12:00:00,379.67566
2012-05-29 13:00:00,390.52563
2012-05-29 14:00:00,390.8868
2012-05-29 15:00:00,386.59656
2012-05-29 16:00:00,426.10196
2012-05-29 17:00:00,427.23886
2012-05-29 18:00:00,402.75568
2012-05-29 19:00:00,368.67938
2012-05-29 20:00:00,278.66403
2012-05-29 21:00:00,124.08883
2012-05-29 22:00:00,147.52058
2012-05-29 23:00:00,143.79478
2012-05-30 00:00:00,162.91972
2012-05-30 01:00:00,151.55544
2012-05-30 02:00:00,151.79256
2012-05-30 03:00:00,149.4417
2012-05-30 04:00:00,151.51054
2012-05-30 05:00:00,182.8397
2012-05-30 06:00:00,171.0131
2012-05-30 07:00:00,146.14992
2012-05-30 08:00:00,179.85292
2012-05-30 09:00:00,198.49995
2012-05-30 10:00:00,205.5234
2012-05-30 11:00:00,238.96126
2012-05-30 12:00:00,241.98163
2012-05-30 13:00:00,249.06935
2012-05-30 14:00:00,321.8616
2012-05-30 15:00:00,309.80682
2012-05-30 16:00:00,314.39706
2012-05-30 17:00:00,309.12527
2012-05-30 18:00:00,326.28854
2012-05-30 19:00:00,310.36136
2012-05-30 20:00:00,171.98128
2012-05-30 21:00:00,263.03976
2012-05-30 22:00:00,200.48528
2012-05-30 23:00:00,230.66547
2012-05-31 00:00:00,191.55269
2012-05-31 01:00:00,186.0992
2012-05-31 02:00:00,212.08336
2012-05-31 03:00:00,179.86696
2012-05-31 04:00:00,180.1894
2012-05-31 05:00:00,218.8127
2012-05-31 06:00:00,187.1498
2012-05-31 07:00:00,229.48311
2012-05-31 08:00:00,278.38608
2012-05-31 09:00:00,303.3212
2012-05-31 10:00:00,393.98364
2012-05-31 11:00:00,403.2169
2012-05-31 12:00:00,374.42453
2012-05-31 13:00:00,391.48657
2012-05-31 14:00:00,429.42117
2012-05-31 15:00:00,461.80673
2012-05-31 16:00:00,457.36697
2012-05-31 17:00:00,413.20743
2012-05-31 18:00:00,440.5155
2012-05-31 19:00:00,401.79178
2012-05-31 20:00:00,305.89774
2012-05-31 21:00:00,305.89774
2012-05-31 22:00:00,285.03882
2012-05-31 23:00:00,289.8915
2012-06-20 00:00:00,203.55508
2012-06-20 01:00:00,192.17955
2012-06-20 02:00:00,165.22389
2012-06-20 03:00:00,159.70625
2012-06-20 04:00:00,155.62483
2012-06-20 05:00:00,155.62483
2012-06-20 06:00:00,152.64926
2012-06-20 07:00:00,151.872
2012-06-20 08:00:00,209.1615
2012-06-20 09:00:00,233.08766
2012-06-20 10:00:00,362.52487
2012-06-20 11:00:00,328.4227
2012-06-20 12:00:00,297.3979
2012-06-20 13:00:00,284.2915
2012-06-20 14:00:00,333.79022
2012-06-20 15:00:00,320.63107
2012-06-20 16:00:00,306.43558
2012-06-20 17:00:00,329.0285
2012-06-20 18:00:00,329.02838
2012-06-20 19:00:00,384.24765
2012-06-20 20:00:00,357.6694
2012-06-20 21:00:00,318.74734
2012-06-20 22:00:00,337.04105
2012-06-20 23:00:00,308.1174
2012-06-21 00:00:00,241.56233
2012-06-21 01:00:00,186.27254
2012-06-21 02:00:00,183.49635
2012-06-21 03:00:00,198.4258
2012-06-21 04:00:00,150.51955
2012-06-21 05:00:00,153.26915
2012-06-21 06:00:00,171.9081
2012-06-21 07:00:00,171.9081
2012-06-21 08:00:00,207.28755
2012-06-21 09:00:00,348.40924
2012-06-21 10:00:00,321.7089
2012-06-21 11:00:00,355.0817
2012-06-21 12:00:00,350.41806
2012-06-21 13:00:00,333.4744
2012-06-21 14:00:00,373.5646
2012-06-21 15:00:00,335.8187
2012-06-21 16:00:00,357.53207
2012-06-21 17:00:00,355.384
2012-06-21 18:00:00,367.16675
2012-06-21 19:00:00,371.13086
2012-06-21 20:00:00,355.29056
2012-06-21 21:00:00,360.8778
2012-06-21 22:00:00,329.67386
2012-06-21 23:00:00,310.58942
2012-06-22 00:00:00,258.86142
2012-06-22 01:00:00,265.3862
2012-06-22 02:00:00,193.44098
2012-06-22 03:00:00,193.44098
2012-06-22 04:00:00,239.32156
2012-06-22 05:00:00,247.38564
2012-06-22 06:00:00,226.42131
2012-06-22 07:00:00,298.41324
2012-06-22 08:00:00,309.08932
2012-06-22 09:00:00,321.101
2012-06-22 10:00:00,375.50375
2012-06-22 11:00:00,351.03186
2012-06-22 12:00:00,326.81638
2012-06-22 13:00:00,371.13086
2012-06-22 14:00:00,371.13086
2012-06-22 15:00:00,392.82193
2012-06-22 16:00:00,358.28867
2012-06-22 17:00:00,450.7208
2012-06-22 18:00:00,309.77878
2012-06-22 19:00:00,331.66537
2012-06-22 20:00:00,331.66537
2012-06-22 21:00:00,215.4156
2012-06-22 22:00:00,210.90503
2012-06-22 23:00:00,180.29091
2012-06-23 00:00:00,55.065727
2012-06-23 01:00:00,112.73385
2012-06-23 02:00:00,121.21398
2012-06-23 03:00:00,129.15004
2012-06-23 04:00:00,123.47926
2012-06-23 05:00:00,121.21398
2012-06-23 06:00:00,59.537994
2012-06-23 07:00:00,79.94079
2012-06-23 08:00:00,203.4474
2012-06-23 09:00:00,286.38226
2012-06-23 10:00:00,327.48438
2012-06-23 11:00:00,436.47958
2012-06-23 12:00:00,513.6595
2012-06-23 13:00:00,494.60544
2012-06-23 14:00:00,513.8862
2012-06-23 15:00:00,481.9666
2012-06-23 16:00:00,478.6443
2012-06-23 17:00:00,471.18115
2012-06-23 18:00:00,483.73
2012-06-23 19:00:00,489.02582
2012-06-23 20:00:00,511.99326
2012-06-23 21:00:00,533.03595
2012-06-23 22:00:00,529.35815
2012-06-23 23:00:00,406.0662
2012-06-24 00:00:00,303.29074
2012-06-24 01:00:00,236.90132
2012-06-24 02:00:00,228.78972
2012-06-24 03:00:00,208.07643
2012-06-24 04:00:00,199.62843
2012-06-24 05:00:00,136.41118
2012-06-24 06:00:00,162.65132
2012-06-24 07:00:00,128.2051
2012-06-24 08:00:00,218.6052
2012-06-24 09:00:00,314.62137
2012-06-24 10:00:00,483.60345
2012-06-24 11:00:00,516.70245
2012-06-24 12:00:00,506.3975
2012-06-24 13:00:00,500.95078
2012-06-24 14:00:00,473.0573
2012-06-24 15:00:00,456.59756
2012-06-24 16:00:00,471.19693
2012-06-24 17:00:00,477.26974
2012-06-24 18:00:00,487.49136
2012-06-24 19:00:00,506.42862
2012-06-24 20:00:00,488.97284
2012-06-24 21:00:00,355.1583
2012-06-24 22:00:00,303.52686
2012-06-24 23:00:00,300.42783
2012-06-25 00:00:00,301.38965
2012-06-25 01:00:00,280.16995
2012-06-25 02:00:00,248.06923
2012-06-25 03:00:00,239.23657
2012-06-25 04:00:00,169.60692
2012-06-25 05:00:00,159.81802
2012-06-25 06:00:00,109.95934
2012-06-25 07:00:00,187.95354
2012-06-25 08:00:00,206.24663
2012-06-25 09:00:00,274.30038
2012-06-25 10:00:00,313.72327
2012-06-25 11:00:00,421.8377
2012-06-25 12:00:00,355.67432
2012-06-25 13:00:00,319.99536
2012-06-25 14:00:00,419.8303
2012-06-25 15:00:00,472.37643
2012-06-25 16:00:00,448.56216
2012-06-25 17:00:00,409.3658
2012-06-25 18:00:00,484.37704
2012-06-25 19:00:00,487.06058
2012-06-25 20:00:00,483.7336
2012-06-25 21:00:00,454.24942
2012-06-25 22:00:00,447.77042
2012-06-25 23:00:00,410.40164
2012-06-26 00:00:00,397.4268
2012-06-26 01:00:00,372.48404
2012-06-26 02:00:00,290.67365
2012-06-26 03:00:00,280.7064
2012-06-26 04:00:00,280.207
2012-06-26 05:00:00,269.51398
2012-06-26 06:00:00,258.35223
2012-06-26 07:00:00,255.31267
2012-06-26 08:00:00,278.36874
2012-06-26 09:00:00,289.00125
2012-06-26 10:00:00,349.95758
2012-06-26 11:00:00,392.41812
2012-06-26 12:00:00,417.6918
2012-06-26 13:00:00,469.5028
2012-06-26 14:00:00,469.5028
2012-06-26 15:00:00,495.55112
2012-06-26 16:00:00,462.17307
2012-06-26 17:00:00,485.99
2012-06-26 18:00:00,465.76572
2012-06-26 19:00:00,441.45016
2012-06-26 20:00:00,453.13565
2012-06-26 21:00:00,434.52774
2012-06-26 22:00:00,418.83224
2012-06-26 23:00:00,314.67508
2012-06-27 00:00:00,329.18686
2012-06-27 01:00:00,284.32492
2012-06-27 02:00:00,235.80008
2012-06-27 03:00:00,234.91614
2012-06-27 04:00:00,343.86768
2012-06-27 05:00:00,313.34848
2012-06-27 06:00:00,277.46286
2012-06-27 07:00:00,325.24738
2012-06-27 08:00:00,336.66516
2012-06-27 09:00:00,375.90738
2012-06-27 10:00:00,428.84207
2012-06-27 11:00:00,448.5745
2012-06-27 12:00:00,433.95963
2012-06-27 13:00:00,434.07773
2012-06-27 14:00:00,446.0566
2012-06-27 15:00:00,439.50293
2012-06-27 16:00:00,406.99152
2012-06-27 17:00:00,436.9699
2012-06-27 18:00:00,434.07773
2012-06-27 19:00:00,439.02036
2012-06-27 20:00:00,438.8211
2012-06-27 21:00:00,460.04077
2012-06-27 22:00:00,388.88745
2012-06-27 23:00:00,275.25357
2012-06-28 00:00:00,218.92319
2012-06-28 01:00:00,178.36803
2012-06-28 02:00:00,215.30132
2012-06-28 03:00:00,215.30132
2012-06-28 04:00:00,183.3716
2012-06-28 05:00:00,198.58115
2012-06-28 06:00:00,198.58115
2012-06-28 07:00:00,183.3716
2012-06-28 08:00:00,226.16695
2012-06-28 09:00:00,268.72137
2012-06-28 10:00:00,312.20267
2012-06-28 11:00:00,419.20444
2012-06-28 12:00:00,409.11563
2012-06-28 13:00:00,381.69098
2012-06-28 14:00:00,415.92252
2012-06-28 15:00:00,415.92252
2012-06-28 16:00:00,370.1741
2012-06-28 17:00:00,371.0002
2012-06-28 18:00:00,384.78445
2012-06-28 19:00:00,407.9684
2012-06-28 20:00:00,411.70673
2012-06-28 21:00:00,318.3417
2012-06-28 22:00:00,319.49802
2012-06-28 23:00:00,297.6909
2012-06-29 00:00:00,297.6909
2012-06-29 01:00:00,294.72098
2012-06-29 02:00:00,293.02945
2012-06-29 03:00:00,293.02945
2012-06-29 04:00:00,258.61005
2012-06-29 05:00:00,235.50102
2012-06-29 06:00:00,240.68965
2012-06-29 07:00:00,235.50102
2012-06-29 08:00:00,257.86612
2012-06-29 09:00:00,313.72327
2012-06-29 10:00:00,369.3583
2012-06-29 11:00:00,531.1892
2012-06-29 12:00:00,561.0064
2012-06-29 13:00:00,322.0423
2012-06-29 14:00:00,325.319
2012-06-29 15:00:00,297.13647
2012-06-29 16:00:00,297.13647
2012-06-29 17:00:00,309.99292
2012-06-29 18:00:00,319.02032
2012-06-29 19:00:00,298.85318
2012-06-29 20:00:00,340.31027
2012-06-29 21:00:00,352.7591
2012-06-29 22:00:00,289.28192
2012-06-29 23:00:00,289.28192
2012-06-30 00:00:00,95.013306
2012-06-30 01:00:00,90.47515
2012-06-30 02:00:00,103.99622
2012-06-30 03:00:00,103.99622
2012-06-30 04:00:00,61.87162
2012-06-30 05:00:00,72.01381
2012-06-30 06:00:00,72.01381
2012-06-30 07:00:00,72.01381
2012-06-30 08:00:00,72.01381
2012-06-30 09:00:00,72.01381
2012-06-30 10:00:00,442.71896
2012-06-30 11:00:00,442.71896
2012-06-30 12:00:00,442.71896
2012-06-30 13:00:00,442.71896
2012-06-30 14:00:00,442.71896
2012-06-30 15:00:00,442.71896
2012-06-30 16:00:00,434.5593
2012-06-30 17:00:00,459.36166
2012-06-30 18:00:00,467.27158
2012-06-30 19:00:00,497.79706
2012-06-30 20:00:00,436.98114
2012-06-30 21:00:00,436.98114
2012-06-30 22:00:00,334.54105
2012-06-30 23:00:00,320.25293
2012-07-20 00:00:00,136.19598
2012-07-20 01:00:00,83.36089
2012-07-20 02:00:00,132.57347
2012-07-20 03:00:00,135.32307
2012-07-20 04:00:00,146.33986
2012-07-20 05:00:00,140.82225
2012-07-20 06:00:00,146.33986
2012-07-20 07:00:00,151.83904
2012-07-20 08:00:00,174.43602
2012-07-20 09:00:00,200.67351
2012-07-20 10:00:00,198.15022
2012-07-20 11:00:00,213.74333
2012-07-20 12:00:00,149.05702
2012-07-20 13:00:00,156.34761
2012-07-20 14:00:00,161.72577
2012-07-20 15:00:00,189.21976
2012-07-20 16:00:00,179.13766
2012-07-20 17:00:00,149.33818
2012-07-20 18:00:00,178.05455
2012-07-20 19:00:00,144.13193
2012-07-20 20:00:00,149.56694
2012-07-20 21:00:00,132.47264
2012-07-20 22:00:00,143.01006
2012-07-20 23:00:00,137.73383
2012-07-21 00:00:00,111.06728
2012-07-21 01:00:00,112.7333
2012-07-21 02:00:00,83.13083
2012-07-21 03:00:00,80.26084
2012-07-21 04:00:00,82.20801
2012-07-21 05:00:00,79.50825
2012-07-21 06:00:00,79.50825
2012-07-21 07:00:00,92.146706
2012-07-21 08:00:00,94.37112
2012-07-21 09:00:00,98.90925
2012-07-21 10:00:00,79.50825
2012-07-21 11:00:00,102.93736
2012-07-21 12:00:00,91.82746
2012-07-21 13:00:00,83.9441
2012-07-21 14:00:00,97.29632
2012-07-21 15:00:00,80.26084
2012-07-21 16:00:00,76.03774
2012-07-21 17:00:00,78.30304
2012-07-21 18:00:00,101.83447
2012-07-21 19:00:00,104.09973
2012-07-21 20:00:00,78.30304
2012-07-21 21:00:00,104.09974
2012-07-21 22:00:00,101.88218
2012-07-21 23:00:00,68.37334
2012-07-22 00:00:00,101.88218
2012-07-22 01:00:00,104.09974
2012-07-22 02:00:00,101.88218
2012-07-22 03:00:00,101.88218
2012-07-22 04:00:00,47.346535
2012-07-22 05:00:00,47.346535
2012-07-22 06:00:00,124.00048
2012-07-22 07:00:00,110.49807
2012-07-22 08:00:00,133.59541
2012-07-22 09:00:00,186.07866
2012-07-22 10:00:00,164.86613
2012-07-22 11:00:00,164.86613
2012-07-22 12:00:00,208.24516
2012-07-22 13:00:00,233.21162
2012-07-22 14:00:00,258.24368
2012-07-22 15:00:00,258.24368
2012-07-22 16:00:00,274.28723
2012-07-22 17:00:00,273.38052
2012-07-22 18:00:00,276.42807
2012-07-22 19:00:00,232.76099
2012-07-22 20:00:00,196.35179
2012-07-22 21:00:00,161.20418
2012-07-22 22:00:00,202.60545
2012-07-22 23:00:00,160.36554
2012-07-23 00:00:00,66.34382
2012-07-23 01:00:00,106.08837
2012-07-23 02:00:00,121.25611
2012-07-23 03:00:00,121.25611
2012-07-23 04:00:00,128.22105
2012-07-23 05:00:00,128.22105
2012-07-23 06:00:00,147.93135
2012-07-23 07:00:00,158.7683
2012-07-23 08:00:00,183.49635
2012-07-23 09:00:00,249.18709
2012-07-23 10:00:00,259.93604
2012-07-23 11:00:00,307.00922
2012-07-23 12:00:00,307.00922
2012-07-23 13:00:00,297.7568
2012-07-23 14:00:00,289.65256
2012-07-23 15:00:00,348.40924
2012-07-23 16:00:00,355.44138
2012-07-23 17:00:00,355.44138
2012-07-23 18:00:00,348.6488
2012-07-23 19:00:00,359.461
2012-07-23 20:00:00,302.78757
2012-07-23 21:00:00,312.16516
2012-07-23 22:00:00,298.69833
2012-07-23 23:00:00,273.2656
2012-07-24 00:00:00,205.2177
2012-07-24 01:00:00,164.71497
2012-07-24 02:00:00,121.86024
2012-07-24 03:00:00,121.86024
2012-07-24 04:00:00,93.46039
2012-07-24 05:00:00,99.13276
2012-07-24 06:00:00,110.477455
2012-07-24 07:00:00,210.69792
2012-07-24 08:00:00,281.97522
2012-07-24 09:00:00,317.6199
2012-07-24 10:00:00,377.44583
2012-07-24 11:00:00,359.20877
2012-07-24 12:00:00,327.295
2012-07-24 13:00:00,354.49127
2012-07-24 14:00:00,343.03873
2012-07-24 15:00:00,369.7729
2012-07-24 16:00:00,364.60477
2012-07-24 17:00:00,370.92886
2012-07-24 18:00:00,332.69662
2012-07-24 19:00:00,302.78757
2012-07-24 20:00:00,282.17313
2012-07-24 21:00:00,302.5294
2012-07-24 22:00:00,307.08176
2012-07-24 23:00:00,323.497
2012-07-25 00:00:00,308.99326
2012-07-25 01:00:00,276.5704
2012-07-25 02:00:00,266.9175
2012-07-25 03:00:00,238.17905
2012-07-25 04:00:00,213.32103
2012-07-25 05:00:00,203.45563
2012-07-25 06:00:00,210.67857
2012-07-25 07:00:00,282.90958
2012-07-25 08:00:00,379.68265
2012-07-25 09:00:00,442.67538
2012-07-25 10:00:00,404.7258
2012-07-25 11:00:00,432.3412
2012-07-25 12:00:00,432.3412
2012-07-25 13:00:00,431.36398
2012-07-25 14:00:00,417.31143
2012-07-25 15:00:00,437.2103
2012-07-25 16:00:00,414.96817
2012-07-25 17:00:00,419.43146
2012-07-25 18:00:00,410.73965
2012-07-25 19:00:00,450.07132
2012-07-25 20:00:00,406.85214
2012-07-25 21:00:00,324.17865
2012-07-25 22:00:00,257.43457
2012-07-25 23:00:00,289.5729
2012-07-26 00:00:00,235.53658
2012-07-26 01:00:00,238.17905
2012-07-26 02:00:00,217.65004
2012-07-26 03:00:00,215.01643
2012-07-26 04:00:00,173.86223
2012-07-26 05:00:00,173.86223
2012-07-26 06:00:00,169.60692
2012-07-26 07:00:00,227.36253
2012-07-26 08:00:00,226.79602
2012-07-26 09:00:00,239.9875
2012-07-26 10:00:00,287.71487
2012-07-26 11:00:00,346.43747
2012-07-26 12:00:00,355.93018
2012-07-26 13:00:00,321.96072
2012-07-26 14:00:00,310.93826
2012-07-26 15:00:00,363.36234
2012-07-26 16:00:00,402.42734
2012-07-26 17:00:00,417.85782
2012-07-26 18:00:00,391.66934
2012-07-26 19:00:00,371.34036
2012-07-26 20:00:00,331.03925
2012-07-26 21:00:00,454.43716
2012-07-26 22:00:00,454.43716
2012-07-26 23:00:00,249.95801
2012-07-27 00:00:00,194.21483
2012-07-27 01:00:00,238.42253
2012-07-27 02:00:00,171.36954
2012-07-27 03:00:00,210.69792
2012-07-27 04:00:00,154.5999
2012-07-27 05:00:00,139.33516
2012-07-27 06:00:00,154.5999
2012-07-27 07:00:00,266.1911
2012-07-27 08:00:00,266.19595
2012-07-27 09:00:00,366.75668
2012-07-27 10:00:00,350.72366
2012-07-27 11:00:00,380.33838
2012-07-27 12:00:00,372.14053
2012-07-27 13:00:00,371.26947
2012-07-27 14:00:00,358.297
2012-07-27 15:00:00,373.2194
2012-07-27 16:00:00,359.1844
2012-07-27 17:00:00,382.16718
2012-07-27 18:00:00,360.7339
2012-07-27 19:00:00,360.8778
2012-07-27 20:00:00,301.92307
2012-07-27 21:00:00,301.92307
2012-07-27 22:00:00,313.52466
2012-07-27 23:00:00,231.51208
2012-07-28 00:00:00,300.0518
2012-07-28 01:00:00,221.47496
2012-07-28 02:00:00,200.5754
2012-07-28 03:00:00,200.5754
2012-07-28 04:00:00,182.30168
2012-07-28 05:00:00,160.36554
2012-07-28 06:00:00,192.07803
2012-07-28 07:00:00,229.66777
2012-07-28 08:00:00,276.42807
2012-07-28 09:00:00,330.6868
2012-07-28 10:00:00,456.8378
2012-07-28 11:00:00,494.1472
2012-07-28 12:00:00,492.23886
2012-07-28 13:00:00,468.38168
2012-07-28 14:00:00,470.5373
2012-07-28 15:00:00,450.43094
2012-07-28 16:00:00,474.08838
2012-07-28 17:00:00,485.79477
2012-07-28 18:00:00,503.32767
2012-07-28 19:00:00,94.390656
2012-07-28 20:00:00,140.2383
2012-07-28 21:00:00,95.71679
2012-07-28 22:00:00,95.71679
2012-07-28 23:00:00,89.110954
2012-07-29 00:00:00,79.01145
2012-07-29 01:00:00,94.78333
2012-07-29 02:00:00,141.8915
2012-07-29 03:00:00,182.80089
2012-07-29 04:00:00,154.58046
2012-07-29 05:00:00,117.637505
2012-07-29 06:00:00,139.50378
2012-07-29 07:00:00,190.46645
2012-07-29 08:00:00,238.75931
2012-07-29 09:00:00,283.46713
2012-07-29 10:00:00,242.67332
2012-07-29 11:00:00,355.1583
2012-07-29 12:00:00,389.91577
2012-07-29 13:00:00,470.76227
2012-07-29 14:00:00,492.47067
2012-07-29 15:00:00,501.5745
2012-07-29 16:00:00,501.5745
2012-07-29 17:00:00,505.86874
2012-07-29 18:00:00,515.5379
2012-07-29 19:00:00,335.30157
2012-07-29 20:00:00,274.28723
2012-07-29 21:00:00,229.66777
2012-07-29 22:00:00,192.07803
2012-07-29 23:00:00,158.3549
2012-07-30 00:00:00,197.02486
2012-07-30 01:00:00,177.0588
2012-07-30 02:00:00,137.97096
2012-07-30 03:00:00,72.41682
2012-07-30 04:00:00,72.41682
2012-07-30 05:00:00,99.13276
2012-07-30 06:00:00,121.86024
2012-07-30 07:00:00,163.12077
2012-07-30 08:00:00,234.6986
2012-07-30 09:00:00,217.11131
2012-07-30 10:00:00,267.90176
2012-07-30 11:00:00,285.84476
2012-07-30 12:00:00,268.13254
2012-07-30 13:00:00,351.03186
2012-07-30 14:00:00,364.3408
2012-07-30 15:00:00,374.25253
2012-07-30 16:00:00,382.74524
2012-07-30 17:00:00,339.17126
2012-07-30 18:00:00,351.1674
2012-07-30 19:00:00,360.0316
2012-07-30 20:00:00,271.67133
2012-07-30 21:00:00,266.1911
2012-07-30 22:00:00,228.31726
2012-07-30 23:00:00,216.1598
2012-07-31 00:00:00,153.33217
2012-07-31 01:00:00,110.477455
2012-07-31 02:00:00,110.477486
2012-07-31 03:00:00,93.46041
2012-07-31 04:00:00,93.46039
2012-07-31 05:00:00,121.86024
2012-07-31 06:00:00,76.36325
2012-07-31 07:00:00,166.4475
2012-07-31 08:00:00,171.36952
2012-07-31 09:00:00,238.42253
2012-07-31 10:00:00,201.59286
2012-07-31 11:00:00,250.9597
2012-07-31 12:00:00,324.7897
2012-07-31 13:00:00,362.29556
2012-07-31 14:00:00,362.29556
2012-07-31 15:00:00,291.2134
2012-07-31 16:00:00,321.101
2012-07-31 17:00:00,339.85828
2012-07-31 18:00:00,332.2281
2012-07-31 19:00:00,257.56635
2012-07-31 20:00:00,201.01302
2012-07-31 21:00:00,171.36508
2012-07-31 22:00:00,212.31506
2012-07-31 23:00:00,162.43047
2012-08-20 00:00:00,132.19505
2012-08-20 01:00:00,77.29411
2012-08-20 02:00:00,77.29411
2012-08-20 03:00:00,62.690018
2012-08-20 04:00:00,128.56201
2012-08-20 05:00:00,100.50172
2012-08-20 06:00:00,144.623
2012-08-20 07:00:00,153.18925
2012-08-20 08:00:00,167.55383
2012-08-20 09:00:00,179.35782
2012-08-20 10:00:00,190.92726
2012-08-20 11:00:00,193.69801
2012-08-20 12:00:00,211.67412
2012-08-20 13:00:00,257.43457
2012-08-20 14:00:00,287.22357
2012-08-20 15:00:00,307.27747
2012-08-20 16:00:00,307.27747
2012-08-20 17:00:00,296.7577
2012-08-20 18:00:00,154.1975
2012-08-20 19:00:00,149.03293
2012-08-20 20:00:00,137.73383
2012-08-20 21:00:00,73.17189
2012-08-20 22:00:00,100.50172
2012-08-20 23:00:00,100.50172
2012-08-21 00:00:00,128.56201
2012-08-21 01:00:00,137.6942
2012-08-21 02:00:00,116.8195
2012-08-21 03:00:00,65.45269
2012-08-21 04:00:00,65.45269
2012-08-21 05:00:00,71.32925
2012-08-21 06:00:00,72.52311
2012-08-21 07:00:00,82.323044
2012-08-21 08:00:00,84.71077
2012-08-21 09:00:00,130.70575
2012-08-21 10:00:00,202.02226
2012-08-21 11:00:00,195.04707
2012-08-21 12:00:00,291.84363
2012-08-21 13:00:00,367.0173
2012-08-21 14:00:00,433.0135
2012-08-21 15:00:00,416.1567
2012-08-21 16:00:00,416.1567
2012-08-21 17:00:00,324.89395
2012-08-21 18:00:00,302.659
2012-08-21 19:00:00,144.34914
2012-08-21 20:00:00,110.63122
2012-08-21 21:00:00,110.63122
2012-08-21 22:00:00,82.680756
2012-08-21 23:00:00,72.91785
2012-08-22 00:00:00,72.50029
2012-08-22 01:00:00,80.07287
2012-08-22 02:00:00,80.07287
2012-08-22 03:00:00,80.07287
2012-08-22 04:00:00,72.51276
2012-08-22 05:00:00,80.31988
2012-08-22 06:00:00,106.631454
2012-08-22 07:00:00,80.07287
2012-08-22 08:00:00,118.124115
2012-08-22 09:00:00,155.4647
2012-08-22 10:00:00,227.65587
2012-08-22 11:00:00,250.68721
2012-08-22 12:00:00,227.933
2012-08-22 13:00:00,301.75394
2012-08-22 14:00:00,339.5411
2012-08-22 15:00:00,308.99765
2012-08-22 16:00:00,241.4785
2012-08-22 17:00:00,241.4785
2012-08-22 18:00:00,205.0913
2012-08-22 19:00:00,180.29091
2012-08-22 20:00:00,157.85455
2012-08-22 21:00:00,110.63122
2012-08-22 22:00:00,110.63122
2012-08-22 23:00:00,73.73606
2012-08-23 00:00:00,82.680756
2012-08-23 01:00:00,72.91785
2012-08-23 02:00:00,72.91785
2012-08-23 03:00:00,71.30642
2012-08-23 04:00:00,72.91785
2012-08-23 05:00:00,72.91785
2012-08-23 06:00:00,102.89286
2012-08-23 07:00:00,136.8648
2012-08-23 08:00:00,195.88054
2012-08-23 09:00:00,199.32231
2012-08-23 10:00:00,267.3778
2012-08-23 11:00:00,298.13205
2012-08-23 12:00:00,406.0921
2012-08-23 13:00:00,390.06775
2012-08-23 14:00:00,372.6397
2012-08-23 15:00:00,345.56192
2012-08-23 16:00:00,316.85632
2012-08-23 17:00:00,368.5647
2012-08-23 18:00:00,319.4707
2012-08-23 19:00:00,268.32578
2012-08-23 20:00:00,235.50102
2012-08-23 21:00:00,251.19136
2012-08-23 22:00:00,221.63351
2012-08-23 23:00:00,186.41301
2012-08-24 00:00:00,186.41301
2012-08-24 01:00:00,174.46016
2012-08-24 02:00:00,131.08325
2012-08-24 03:00:00,110.63122
2012-08-24 04:00:00,174.46016
2012-08-24 05:00:00,82.680756
2012-08-24 06:00:00,118.83667
2012-08-24 07:00:00,148.58922
2012-08-24 08:00:00,180.29091
2012-08-24 09:00:00,228.7657
2012-08-24 10:00:00,259.19336
2012-08-24 11:00:00,275.38892
2012-08-24 12:00:00,286.89816
2012-08-24 13:00:00,375.85623
2012-08-24 14:00:00,377.07635
2012-08-24 15:00:00,280.0074
2012-08-24 16:00:00,280.0074
2012-08-24 17:00:00,277.01114
2012-08-24 18:00:00,257.64206
2012-08-24 19:00:00,253.84947
2012-08-24 20:00:00,245.54234
2012-08-24 21:00:00,240.68965
2012-08-24 22:00:00,215.60588
2012-08-24 23:00:00,210.82277
2012-08-25 00:00:00,223.79129
2012-08-25 01:00:00,203.17403
2012-08-25 02:00:00,151.13625
2012-08-25 03:00:00,147.19968
2012-08-25 04:00:00,180.74411
2012-08-25 05:00:00,149.5197
2012-08-25 06:00:00,130.43918
2012-08-25 07:00:00,133.01715
2012-08-25 08:00:00,165.33232
2012-08-25 09:00:00,193.39757
2012-08-25 10:00:00,231.55644
2012-08-25 11:00:00,276.41458
2012-08-25 12:00:00,312.99155
2012-08-25 13:00:00,377.2188
2012-08-25 14:00:00,212.66985
2012-08-25 15:00:00,163.72441
2012-08-25 16:00:00,169.2079
2012-08-25 17:00:00,171.79451
2012-08-25 18:00:00,204.89287
2012-08-25 19:00:00,142.0573
2012-08-25 20:00:00,103.50805
2012-08-25 21:00:00,132.51605
2012-08-25 22:00:00,132.51605
2012-08-25 23:00:00,112.7333
2012-08-26 00:00:00,106.08601
2012-08-26 01:00:00,83.35854
2012-08-26 02:00:00,116.27184
2012-08-26 03:00:00,114.0066
2012-08-26 04:00:00,118.54473
2012-08-26 05:00:00,83.35854
2012-08-26 06:00:00,101.433205
2012-08-26 07:00:00,83.35854
2012-08-26 08:00:00,180.3096
2012-08-26 09:00:00,177.72298
2012-08-26 10:00:00,265.16998
2012-08-26 11:00:00,266.63004
2012-08-26 12:00:00,200.62344
2012-08-26 13:00:00,174.95824
2012-08-26 14:00:00,49.28633
2012-08-26 15:00:00,88.463776
2012-08-26 16:00:00,88.463776
2012-08-26 17:00:00,94.74131
2012-08-26 18:00:00,120.51418
2012-08-26 19:00:00,120.810005
2012-08-26 20:00:00,72.01381
2012-08-26 21:00:00,68.55799
2012-08-26 22:00:00,48.481712
2012-08-26 23:00:00,58.29409
2012-08-27 00:00:00,72.91785
2012-08-27 01:00:00,61.494034
2012-08-27 02:00:00,65.07563
2012-08-27 03:00:00,61.49404
2012-08-27 04:00:00,72.91785
2012-08-27 05:00:00,65.76987
2012-08-27 06:00:00,65.76987
2012-08-27 07:00:00,72.41682
2012-08-27 08:00:00,93.46039
2012-08-27 09:00:00,99.13276
2012-08-27 10:00:00,228.8198
2012-08-27 11:00:00,293.7086
2012-08-27 12:00:00,239.22633
2012-08-27 13:00:00,313.77353
2012-08-27 14:00:00,339.43073
2012-08-27 15:00:00,364.60477
2012-08-27 16:00:00,357.66165
2012-08-27 17:00:00,388.80753
2012-08-27 18:00:00,344.4767
2012-08-27 19:00:00,287.71487
2012-08-27 20:00:00,281.97522
2012-08-27 21:00:00,239.76192
2012-08-27 22:00:00,169.78511
2012-08-27 23:00:00,164.28595
2012-08-28 00:00:00,181.34912
2012-08-28 01:00:00,145.8084
2012-08-28 02:00:00,171.94666
2012-08-28 03:00:00,83.36089
2012-08-28 04:00:00,110.477455
2012-08-28 05:00:00,151.6773
2012-08-28 06:00:00,135.32307
2012-08-28 07:00:00,154.4269
2012-08-28 08:00:00,153.34258
2012-08-28 09:00:00,198.1502
2012-08-28 10:00:00,307.81833
2012-08-28 11:00:00,342.6279
2012-08-28 12:00:00,382.74524
2012-08-28 13:00:00,406.10922
2012-08-28 14:00:00,408.00156
2012-08-28 15:00:00,409.74985
2012-08-28 16:00:00,421.76785
2012-08-28 17:00:00,445.25778
2012-08-28 18:00:00,434.58102
2012-08-28 19:00:00,342.7461
2012-08-28 20:00:00,278.0204
2012-08-28 21:00:00,274.3985
2012-08-28 22:00:00,195.04707
2012-08-28 23:00:00,172.11328
2012-08-29 00:00:00,131.08325
2012-08-29 01:00:00,163.1779
2012-08-29 02:00:00,110.033295
2012-08-29 03:00:00,99.0083
2012-08-29 04:00:00,150.85464
2012-08-29 05:00:00,136.76332
2012-08-29 06:00:00,136.76332
2012-08-29 07:00:00,169.16228
2012-08-29 08:00:00,231.63385
2012-08-29 09:00:00,280.2005
2012-08-29 10:00:00,293.6594
2012-08-29 11:00:00,291.84363
2012-08-29 12:00:00,377.41666
2012-08-29 13:00:00,340.79507
2012-08-29 14:00:00,399.40353
2012-08-29 15:00:00,425.1335
2012-08-29 16:00:00,441.42313
2012-08-29 17:00:00,439.82864
2012-08-29 18:00:00,380.5333
2012-08-29 19:00:00,277.4285
2012-08-29 20:00:00,172.11328
2012-08-29 21:00:00,215.69206
2012-08-29 22:00:00,178.36803
2012-08-29 23:00:00,168.33144
2012-08-30 00:00:00,130.70575
2012-08-30 01:00:00,142.78435
2012-08-30 02:00:00,106.631454
2012-08-30 03:00:00,106.631454
2012-08-30 04:00:00,106.631454
2012-08-30 05:00:00,106.631454
2012-08-30 06:00:00,77.29411
2012-08-30 07:00:00,110.63122
2012-08-30 08:00:00,141.56725
2012-08-30 09:00:00,186.7228
2012-08-30 10:00:00,212.13326
2012-08-30 11:00:00,399.40353
2012-08-30 12:00:00,346.78485
2012-08-30 13:00:00,301.75394
2012-08-30 14:00:00,308.99765
2012-08-30 15:00:00,376.13754
2012-08-30 16:00:00,388.5987
2012-08-30 17:00:00,408.1437
2012-08-30 18:00:00,409.0028
2012-08-30 19:00:00,308.99765
2012-08-30 20:00:00,298.41324
2012-08-30 21:00:00,261.6914
2012-08-30 22:00:00,162.59596
2012-08-30 23:00:00,199.75581
2012-08-31 00:00:00,155.43068
2012-08-31 01:00:00,155.43068
2012-08-31 02:00:00,83.36095
2012-08-31 03:00:00,72.016205
2012-08-31 04:00:00,64.980446
2012-08-31 05:00:00,76.36325
2012-08-31 06:00:00,138.94675
2012-08-31 07:00:00,125.18034
2012-08-31 08:00:00,197.97308
2012-08-31 09:00:00,207.28755
2012-08-31 10:00:00,273.9102
2012-08-31 11:00:00,402.2674
2012-08-31 12:00:00,390.57047
2012-08-31 13:00:00,404.63434
2012-08-31 14:00:00,367.79532
2012-08-31 15:00:00,386.08908
2012-08-31 16:00:00,372.74008
2012-08-31 17:00:00,372.8998
2012-08-31 18:00:00,386.45798
2012-08-31 19:00:00,346.44162
2012-08-31 20:00:00,346.44162
2012-08-31 21:00:00,316.46704
2012-08-31 22:00:00,316.46704
2012-08-31 23:00:00,266.77768
2012-09-20 00:00:00,150.5992
2012-09-20 01:00:00,96.90503
2012-09-20 02:00:00,95.71117
2012-09-20 03:00:00,85.0403
2012-09-20 04:00:00,85.84049
2012-09-20 05:00:00,85.84049
2012-09-20 06:00:00,85.0403
2012-09-20 07:00:00,74.77173
2012-09-20 08:00:00,109.836174
2012-09-20 09:00:00,188.85342
2012-09-20 10:00:00,211.10887
2012-09-20 11:00:00,256.83817
2012-09-20 12:00:00,289.4836
2012-09-20 13:00:00,289.3146
2012-09-20 14:00:00,266.03915
2012-09-20 15:00:00,278.46594
2012-09-20 16:00:00,258.79544
2012-09-20 17:00:00,247.93712
2012-09-20 18:00:00,248.35628
2012-09-20 19:00:00,203.48247
2012-09-20 20:00:00,161.2577
2012-09-20 21:00:00,162.81693
2012-09-20 22:00:00,94.658516
2012-09-20 23:00:00,120.98019
2012-09-21 00:00:00,120.77986
2012-09-21 01:00:00,93.339775
2012-09-21 02:00:00,93.339775
2012-09-21 03:00:00,84.63205
2012-09-21 04:00:00,84.29228
2012-09-21 05:00:00,76.07205
2012-09-21 06:00:00,84.63205
2012-09-21 07:00:00,84.03823
2012-09-21 08:00:00,97.38985
2012-09-21 09:00:00,132.4674
2012-09-21 10:00:00,227.83147
2012-09-21 11:00:00,249.93568
2012-09-21 12:00:00,250.33208
2012-09-21 13:00:00,268.72137
2012-09-21 14:00:00,303.30118
2012-09-21 15:00:00,286.165
2012-09-21 16:00:00,277.42856
2012-09-21 17:00:00,285.21933
2012-09-21 18:00:00,257.78476
2012-09-21 19:00:00,215.9546
2012-09-21 20:00:00,176.93703
2012-09-21 21:00:00,161.20546
2012-09-21 22:00:00,136.76332
2012-09-21 23:00:00,180.42079
2012-09-22 00:00:00,146.75847
2012-09-22 01:00:00,77.07885
2012-09-22 02:00:00,60.39878
2012-09-22 03:00:00,72.74764
2012-09-22 04:00:00,72.74764
2012-09-22 05:00:00,77.5083
2012-09-22 06:00:00,73.65468
2012-09-22 07:00:00,87.10148
2012-09-22 08:00:00,150.59126
2012-09-22 09:00:00,169.9373
2012-09-22 10:00:00,213.7379
2012-09-22 11:00:00,286.27554
2012-09-22 12:00:00,357.24878
2012-09-22 13:00:00,426.1782
2012-09-22 14:00:00,456.33627
2012-09-22 15:00:00,467.26382
2012-09-22 16:00:00,416.26654
2012-09-22 17:00:00,416.26654
2012-09-22 18:00:00,352.34326
2012-09-22 19:00:00,284.37616
2012-09-22 20:00:00,327.17078
2012-09-22 21:00:00,236.42723
2012-09-22 22:00:00,223.1927
2012-09-22 23:00:00,315.58212
2012-09-23 00:00:00,490.28262
2012-09-23 01:00:00,291.97464
2012-09-23 02:00:00,339.07288
2012-09-23 03:00:00,239.02615
2012-09-23 04:00:00,243.31197
2012-09-23 05:00:00,214.95956
2012-09-23 06:00:00,185.61194
2012-09-23 07:00:00,222.02322
2012-09-23 08:00:00,224.87514
2012-09-23 09:00:00,266.60855
2012-09-23 10:00:00,385.71188
2012-09-23 11:00:00,394.47122
2012-09-23 12:00:00,414.71732
2012-09-23 13:00:00,478.89328
2012-09-23 14:00:00,478.36536
2012-09-23 15:00:00,507.17398
2012-09-23 16:00:00,505.3228
2012-09-23 17:00:00,458.22186
2012-09-23 18:00:00,433.7108
2012-09-23 19:00:00,390.26242
2012-09-23 20:00:00,390.26242
2012-09-23 21:00:00,315.19357
2012-09-23 22:00:00,357.9653
2012-09-23 23:00:00,290.40747
2012-09-24 00:00:00,241.9664
2012-09-24 01:00:00,234.82872
2012-09-24 02:00:00,269.42157
2012-09-24 03:00:00,249.03004
2012-09-24 04:00:00,226.45135
2012-09-24 05:00:00,271.83466
2012-09-24 06:00:00,290.57028
2012-09-24 07:00:00,234.82872
2012-09-24 08:00:00,305.94553
2012-09-24 09:00:00,311.4791
2012-09-24 10:00:00,316.0105
2012-09-24 11:00:00,373.58987
2012-09-24 12:00:00,383.4739
2012-09-24 13:00:00,442.83987
2012-09-24 14:00:00,464.0787
2012-09-24 15:00:00,448.12784
2012-09-24 16:00:00,428.2439
2012-09-24 17:00:00,432.7382
2012-09-24 18:00:00,359.49075
2012-09-24 19:00:00,333.64722
2012-09-24 20:00:00,314.47888
2012-09-24 21:00:00,306.9628
2012-09-24 22:00:00,303.95972
2012-09-24 23:00:00,256.11743
2012-09-25 00:00:00,227.74135
2012-09-25 01:00:00,190.94984
2012-09-25 02:00:00,155.81746
2012-09-25 03:00:00,187.59448
2012-09-25 04:00:00,185.14429
2012-09-25 05:00:00,151.6265
2012-09-25 06:00:00,167.95293
2012-09-25 07:00:00,169.75551
2012-09-25 08:00:00,234.07475
2012-09-25 09:00:00,316.73306
2012-09-25 10:00:00,320.5268
2012-09-25 11:00:00,354.82495
2012-09-25 12:00:00,385.66678
2012-09-25 13:00:00,375.70065
2012-09-25 14:00:00,434.29352
2012-09-25 15:00:00,451.89648
2012-09-25 16:00:00,434.8232
2012-09-25 17:00:00,435.08716
2012-09-25 18:00:00,411.43457
2012-09-25 19:00:00,345.12277
2012-09-25 20:00:00,329.46634
2012-09-25 21:00:00,329.46634
2012-09-25 22:00:00,329.96576
2012-09-25 23:00:00,328.4642
2012-09-26 00:00:00,292.22446
2012-09-26 01:00:00,285.13712
2012-09-26 02:00:00,309.0604
2012-09-26 03:00:00,309.0604
2012-09-26 04:00:00,227.50055
2012-09-26 05:00:00,226.63312
2012-09-26 06:00:00,220.37378
2012-09-26 07:00:00,184.79936
2012-09-26 08:00:00,228.80464
2012-09-26 09:00:00,306.47745
2012-09-26 10:00:00,235.12532
2012-09-26 11:00:00,332.60287
2012-09-26 12:00:00,328.86148
2012-09-26 13:00:00,337.81607
2012-09-26 14:00:00,439.1559
2012-09-26 15:00:00,438.892
2012-09-26 16:00:00,456.7589
2012-09-26 17:00:00,438.892
2012-09-26 18:00:00,440.21353
2012-09-26 19:00:00,353.6003
2012-09-26 20:00:00,285.08902
2012-09-26 21:00:00,309.98364
2012-09-26 22:00:00,244.53079
2012-09-26 23:00:00,197.86728
2012-09-27 00:00:00,189.48192
2012-09-27 01:00:00,189.48192
2012-09-27 02:00:00,189.48192
2012-09-27 03:00:00,187.49821
2012-09-27 04:00:00,102.28766
2012-09-27 05:00:00,141.35747
2012-09-27 06:00:00,115.28847
2012-09-27 07:00:00,187.4982
2012-09-27 08:00:00,252.72134
2012-09-27 09:00:00,268.46313
2012-09-27 10:00:00,347.53732
2012-09-27 11:00:00,335.28543
2012-09-27 12:00:00,378.2313
2012-09-27 13:00:00,345.58588
2012-09-27 14:00:00,416.45978
2012-09-27 15:00:00,394.67993
2012-09-27 16:00:00,334.94077
2012-09-27 17:00:00,292.76883
2012-09-27 18:00:00,278.42725
2012-09-27 19:00:00,296.98087
2012-09-27 20:00:00,279.6758
2012-09-27 21:00:00,183.49095
2012-09-27 22:00:00,183.49095
2012-09-27 23:00:00,164.2634
2012-09-28 00:00:00,134.61594
2012-09-28 01:00:00,128.64987
2012-09-28 02:00:00,161.20273
2012-09-28 03:00:00,153.37924
2012-09-28 04:00:00,121.58383
2012-09-28 05:00:00,107.45977
2012-09-28 06:00:00,104.415726
2012-09-28 07:00:00,102.851654
2012-09-28 08:00:00,148.76155
2012-09-28 09:00:00,157.88762
2012-09-28 10:00:00,207.16835
2012-09-28 11:00:00,229.32307
2012-09-28 12:00:00,333.44604
2012-09-28 13:00:00,345.74155
2012-09-28 14:00:00,333.44604
2012-09-28 15:00:00,340.13242
2012-09-28 16:00:00,334.8784
2012-09-28 17:00:00,333.36163
2012-09-28 18:00:00,327.45468
2012-09-28 19:00:00,301.14822
2012-09-28 20:00:00,283.00757
2012-09-28 21:00:00,289.54312
2012-09-28 22:00:00,311.66046
2012-09-28 23:00:00,307.12903
2012-09-29 00:00:00,270.27332
2012-09-29 01:00:00,270.27332
2012-09-29 02:00:00,304.86612
2012-09-29 03:00:00,282.58984
2012-09-29 04:00:00,255.13483
2012-09-29 05:00:00,234.59996
2012-09-29 06:00:00,220.44893
2012-09-29 07:00:00,184.95639
2012-09-29 08:00:00,192.62422
2012-09-29 09:00:00,234.59996
2012-09-29 10:00:00,284.49838
2012-09-29 11:00:00,330.20782
2012-09-29 12:00:00,471.886
2012-09-29 13:00:00,471.886
2012-09-29 14:00:00,465.57245
2012-09-29 15:00:00,447.96945
2012-09-29 16:00:00,472.67966
2012-09-29 17:00:00,475.45657
2012-09-29 18:00:00,395.52878
2012-09-29 19:00:00,297.63815
2012-09-29 20:00:00,290.57452
2012-09-29 21:00:00,304.72556
2012-09-29 22:00:00,255.81465
2012-09-29 23:00:00,280.63522
2012-09-30 00:00:00,291.02
2012-09-30 01:00:00,291.02
2012-09-30 02:00:00,251.26332
2012-09-30 03:00:00,211.27968
2012-09-30 04:00:00,211.27968
2012-09-30 05:00:00,163.4918
2012-09-30 06:00:00,167.4652
2012-09-30 07:00:00,129.38904
2012-09-30 08:00:00,219.834
2012-09-30 09:00:00,265.01828
2012-09-30 10:00:00,410.6946
2012-09-30 11:00:00,448.49738
2012-09-30 12:00:00,471.886
2012-09-30 13:00:00,472.67966
2012-09-30 14:00:00,472.67966
2012-09-30 15:00:00,514.9928
2012-09-30 16:00:00,515.52075
2012-09-30 17:00:00,507.356
2012-09-30 18:00:00,209.12617
2012-09-30 19:00:00,192.34215
2012-09-30 20:00:00,192.34215
2012-09-30 21:00:00,213.937
2012-09-30 22:00:00,174.31923
2012-09-30 23:00:00,176.376
2012-10-20 00:00:00,131.24904
2012-10-20 01:00:00,177.37444
2012-10-20 02:00:00,147.22845
2012-10-20 03:00:00,151.93306
2012-10-20 04:00:00,163.4918
2012-10-20 05:00:00,105.12435
2012-10-20 06:00:00,166.63403
2012-10-20 07:00:00,105.12435
2012-10-20 08:00:00,200.68419
2012-10-20 09:00:00,270.03973
2012-10-20 10:00:00,320.69208
2012-10-20 11:00:00,321.68634
2012-10-20 12:00:00,397.1143
2012-10-20 13:00:00,413.6597
2012-10-20 14:00:00,434.1715
2012-10-20 15:00:00,416.5685
2012-10-20 16:00:00,402.78522
2012-10-20 17:00:00,433.18112
2012-10-20 18:00:00,406.80783
2012-10-20 19:00:00,358.55118
2012-10-20 20:00:00,392.1699
2012-10-20 21:00:00,291.8449
2012-10-20 22:00:00,279.5216
2012-10-20 23:00:00,253.63948
2012-10-21 00:00:00,249.40405
2012-10-21 01:00:00,200.56721
2012-10-21 02:00:00,180.04846
2012-10-21 03:00:00,163.0455
2012-10-21 04:00:00,128.54181
2012-10-21 05:00:00,163.0455
2012-10-21 06:00:00,218.96971
2012-10-21 07:00:00,218.96971
2012-10-21 08:00:00,200.8314
2012-10-21 09:00:00,257.46295
2012-10-21 10:00:00,307.39792
2012-10-21 11:00:00,368.2897
2012-10-21 12:00:00,419.5945
2012-10-21 13:00:00,447.28018
2012-10-21 14:00:00,460.07306
2012-10-21 15:00:00,457.6922
2012-10-21 16:00:00,433.18112
2012-10-21 17:00:00,406.27994
2012-10-21 18:00:00,407.33752
2012-10-21 19:00:00,375.62448
2012-10-21 20:00:00,348.73428
2012-10-21 21:00:00,236.00691
2012-10-21 22:00:00,274.9282
2012-10-21 23:00:00,288.32532
2012-10-22 00:00:00,240.9078
2012-10-22 01:00:00,179.94528
2012-10-22 02:00:00,167.3661
2012-10-22 03:00:00,240.9078
2012-10-22 04:00:00,201.23415
2012-10-22 05:00:00,137.63686
2012-10-22 06:00:00,126.63932
2012-10-22 07:00:00,196.32277
2012-10-22 08:00:00,232.17953
2012-10-22 09:00:00,266.71292
2012-10-22 10:00:00,306.30423
2012-10-22 11:00:00,374.11777
2012-10-22 12:00:00,403.39984
2012-10-22 13:00:00,469.92917
2012-10-22 14:00:00,479.48453
2012-10-22 15:00:00,482.90405
2012-10-22 16:00:00,446.45853
2012-10-22 17:00:00,447.51614
2012-10-22 18:00:00,295.281
2012-10-22 19:00:00,314.47885
2012-10-22 20:00:00,309.9289
2012-10-22 21:00:00,252.40791
2012-10-22 22:00:00,143.74713
2012-10-22 23:00:00,138.65991
2012-10-23 00:00:00,122.15203
2012-10-23 01:00:00,171.10094
2012-10-23 02:00:00,115.86487
2012-10-23 03:00:00,164.15817
2012-10-23 04:00:00,153.02348
2012-10-23 05:00:00,157.18295
2012-10-23 06:00:00,129.93253
2012-10-23 07:00:00,161.08171
2012-10-23 08:00:00,209.06131
2012-10-23 09:00:00,220.25981
2012-10-23 10:00:00,297.94046
2012-10-23 11:00:00,296.23837
2012-10-23 12:00:00,321.37128
2012-10-23 13:00:00,337.20966
2012-10-23 14:00:00,440.10495
2012-10-23 15:00:00,439.0474
2012-10-23 16:00:00,423.82352
2012-10-23 17:00:00,443.01376
2012-10-23 18:00:00,319.74405
2012-10-23 19:00:00,306.13992
2012-10-23 20:00:00,306.8445
2012-10-23 21:00:00,264.19052
2012-10-23 22:00:00,266.50412
2012-10-23 23:00:00,218.33698
2012-10-24 00:00:00,218.00711
2012-10-24 01:00:00,258.77014
2012-10-24 02:00:00,258.7701
2012-10-24 03:00:00,172.99562
2012-10-24 04:00:00,172.99559
2012-10-24 05:00:00,128.26521
2012-10-24 06:00:00,139.82852
2012-10-24 07:00:00,112.00888
2012-10-24 08:00:00,136.64253
2012-10-24 09:00:00,182.1776
2012-10-24 10:00:00,219.39928
2012-10-24 11:00:00,282.08878
2012-10-24 12:00:00,297.9647
2012-10-24 13:00:00,305.26392
2012-10-24 14:00:00,439.2157
2012-10-24 15:00:00,465.87277
2012-10-24 16:00:00,463.46484
2012-10-24 17:00:00,379.27768
2012-10-24 18:00:00,410.77283
2012-10-24 19:00:00,299.31226
2012-10-24 20:00:00,273.35248
2012-10-24 21:00:00,276.62024
2012-10-24 22:00:00,268.8748
2012-10-24 23:00:00,262.76556
2012-10-25 00:00:00,262.33926
2012-10-25 01:00:00,268.7067
2012-10-25 02:00:00,181.82605
2012-10-25 03:00:00,121.013725
2012-10-25 04:00:00,118.902054
2012-10-25 05:00:00,125.12616
2012-10-25 06:00:00,131.02554
2012-10-25 07:00:00,131.02554
2012-10-25 08:00:00,148.46107
2012-10-25 09:00:00,154.36044
2012-10-25 10:00:00,143.58815
2012-10-25 11:00:00,137.6888
2012-10-25 12:00:00,184.77126
2012-10-25 13:00:00,182.07295
2012-10-25 14:00:00,231.20523
2012-10-25 15:00:00,294.07434
2012-10-25 16:00:00,266.06915
2012-10-25 17:00:00,266.06915
2012-10-25 18:00:00,140.08159
2012-10-25 19:00:00,154.17746
2012-10-25 20:00:00,121.013725
2012-10-25 21:00:00,121.013725
2012-10-25 22:00:00,135.92424
2012-10-25 23:00:00,143.58818
2012-10-26 00:00:00,185.20192
2012-10-26 01:00:00,117.708176
2012-10-26 02:00:00,118.902054
2012-10-26 03:00:00,125.12616
2012-10-26 04:00:00,125.12616
2012-10-26 05:00:00,118.902054
2012-10-26 06:00:00,117.708176
2012-10-26 07:00:00,118.902054
2012-10-26 08:00:00,121.089775
2012-10-26 09:00:00,121.089775
2012-10-26 10:00:00,118.89168
2012-10-26 11:00:00,186.50905
2012-10-26 12:00:00,235.77657
2012-10-26 13:00:00,272.56885
2012-10-26 14:00:00,268.8748
2012-10-26 15:00:00,276.62024
2012-10-26 16:00:00,234.90912
2012-10-26 17:00:00,204.58618
2012-10-26 18:00:00,185.63873
2012-10-26 19:00:00,149.50735
2012-10-26 20:00:00,149.50735
2012-10-26 21:00:00,188.85454
2012-10-26 22:00:00,142.54192
2012-10-26 23:00:00,147.92162
2012-10-27 00:00:00,106.901085
2012-10-27 01:00:00,107.99298
2012-10-27 02:00:00,119.81153
2012-10-27 03:00:00,112.00538
2012-10-27 04:00:00,113.912155
2012-10-27 05:00:00,147.81345
2012-10-27 06:00:00,147.81345
2012-10-27 07:00:00,138.90242
2012-10-27 08:00:00,179.78304
2012-10-27 09:00:00,179.78304
2012-10-27 10:00:00,203.83784
2012-10-27 11:00:00,248.21468
2012-10-27 12:00:00,389.29282
2012-10-27 13:00:00,447.96945
2012-10-27 14:00:00,430.36655
2012-10-27 15:00:00,282.80743
2012-10-27 16:00:00,261.5187
2012-10-27 17:00:00,261.5187
2012-10-27 18:00:00,261.5187
2012-10-27 19:00:00,201.44878
2012-10-27 20:00:00,201.44878
2012-10-27 21:00:00,201.44878
2012-10-27 22:00:00,207.34816
2012-10-27 23:00:00,206.41716
2012-10-28 00:00:00,224.37593
2012-10-28 01:00:00,198.937
2012-10-28 02:00:00,203.45839
2012-10-28 03:00:00,216.04651
2012-10-28 04:00:00,208.98282
2012-10-28 05:00:00,223.13383
2012-10-28 06:00:00,237.33519
2012-10-28 07:00:00,244.42253
2012-10-28 08:00:00,198.62027
2012-10-28 09:00:00,237.40921
2012-10-28 10:00:00,245.31685
2012-10-28 11:00:00,265.76157
2012-10-28 12:00:00,193.63832
2012-10-28 13:00:00,202.73943
2012-10-28 14:00:00,209.03313
2012-10-28 15:00:00,197.15326
2012-10-28 16:00:00,196.44551
2012-10-28 17:00:00,169.46465
2012-10-28 18:00:00,129.85013
2012-10-28 19:00:00,123.2866
2012-10-28 20:00:00,131.88185
2012-10-28 21:00:00,152.30971
2012-10-28 22:00:00,152.3348
2012-10-28 23:00:00,123.2866
2012-10-29 00:00:00,162.50249
2012-10-30 13:00:00,104.21543
2012-10-30 14:00:00,104.21543
2012-10-30 15:00:00,109.82098
2012-10-30 16:00:00,109.82098
2012-10-30 17:00:00,113.520164
2012-10-30 18:00:00,130.1849
2012-10-30 19:00:00,255.43774
2012-10-30 20:00:00,108.504326
2012-10-30 21:00:00,126.51691
2012-10-30 22:00:00,98.751755
2012-10-30 23:00:00,98.751755
2012-10-31 00:00:00,120.727615
2012-10-31 01:00:00,122.57722
2012-10-31 02:00:00,116.46993
2012-10-31 03:00:00,120.727615
2012-10-31 04:00:00,110.15464
2012-10-31 05:00:00,116.46993
2012-10-31 06:00:00,99.88205
2012-10-31 07:00:00,122.87965
2012-10-31 08:00:00,103.12866
2012-10-31 09:00:00,119.83273
2012-10-31 10:00:00,128.95355
2012-10-31 11:00:00,160.43132
2012-10-31 12:00:00,228.41806
2012-10-31 13:00:00,277.28918
2012-10-31 14:00:00,260.7294
2012-10-31 15:00:00,270.1515
2012-10-31 16:00:00,261.713
2012-10-31 17:00:00,248.78581
2012-10-31 18:00:00,248.78581
2012-10-31 19:00:00,255.4526
2012-10-31 20:00:00,255.4526
2012-10-31 21:00:00,255.4526
2012-10-31 22:00:00,216.26518
2012-10-31 23:00:00,229.27663
2012-11-20 00:00:00,127.055626
2012-11-20 01:00:00,164.46411
2012-11-20 02:00:00,133.64734
2012-11-20 03:00:00,151.15733
2012-11-20 04:00:00,154.12158
2012-11-20 05:00:00,168.2726
2012-11-20 06:00:00,142.2134
2012-11-20 07:00:00,109.97548
2012-11-20 08:00:00,132.40196
2012-11-20 09:00:00,188.13934
2012-11-20 10:00:00,223.89128
2012-11-20 11:00:00,231.95012
2012-11-20 12:00:00,238.71259
2012-11-20 13:00:00,276.47247
2012-11-20 14:00:00,272.96994
2012-11-20 15:00:00,278.51108
2012-11-20 16:00:00,258.56104
2012-11-20 17:00:00,179.5975
2012-11-20 18:00:00,223.89128
2012-11-20 19:00:00,198.90419
2012-11-20 20:00:00,150.50409
2012-11-20 21:00:00,154.80547
2012-11-20 22:00:00,154.80547
2012-11-20 23:00:00,102.002144
2012-11-21 00:00:00,104.43066
2012-11-21 01:00:00,102.002144
2012-11-21 02:00:00,89.57196
2012-11-21 03:00:00,89.57196
2012-11-21 04:00:00,89.57196
2012-11-21 05:00:00,89.57196
2012-11-21 06:00:00,92.38431
2012-11-21 07:00:00,88.88265
2012-11-21 08:00:00,118.3636
2012-11-21 09:00:00,109.97552
2012-11-21 10:00:00,215.76799
2012-11-21 11:00:00,270.9955
2012-11-21 12:00:00,283.67358
2012-11-21 13:00:00,297.00082
2012-11-21 14:00:00,323.8928
2012-11-21 15:00:00,308.13922
2012-11-21 16:00:00,310.3234
2012-11-21 17:00:00,271.87625
2012-11-21 18:00:00,279.66428
2012-11-21 19:00:00,265.34387
2012-11-21 20:00:00,191.075
2012-11-21 21:00:00,267.2886
2012-11-21 22:00:00,260.77136
2012-11-21 23:00:00,197.40184
2012-11-22 00:00:00,143.22824
2012-11-22 01:00:00,121.772255
2012-11-22 02:00:00,80.39974
2012-11-22 03:00:00,79.383896
2012-11-22 04:00:00,67.95527
2012-11-22 05:00:00,79.383896
2012-11-22 06:00:00,95.35766
2012-11-22 07:00:00,66.580025
2012-11-22 08:00:00,75.01525
2012-11-22 09:00:00,158.82368
2012-11-22 10:00:00,214.37416
2012-11-22 11:00:00,306.2463
2012-11-22 12:00:00,357.67752
2012-11-22 13:00:00,395.77512
2012-11-22 14:00:00,422.1484
2012-11-22 15:00:00,422.1484
2012-11-22 16:00:00,384.0399
2012-11-22 17:00:00,357.67752
2012-11-22 18:00:00,302.59985
2012-11-22 19:00:00,125.43202
2012-11-22 20:00:00,153.13914
2012-11-22 21:00:00,183.23618
2012-11-22 22:00:00,193.50946
2012-11-22 23:00:00,132.2128
2012-11-23 00:00:00,145.16759
2012-11-23 01:00:00,94.47126
2012-11-23 02:00:00,97.07929
2012-11-23 03:00:00,104.7145
2012-11-23 04:00:00,93.26566
2012-11-23 05:00:00,88.26449
2012-11-23 06:00:00,88.26449
2012-11-23 07:00:00,88.26449
2012-11-23 08:00:00,83.13275
2012-11-23 09:00:00,100.233284
2012-11-23 10:00:00,174.49205
2012-11-23 11:00:00,270.9955
2012-11-23 12:00:00,280.9349
2012-11-23 13:00:00,292.96722
2012-11-23 14:00:00,334.49704
2012-11-23 15:00:00,294.22284
2012-11-23 16:00:00,281.33966
2012-11-23 17:00:00,281.34723
2012-11-23 18:00:00,279.30856
2012-11-23 19:00:00,274.54282
2012-11-23 20:00:00,293.45166
2012-11-23 21:00:00,289.42703
2012-11-23 22:00:00,303.44815
2012-11-23 23:00:00,268.15796
2012-11-24 00:00:00,298.06104
2012-11-24 01:00:00,156.3862
2012-11-24 02:00:00,130.6537
2012-11-24 03:00:00,155.79906
2012-11-24 04:00:00,116.31571
2012-11-24 05:00:00,147.04968
2012-11-24 06:00:00,128.30528
2012-11-24 07:00:00,160.35371
2012-11-24 08:00:00,110.12141
2012-11-24 09:00:00,129.61974
2012-11-24 10:00:00,151.47461
2012-11-24 11:00:00,183.25415
2012-11-24 12:00:00,146.54324
2012-11-24 13:00:00,226.60396
2012-11-24 14:00:00,225.98666
2012-11-24 15:00:00,171.0208
2012-11-24 16:00:00,148.09525
2012-11-24 17:00:00,132.89865
2012-11-24 18:00:00,148.86519
2012-11-24 19:00:00,167.1722
2012-11-24 20:00:00,128.30525
2012-11-24 21:00:00,151.9756
2012-11-24 22:00:00,137.82457
2012-11-24 23:00:00,151.9756
2012-11-25 00:00:00,108.46095
2012-11-25 01:00:00,141.01048
2012-11-25 02:00:00,97.24137
2012-11-25 03:00:00,194.2592
2012-11-25 04:00:00,194.2592
2012-11-25 05:00:00,145.41167
2012-11-25 06:00:00,161.97865
2012-11-25 07:00:00,140.68996
2012-11-25 08:00:00,117.059326
2012-11-25 09:00:00,136.90361
2012-11-25 10:00:00,116.5359
2012-11-25 11:00:00,189.97185
2012-11-25 12:00:00,189.97185
2012-11-25 13:00:00,204.12291
2012-11-25 14:00:00,204.36418
2012-11-25 15:00:00,191.06012
2012-11-25 16:00:00,214.0903
2012-11-25 17:00:00,204.19987
2012-11-25 18:00:00,174.85228
2012-11-25 19:00:00,237.0039
2012-11-25 20:00:00,122.501495
2012-11-25 21:00:00,199.74867
2012-11-25 22:00:00,122.501495
2012-11-25 23:00:00,75.30654
2012-11-26 00:00:00,97.38069
2012-11-26 01:00:00,91.467094
2012-11-26 02:00:00,91.467094
2012-11-26 03:00:00,91.467094
2012-11-26 04:00:00,97.38069
2012-11-26 05:00:00,84.9786
2012-11-26 06:00:00,97.38069
2012-11-26 07:00:00,121.27978
2012-11-26 08:00:00,121.27978
2012-11-26 09:00:00,181.04253
2012-11-26 10:00:00,254.49242
2012-11-26 11:00:00,266.63724
2012-11-26 12:00:00,284.47797
2012-11-26 13:00:00,284.47797
2012-11-26 14:00:00,286.3292
2012-11-26 15:00:00,284.7419
2012-11-26 16:00:00,330.30548
2012-11-26 17:00:00,303.9322
2012-11-26 18:00:00,246.43309
2012-11-26 19:00:00,260.83865
2012-11-26 20:00:00,260.77136
2012-11-26 21:00:00,260.77136
2012-11-26 22:00:00,197.40184
2012-11-26 23:00:00,164.37117
2012-11-27 00:00:00,167.903
2012-11-27 01:00:00,138.9056
2012-11-27 02:00:00,134.54553
2012-11-27 03:00:00,150.75558
2012-11-27 04:00:00,117.747246
2012-11-27 05:00:00,104.792755
2012-11-27 06:00:00,112.75837
2012-11-27 07:00:00,124.13903
2012-11-27 08:00:00,131.1681
2012-11-27 09:00:00,123.67821
2012-11-27 10:00:00,129.13637
2012-11-27 11:00:00,103.70132
2012-11-27 12:00:00,88.36895
2012-11-27 13:00:00,105.60732
2012-11-27 14:00:00,92.08058
2012-11-27 15:00:00,104.74156
2012-11-27 16:00:00,104.74156
2012-11-27 17:00:00,98.63276
2012-11-27 18:00:00,71.507515
2012-11-27 19:00:00,79.87734
2012-11-27 20:00:00,73.55641
2012-11-27 21:00:00,76.55427
2012-11-27 22:00:00,88.53756
2012-11-27 23:00:00,92.11146
2012-11-28 00:00:00,90.46113
2012-11-28 01:00:00,94.718864
2012-11-28 02:00:00,94.718864
2012-11-28 03:00:00,100.96635
2012-11-28 04:00:00,103.00489
2012-11-28 05:00:00,109.39669
2012-11-28 06:00:00,107.887886
2012-11-28 07:00:00,151.37117
2012-11-28 08:00:00,85.163124
2012-11-28 09:00:00,172.73682
2012-11-28 10:00:00,228.16301
2012-11-28 11:00:00,246.26582
2012-11-28 12:00:00,217.69327
2012-11-28 13:00:00,254.84486
2012-11-28 14:00:00,258.2742
2012-11-28 15:00:00,255.30475
2012-11-28 16:00:00,268.17072
2012-11-28 17:00:00,254.14076
2012-11-28 18:00:00,244.50201
2012-11-28 19:00:00,248.08928
2012-11-28 20:00:00,247.94667
2012-11-28 21:00:00,242.55568
2012-11-28 22:00:00,217.05568
2012-11-28 23:00:00,197.21147
2012-11-29 00:00:00,151.84843
2012-11-29 01:00:00,99.48612
2012-11-29 02:00:00,119.8595
2012-11-29 04:00:00,85.73477
2012-11-29 05:00:00,91.467094
2012-11-29 06:00:00,97.38069
2012-11-29 07:00:00,113.94596
2012-11-29 08:00:00,88.73426
2012-11-29 09:00:00,153.89586
2012-11-29 10:00:00,133.14294
2012-11-29 11:00:00,258.88446
2012-11-29 12:00:00,261.6232
2012-11-29 13:00:00,272.28818
2012-11-29 14:00:00,260.36
2012-11-29 15:00:00,252.95432
2012-11-29 16:00:00,259.62222
2012-11-29 17:00:00,254.1071
2012-11-29 18:00:00,224.97713
2012-11-29 19:00:00,186.1339
2012-11-29 20:00:00,195.61351
2012-11-29 21:00:00,106.734474
2012-11-29 22:00:00,102.153336
2012-11-29 23:00:00,172.26201
2012-11-30 00:00:00,93.67724
2012-11-30 01:00:00,97.77649
2012-11-30 02:00:00,91.10145
2012-11-30 03:00:00,91.10145
2012-11-30 04:00:00,87.61468
2012-11-30 05:00:00,82.20982
2012-11-30 06:00:00,86.100105
2012-11-30 07:00:00,85.38159
2012-11-30 08:00:00,105.45498
2012-11-30 09:00:00,92.7024
2012-11-30 10:00:00,183.49843
2012-11-30 11:00:00,242.01274
2012-11-30 12:00:00,254.69987
2012-11-30 13:00:00,253.99228
2012-11-30 14:00:00,255.99326
2012-11-30 15:00:00,261.7803
2012-11-30 16:00:00,273.61612
2012-11-30 17:00:00,239.3694
2012-11-30 18:00:00,231.56532
2012-11-30 19:00:00,163.53378
2012-11-30 20:00:00,163.53378
2012-11-30 21:00:00,104.32658
2012-11-30 22:00:00,101.5499
2012-11-30 23:00:00,125.97944
2012-12-20 00:00:00,170.61432
2012-12-20 01:00:00,163.53378
2012-12-20 02:00:00,163.53378
2012-12-20 03:00:00,133.23322
2012-12-20 04:00:00,133.23322
2012-12-20 05:00:00,131.88513
2012-12-20 06:00:00,183.49843
2012-12-20 07:00:00,156.88756
2012-12-20 08:00:00,156.88756
2012-12-20 09:00:00,156.88756
2012-12-20 10:00:00,189.1414
2012-12-20 11:00:00,192.51788
2012-12-20 12:00:00,243.77061
2012-12-20 13:00:00,215.41826
2012-12-20 14:00:00,236.70699
2012-12-20 15:00:00,202.0212
2012-12-20 16:00:00,186.60442
2012-12-20 17:00:00,154.12158
2012-12-20 18:00:00,140.18167
2012-12-20 19:00:00,145.63985
2012-12-20 20:00:00,147.14183
2012-12-20 21:00:00,147.14183
2012-12-20 22:00:00,129.88274
2012-12-20 23:00:00,161.52547
2012-12-21 00:00:00,84.97048
2012-12-21 01:00:00,86.74836
2012-12-21 02:00:00,92.64535
2012-12-21 03:00:00,92.64535
2012-12-21 04:00:00,75.206795
2012-12-21 05:00:00,59.007233
2012-12-21 06:00:00,130.9659
2012-12-21 07:00:00,82.76956
2012-12-21 08:00:00,78.7268
2012-12-21 09:00:00,140.5868
2012-12-21 10:00:00,141.28197
2012-12-21 11:00:00,156.25102
2012-12-21 12:00:00,164.49287
2012-12-21 13:00:00,160.40834
2012-12-21 14:00:00,157.44142
2012-12-21 15:00:00,149.2358
2012-12-21 16:00:00,157.47768
2012-12-21 17:00:00,77.48279
2012-12-21 18:00:00,74.78304
2012-12-21 19:00:00,99.717674
2012-12-21 20:00:00,108.34991
2012-12-21 21:00:00,116.421135
2012-12-21 22:00:00,97.77135
2012-12-21 23:00:00,96.13576
2012-12-22 00:00:00,87.69837
2012-12-22 01:00:00,97.010185
2012-12-22 02:00:00,91.90621
2012-12-22 03:00:00,91.46711
2012-12-22 04:00:00,56.46382
2012-12-22 05:00:00,95.83117
2012-12-22 06:00:00,101.37425
2012-12-22 07:00:00,101.37425
2012-12-22 08:00:00,85.51994
2012-12-22 09:00:00,93.01789
2012-12-22 10:00:00,77.924706
2012-12-22 11:00:00,120.973274
2012-12-22 12:00:00,111.00707
2012-12-22 13:00:00,139.73596
2012-12-22 14:00:00,138.64676
2012-12-22 15:00:00,129.31544
2012-12-22 16:00:00,126.65337
2012-12-22 17:00:00,106.96531
2012-12-22 18:00:00,95.99076
2012-12-22 19:00:00,81.31201
2012-12-22 20:00:00,50.727043
2012-12-22 21:00:00,53.148956
2012-12-22 22:00:00,53.148956
2012-12-22 23:00:00,46.04493
2012-12-23 00:00:00,64.78241
2012-12-23 01:00:00,53.565643
2012-12-23 02:00:00,41.615417
2012-12-23 03:00:00,38.915665
2012-12-23 04:00:00,46.43638
2012-12-23 05:00:00,61.109802
2012-12-23 06:00:00,40.10961
2012-12-23 07:00:00,40.10961
2012-12-23 08:00:00,34.77465
2012-12-23 09:00:00,41.07437
2012-12-23 10:00:00,37.35282
2012-12-23 11:00:00,44.917343
2012-12-23 12:00:00,88.87175
2012-12-23 13:00:00,111.11399
2012-12-23 14:00:00,164.8179
2012-12-23 15:00:00,133.40982
2012-12-23 16:00:00,138.57439
2012-12-23 17:00:00,85.17962
2012-12-23 18:00:00,82.17298
2012-12-23 19:00:00,103.51626
2012-12-23 20:00:00,63.7538
2012-12-23 21:00:00,55.590775
2012-12-23 22:00:00,52.779114
2012-12-23 23:00:00,64.58998
2012-12-24 00:00:00,73.51249
2012-12-24 01:00:00,73.51248
2012-12-24 02:00:00,64.44957
2012-12-24 03:00:00,64.44957
2012-12-24 05:00:00,54.35959
2012-12-24 06:00:00,64.44957
2012-12-24 07:00:00,69.849045
2012-12-24 08:00:00,73.51248
2012-12-24 09:00:00,70.85692
2012-12-24 10:00:00,102.020164
2012-12-24 11:00:00,58.481636
2012-12-24 12:00:00,80.41679
2012-12-24 13:00:00,60.041573
2012-12-24 14:00:00,67.09424
2012-12-24 15:00:00,41.20642
2012-12-24 16:00:00,41.20642
2012-12-24 17:00:00,59.205727
2012-12-24 18:00:00,74.146935
2012-12-24 19:00:00,71.23218
2012-12-24 20:00:00,65.55638
2012-12-24 21:00:00,77.311615
2012-12-24 22:00:00,73.15911
2012-12-24 23:00:00,90.72184
2012-12-25 00:00:00,30.579683
2012-12-25 01:00:00,45.254044
2012-12-25 02:00:00,45.254044
2012-12-25 04:00:00,53.807632
2012-12-25 05:00:00,51.10183
2012-12-25 06:00:00,51.10183
2012-12-25 07:00:00,46.67047
2012-12-25 08:00:00,63.689163
2012-12-25 09:00:00,58.24357
2012-12-25 10:00:00,62.17829
2012-12-25 11:00:00,72.40447
2012-12-25 12:00:00,76.04923
2012-12-25 13:00:00,147.87709
2012-12-25 14:00:00,145.31549
2012-12-25 15:00:00,105.12234
2012-12-25 16:00:00,91.95751
2012-12-25 17:00:00,53.356544
2012-12-25 18:00:00,41.926094
2012-12-25 19:00:00,44.191345
2012-12-25 20:00:00,39.653214
2012-12-25 21:00:00,38.342865
2012-12-25 22:00:00,41.80043
2012-12-25 23:00:00,33.76551
2012-12-26 00:00:00,58.357033
2012-12-26 01:00:00,60.73757
2012-12-26 02:00:00,60.73757
2012-12-26 03:00:00,58.380928
2012-12-26 04:00:00,56.7343
2012-12-26 05:00:00,54.705963
2012-12-26 06:00:00,50.47071
2012-12-26 07:00:00,46.18431
2012-12-26 08:00:00,46.18431
2012-12-26 09:00:00,46.18431
2012-12-26 10:00:00,44.063133
2012-12-26 11:00:00,55.343117
2012-12-26 12:00:00,44.93817
2012-12-26 13:00:00,44.93817
2012-12-26 14:00:00,35.05475
2012-12-26 15:00:00,47.170197
2012-12-26 16:00:00,47.170197
2012-12-26 17:00:00,39.332176
2012-12-26 18:00:00,40.87297
2012-12-26 19:00:00,60.363014
2012-12-26 20:00:00,59.57222
2012-12-26 21:00:00,70.54055
2012-12-26 22:00:00,45.25966
2012-12-26 23:00:00,42.934944
2012-12-27 00:00:00,42.934944
2012-12-27 01:00:00,45.25966
2012-12-27 02:00:00,42.160873
2012-12-27 03:00:00,66.849236
2012-12-27 04:00:00,49.86419
2012-12-27 05:00:00,71.30779
2012-12-27 06:00:00,56.60293
2012-12-27 07:00:00,79.787056
2012-12-27 08:00:00,63.670433
2012-12-27 09:00:00,75.365364
2012-12-27 10:00:00,95.220566
2012-12-27 11:00:00,110.17737
2012-12-27 12:00:00,122.66579
2012-12-27 13:00:00,122.66579
2012-12-27 14:00:00,97.93219
2012-12-27 15:00:00,103.03617
2012-12-27 16:00:00,83.9904
2012-12-27 17:00:00,83.9904
2012-12-27 18:00:00,64.40203
2012-12-27 19:00:00,63.514015
2012-12-27 20:00:00,81.749886
2012-12-27 21:00:00,64.40203
2012-12-27 22:00:00,66.15202
2012-12-27 23:00:00,64.40203
2012-12-28 00:00:00,58.42144
2012-12-28 01:00:00,76.14086
2012-12-28 02:00:00,69.148796
2012-12-28 03:00:00,58.42144
2012-12-28 04:00:00,64.979675
2012-12-28 05:00:00,68.14436
2012-12-28 06:00:00,63.719955
2012-12-28 07:00:00,77.85419
2012-12-28 08:00:00,56.924477
2012-12-28 09:00:00,66.15202
2012-12-28 10:00:00,71.717636
2012-12-28 11:00:00,79.26612
2012-12-28 12:00:00,82.27788
2012-12-28 13:00:00,82.27788
2012-12-28 14:00:00,82.27788
2012-12-28 15:00:00,104.48604
2012-12-28 16:00:00,108.074554
2012-12-28 17:00:00,83.36668
2012-12-28 18:00:00,83.36668
2012-12-28 19:00:00,53.635094
2012-12-28 20:00:00,70.85692
2012-12-28 21:00:00,68.14356
2012-12-28 22:00:00,79.89885
2012-12-28 23:00:00,74.0216
2012-12-29 00:00:00,53.68509
2012-12-29 01:00:00,40.53174
2012-12-29 02:00:00,53.68509
2012-12-29 03:00:00,59.562332
2012-12-29 04:00:00,40.53174
2012-12-29 05:00:00,40.53174
2012-12-29 06:00:00,34.07998
2012-12-29 07:00:00,27.750599
2012-12-29 08:00:00,55.73764
2012-12-29 09:00:00,55.737602
2012-12-29 10:00:00,25.252214
2012-12-29 11:00:00,26.886845
2012-12-29 12:00:00,53.569138
2012-12-29 13:00:00,53.569138
2012-12-29 14:00:00,53.775368
2012-12-29 15:00:00,49.46055
2012-12-29 16:00:00,50.71202
2012-12-29 17:00:00,46.972855
2012-12-29 18:00:00,55.677467
2012-12-29 19:00:00,49.211067
2012-12-29 20:00:00,103.096596
2012-12-29 21:00:00,100.44545
2012-12-29 22:00:00,84.53735
2012-12-29 23:00:00,45.582626
2012-12-30 00:00:00,42.49106
2012-12-30 01:00:00,88.40649
2012-12-30 02:00:00,59.806526
2012-12-30 03:00:00,88.40649
2012-12-30 04:00:00,55.402252
2012-12-30 05:00:00,92.87362
2012-12-30 06:00:00,90.69657
2012-12-30 07:00:00,51.23649
2012-12-30 08:00:00,75.86579
2012-12-30 09:00:00,71.5445
2012-12-30 10:00:00,91.72556
2012-12-30 11:00:00,105.53156
2012-12-30 12:00:00,107.438095
2012-12-30 13:00:00,111.00707
2012-12-30 14:00:00,129.64616
2012-12-30 15:00:00,127.16945
2012-12-30 16:00:00,118.727684
2012-12-30 17:00:00,108.2465
2012-12-30 18:00:00,106.05374
2012-12-30 19:00:00,97.83475
2012-12-30 20:00:00,73.977234
2012-12-30 21:00:00,41.615417
2012-12-30 22:00:00,35.805725
2012-12-30 23:00:00,46.02619
2012-12-31 00:00:00,57.21486
2012-12-31 01:00:00,57.21486
2012-12-31 02:00:00,58.792137
2012-12-31 03:00:00,68.140915
2012-12-31 04:00:00,55.47834
2012-12-31 05:00:00,57.039436
2012-12-31 06:00:00,62.740562
2012-12-31 07:00:00,65.07638
2012-12-31 08:00:00,54.10907
2012-12-31 09:00:00,56.996407
2012-12-31 10:00:00,57.28016
2012-12-31 11:00:00,60.477768
2012-12-31 12:00:00,65.392136
2012-12-31 13:00:00,90.603035
2012-12-31 14:00:00,105.497055
2012-12-31 15:00:00,85.32335
2012-12-31 16:00:00,82.35479
2012-12-31 17:00:00,74.89413
2012-12-31 18:00:00,77.944016
2012-12-31 19:00:00,58.481636
2012-12-31 20:00:00,58.481636
2012-12-31 21:00:00,86.77311
2012-12-31 22:00:00,89.29753
2012-12-31 23:00:00,85.33479
